<?xml version="1.0" encoding="UTF-8"?>
<kml xmlns="http://www.opengis.net/kml/2.2" xmlns:gx="http://www.google.com/kml/ext/2.2" xmlns:kml="http://www.opengis.net/kml/2.2" xmlns:atom="http://www.w3.org/2005/Atom">
<Document>
	<name>BLOQUE SOJO Y LAS MARIPOSAS</name>
	<Schema name="S_BLOQUE_SOJO_Y_LAS_MARIPOSAS" id="S_BLOQUE_SOJO_Y_LAS_MARIPOSAS">
		<SimpleField type="double" name="AREA_HA"><displayName>&lt;b&gt;AREA_HA&lt;/b&gt;</displayName></SimpleField>
		<SimpleField type="string" name="NOM_LOC"><displayName>&lt;b&gt;NOM_LOC&lt;/b&gt;</displayName></SimpleField>
		<SimpleField type="string" name="NOM_PRE"><displayName>&lt;b&gt;NOM_PRE&lt;/b&gt;</displayName></SimpleField>
		<SimpleField type="string" name="NOM_BLO"><displayName>&lt;b&gt;NOM_BLO&lt;/b&gt;</displayName></SimpleField>
		<SimpleField type="string" name="CODCAT"><displayName>&lt;b&gt;CODCAT&lt;/b&gt;</displayName></SimpleField>
		<SimpleField type="string" name="USUARIO"><displayName>&lt;b&gt;USUARIO&lt;/b&gt;</displayName></SimpleField>
		<SimpleField type="string" name="AP_PAT_USU"><displayName>&lt;b&gt;AP_PAT_USU&lt;/b&gt;</displayName></SimpleField>
		<SimpleField type="string" name="AP_MAT_USU"><displayName>&lt;b&gt;AP_MAT_USU&lt;/b&gt;</displayName></SimpleField>
		<SimpleField type="string" name="NOM_USU"><displayName>&lt;b&gt;NOM_USU&lt;/b&gt;</displayName></SimpleField>
		<SimpleField type="string" name="TIPODOC"><displayName>&lt;b&gt;TIPODOC&lt;/b&gt;</displayName></SimpleField>
		<SimpleField type="string" name="NUM_DOC"><displayName>&lt;b&gt;NUM_DOC&lt;/b&gt;</displayName></SimpleField>
		<SimpleField type="string" name="DESC_LIC"><displayName>&lt;b&gt;DESC_LIC&lt;/b&gt;</displayName></SimpleField>
		<SimpleField type="double" name="PAR_AR_BR"><displayName>&lt;b&gt;PAR_AR_BR&lt;/b&gt;</displayName></SimpleField>
		<SimpleField type="string" name="RES_ADM"><displayName>&lt;b&gt;RES_ADM&lt;/b&gt;</displayName></SimpleField>
		<SimpleField type="string" name="TOMA"><displayName>&lt;b&gt;TOMA&lt;/b&gt;</displayName></SimpleField>
	</Schema>
	<Folder>
		<name>SOJO Y LAS MARIPOSAS</name>
		<Placemark>
			<name>40413</name>
			<visibility>0</visibility>
			<ExtendedData>
				<SchemaData schemaUrl="#S_BLOQUE_SOJO_Y_LAS_MARIPOSAS">
					<SimpleData name="AREA_HA">0.9319</SimpleData>
					<SimpleData name="NOM_LOC">SOJO</SimpleData>
					<SimpleData name="NOM_PRE">SOJO</SimpleData>
					<SimpleData name="NOM_BLO">SOJO Y LAS MARIPOSAS</SimpleData>
					<SimpleData name="CODCAT">40413</SimpleData>
					<SimpleData name="USUARIO">PRADO CASTILLO, SANTOS LUCIANO</SimpleData>
					<SimpleData name="AP_PAT_USU">PRADO</SimpleData>
					<SimpleData name="AP_MAT_USU">CASTILLO</SimpleData>
					<SimpleData name="NOM_USU">SANTOS LUCIANO</SimpleData>
					<SimpleData name="TIPODOC">DNI</SimpleData>
					<SimpleData name="NUM_DOC">03629563</SimpleData>
					<SimpleData name="DESC_LIC">G.R.PIURA-420010-AACH-ATDRCH</SimpleData>
					<SimpleData name="PAR_AR_BR">0.9319</SimpleData>
					<SimpleData name="RES_ADM">126-2006-G.R.PIURA-420010-AACH-ATDRCH</SimpleData>
					<SimpleData name="TOMA">SOJO Y LAS MARIPOSAS</SimpleData>
				</SchemaData>
			</ExtendedData>
			<Polygon>
				<outerBoundaryIs>
					<LinearRing>
						<coordinates>
							-80.83045869595102,-4.904976922779525,0 -80.83046220916772,-4.904994745481559,0 -80.83078074879555,-4.906581148262319,0 -80.83078264276614,-4.906581691528511,0 -80.8306450011077,-4.906595498723898,0 -80.83053342990111,-4.906593209389037,0 -80.83040471885916,-4.9066018621812,0 -80.83019167686322,-4.906603256689628,0 -80.83004934498456,-4.906617243527476,0 -80.82992531742278,-4.906652856300926,0 -80.83028018297207,-4.906139549274082,0 -80.83003583793121,-4.905069002681987,0 -80.83004630048914,-4.905069367150103,0 -80.83022263512861,-4.905057469475159,0 -80.83035081039938,-4.905025747708285,0 -80.83044056470143,-4.904985060231577,0 -80.83045869595102,-4.904976922779525,0 -80.83045869595102,-4.904976922779525,0
						</coordinates>
					</LinearRing>
				</outerBoundaryIs>
			</Polygon>
		</Placemark>
		<Placemark>
			<name>35936</name>
			<visibility>0</visibility>
			<ExtendedData>
				<SchemaData schemaUrl="#S_BLOQUE_SOJO_Y_LAS_MARIPOSAS">
					<SimpleData name="AREA_HA">0.4676</SimpleData>
					<SimpleData name="NOM_LOC">SOJO</SimpleData>
					<SimpleData name="NOM_PRE">SOJO</SimpleData>
					<SimpleData name="NOM_BLO">SOJO Y LAS MARIPOSAS</SimpleData>
					<SimpleData name="CODCAT">35936</SimpleData>
					<SimpleData name="USUARIO">DIOSES LEJABO, JOSE</SimpleData>
					<SimpleData name="AP_PAT_USU">DIOSES</SimpleData>
					<SimpleData name="AP_MAT_USU">LEJABO</SimpleData>
					<SimpleData name="NOM_USU">JOSE</SimpleData>
					<SimpleData name="TIPODOC">DNI</SimpleData>
					<SimpleData name="NUM_DOC">02628156</SimpleData>
					<SimpleData name="DESC_LIC">G.R.PIURA-420010-AACH-ATDRCH</SimpleData>
					<SimpleData name="PAR_AR_BR">0.4676</SimpleData>
					<SimpleData name="RES_ADM">126-2006-G.R.PIURA-420010-AACH-ATDRCH</SimpleData>
					<SimpleData name="TOMA">SOJO Y LAS MARIPOSAS</SimpleData>
				</SchemaData>
			</ExtendedData>
			<Polygon>
				<outerBoundaryIs>
					<LinearRing>
						<coordinates>
							-80.82349970053541,-4.896133905213898,0 -80.82345170099956,-4.896197490511844,0 -80.82342625722977,-4.896232765732488,0 -80.82341885892791,-4.896242081833259,0 -80.82339225069283,-4.896245965003945,0 -80.82335617175994,-4.896251112252492,0 -80.82320951067658,-4.896272876680092,0 -80.82305130065306,-4.896310560124936,0 -80.82288731593519,-4.896357017250104,0 -80.8227268460119,-4.896414150248796,0 -80.82261797433817,-4.896443071167475,0 -80.8225109977113,-4.896468192982804,0 -80.82244758800307,-4.896480932239193,0 -80.8222243455501,-4.896528007066729,0 -80.82220197620856,-4.896532705486982,0 -80.82220314896516,-4.896531801130772,0 -80.82223283164893,-4.896497612655621,0 -80.82223292191313,-4.896497341280739,0 -80.82230698284577,-4.896452398872984,0 -80.82239042801409,-4.896391717788986,0 -80.82250156761425,-4.896312136464975,0 -80.82259358440024,-4.896238973254066,0 -80.82270788568592,-4.896140213894855,0 -80.82315220134242,-4.895711790911086,0 -80.82319440136753,-4.895753597177994,0 -80.8232626611765,-4.895819836034894,0 -80.82333560845993,-4.895896298769317,0 -80.82343434364603,-4.896002350581769,0 -80.82349826290984,-4.896112554835472,0 -80.82349970053541,-4.896133905213898,0 -80.82349970053541,-4.896133905213898,0
						</coordinates>
					</LinearRing>
				</outerBoundaryIs>
			</Polygon>
		</Placemark>
		<Placemark>
			<name>35935</name>
			<visibility>0</visibility>
			<ExtendedData>
				<SchemaData schemaUrl="#S_BLOQUE_SOJO_Y_LAS_MARIPOSAS">
					<SimpleData name="AREA_HA">0.6711</SimpleData>
					<SimpleData name="NOM_LOC">SOJO</SimpleData>
					<SimpleData name="NOM_PRE">SOJO</SimpleData>
					<SimpleData name="NOM_BLO">SOJO Y LAS MARIPOSAS</SimpleData>
					<SimpleData name="CODCAT">35935</SimpleData>
					<SimpleData name="USUARIO">DIOSES LEJABO, JOSE</SimpleData>
					<SimpleData name="AP_PAT_USU">DIOSES</SimpleData>
					<SimpleData name="AP_MAT_USU">LEJABO</SimpleData>
					<SimpleData name="NOM_USU">JOSE</SimpleData>
					<SimpleData name="TIPODOC">DNI</SimpleData>
					<SimpleData name="NUM_DOC">02628156</SimpleData>
					<SimpleData name="DESC_LIC">G.R.PIURA-420010-AACH-ATDRCH</SimpleData>
					<SimpleData name="PAR_AR_BR">0.6711</SimpleData>
					<SimpleData name="RES_ADM">126-2006-G.R.PIURA-420010-AACH-ATDRCH</SimpleData>
					<SimpleData name="TOMA">SOJO Y LAS MARIPOSAS</SimpleData>
				</SchemaData>
			</ExtendedData>
			<Polygon>
				<outerBoundaryIs>
					<LinearRing>
						<coordinates>
							-80.82411149408578,-4.895398844580257,0 -80.82407486071429,-4.895456100221985,0 -80.82401188443838,-4.895537865405468,0 -80.82393303368939,-4.895620893020971,0 -80.82387980678102,-4.895669640561115,0 -80.82379103322823,-4.895758274502962,0 -80.82373536482608,-4.895831356791682,0 -80.8236840276936,-4.895896750570734,0 -80.82362601292554,-4.895974898347644,0 -80.82355807357862,-4.896065618350294,0 -80.82351431658375,-4.896115906226557,0 -80.8235120652851,-4.89610206432709,0 -80.82349503354544,-4.89604389020699,0 -80.82347150447504,-4.895998831998205,0 -80.82337655896346,-4.895886810405303,0 -80.82330000893734,-4.89579080605941,0 -80.82319938012542,-4.895683215814497,0 -80.8231334644249,-4.895620686669416,0 -80.8238967802419,-4.894898511581964,0 -80.82390047480895,-4.894911720589413,0 -80.82390894138433,-4.894957227236782,0 -80.82393219595674,-4.895017574137938,0 -80.82396221532785,-4.895076927652163,0 -80.82401451354015,-4.895132577786942,0 -80.8240688849944,-4.895193023156512,0 -80.82410648353985,-4.895241160813333,0 -80.82412099016346,-4.895298248677388,0 -80.82411962358701,-4.895351713813407,0 -80.82411149408578,-4.895398844580257,0 -80.82411149408578,-4.895398844580257,0
						</coordinates>
					</LinearRing>
				</outerBoundaryIs>
			</Polygon>
		</Placemark>
		<Placemark>
			<name>31981</name>
			<visibility>0</visibility>
			<ExtendedData>
				<SchemaData schemaUrl="#S_BLOQUE_SOJO_Y_LAS_MARIPOSAS">
					<SimpleData name="AREA_HA">0.2427</SimpleData>
					<SimpleData name="NOM_LOC">SOJO</SimpleData>
					<SimpleData name="NOM_PRE">EL PRADO</SimpleData>
					<SimpleData name="NOM_BLO">SOJO Y LAS MARIPOSAS</SimpleData>
					<SimpleData name="CODCAT">31981</SimpleData>
					<SimpleData name="USUARIO">MARIÑAS ZAPATA, JOSE RAUL</SimpleData>
					<SimpleData name="AP_PAT_USU">MARIÑAS</SimpleData>
					<SimpleData name="AP_MAT_USU">ZAPATA</SimpleData>
					<SimpleData name="NOM_USU">JOSE RAUL</SimpleData>
					<SimpleData name="TIPODOC">DNI</SimpleData>
					<SimpleData name="NUM_DOC">03631097</SimpleData>
					<SimpleData name="DESC_LIC">G.R.PIURA-420010-AACH-ATDRCH</SimpleData>
					<SimpleData name="PAR_AR_BR">0.2427</SimpleData>
					<SimpleData name="RES_ADM">126-2006-G.R.PIURA-420010-AACH-ATDRCH</SimpleData>
					<SimpleData name="TOMA">SOJO Y LAS MARIPOSAS</SimpleData>
				</SchemaData>
			</ExtendedData>
			<Polygon>
				<outerBoundaryIs>
					<LinearRing>
						<coordinates>
							-80.81992408284262,-4.893595126574162,0 -80.81989909479636,-4.8936119466915,0 -80.81934051708353,-4.893987324187967,0 -80.81932112741079,-4.893979810376175,0 -80.81920848884695,-4.893928938640551,0 -80.81913571493321,-4.893881786544823,0 -80.81919490087185,-4.89380997210265,0 -80.81926419435969,-4.893715815195499,0 -80.81933420650206,-4.893632604870448,0 -80.81940547860657,-4.893559798473737,0 -80.81947341137077,-4.893495223603985,0 -80.81953105338587,-4.89346366614458,0 -80.81958724368502,-4.893464947498702,0 -80.81971630398932,-4.893490854850146,0 -80.81980450049609,-4.893540001202494,0 -80.81990325078603,-4.893584898415762,0 -80.81992408284262,-4.893595126574162,0 -80.81992408284262,-4.893595126574162,0
						</coordinates>
					</LinearRing>
				</outerBoundaryIs>
			</Polygon>
		</Placemark>
		<Placemark>
			<name>31982</name>
			<visibility>0</visibility>
			<ExtendedData>
				<SchemaData schemaUrl="#S_BLOQUE_SOJO_Y_LAS_MARIPOSAS">
					<SimpleData name="AREA_HA">0.0713</SimpleData>
					<SimpleData name="NOM_LOC">SOJO</SimpleData>
					<SimpleData name="NOM_PRE">EL PRADO</SimpleData>
					<SimpleData name="NOM_BLO">SOJO Y LAS MARIPOSAS</SimpleData>
					<SimpleData name="CODCAT">31982</SimpleData>
					<SimpleData name="USUARIO">MARIÑAS ZAPATA, JOSE RAUL</SimpleData>
					<SimpleData name="AP_PAT_USU">MARIÑAS</SimpleData>
					<SimpleData name="AP_MAT_USU">ZAPATA</SimpleData>
					<SimpleData name="NOM_USU">JOSE RAUL</SimpleData>
					<SimpleData name="TIPODOC">DNI</SimpleData>
					<SimpleData name="NUM_DOC">03631097</SimpleData>
					<SimpleData name="DESC_LIC">G.R.PIURA-420010-AACH-ATDRCH</SimpleData>
					<SimpleData name="PAR_AR_BR">0.0713</SimpleData>
					<SimpleData name="RES_ADM">126-2006-G.R.PIURA-420010-AACH-ATDRCH</SimpleData>
					<SimpleData name="TOMA">SOJO Y LAS MARIPOSAS</SimpleData>
				</SchemaData>
			</ExtendedData>
			<Polygon>
				<outerBoundaryIs>
					<LinearRing>
						<coordinates>
							-80.81932337555165,-4.894005322415495,0 -80.8189823782181,-4.894252747502835,0 -80.81894728613999,-4.894278249653945,0 -80.81895750110868,-4.894190590693635,0 -80.81898594039484,-4.894083214945422,0 -80.81902131530195,-4.894011122816774,0 -80.81909981066143,-4.89390909781261,0 -80.81926836326572,-4.893982962743642,0 -80.81932337555165,-4.894005322415495,0 -80.81932337555165,-4.894005322415495,0
						</coordinates>
					</LinearRing>
				</outerBoundaryIs>
			</Polygon>
		</Placemark>
		<Placemark>
			<name>31886</name>
			<visibility>0</visibility>
			<ExtendedData>
				<SchemaData schemaUrl="#S_BLOQUE_SOJO_Y_LAS_MARIPOSAS">
					<SimpleData name="AREA_HA">0.089</SimpleData>
					<SimpleData name="NOM_LOC">SOJO</SimpleData>
					<SimpleData name="NOM_PRE">EL PRADO</SimpleData>
					<SimpleData name="NOM_BLO">SOJO Y LAS MARIPOSAS</SimpleData>
					<SimpleData name="CODCAT">31886</SimpleData>
					<SimpleData name="USUARIO">ZAPATA PEÑA, JOSE MARIA</SimpleData>
					<SimpleData name="AP_PAT_USU">ZAPATA</SimpleData>
					<SimpleData name="AP_MAT_USU">PEÑA</SimpleData>
					<SimpleData name="NOM_USU">JOSE MARIA</SimpleData>
					<SimpleData name="TIPODOC">DNI</SimpleData>
					<SimpleData name="NUM_DOC">03631096</SimpleData>
					<SimpleData name="DESC_LIC">G.R.PIURA-420010-AACH-ATDRCH</SimpleData>
					<SimpleData name="PAR_AR_BR">0.089</SimpleData>
					<SimpleData name="RES_ADM">126-2006-G.R.PIURA-420010-AACH-ATDRCH</SimpleData>
					<SimpleData name="TOMA">SOJO Y LAS MARIPOSAS</SimpleData>
				</SchemaData>
			</ExtendedData>
			<Polygon>
				<outerBoundaryIs>
					<LinearRing>
						<coordinates>
							-80.81701272247342,-4.892915676768464,0 -80.8168638133675,-4.893252713611358,0 -80.8168539763638,-4.893274875172144,0 -80.81672131743269,-4.89321540338409,0 -80.81672835735388,-4.893197312050259,0 -80.8168955096195,-4.89277008541515,0 -80.81690552796424,-4.892744305257302,0 -80.81697938832058,-4.892774902579418,0 -80.81697812142247,-4.89279064334327,0 -80.81697666785405,-4.892829995711594,0 -80.81697620376615,-4.892879299616773,0 -80.81700776295979,-4.892911423533839,0 -80.81701037787454,-4.892914047750942,0 -80.81701272247342,-4.892915676768464,0 -80.81701272247342,-4.892915676768464,0
						</coordinates>
					</LinearRing>
				</outerBoundaryIs>
			</Polygon>
		</Placemark>
		<Placemark>
			<name>31914</name>
			<visibility>0</visibility>
			<ExtendedData>
				<SchemaData schemaUrl="#S_BLOQUE_SOJO_Y_LAS_MARIPOSAS">
					<SimpleData name="AREA_HA">0.1186</SimpleData>
					<SimpleData name="NOM_LOC">SOJO</SimpleData>
					<SimpleData name="NOM_PRE">EL PRADO</SimpleData>
					<SimpleData name="NOM_BLO">SOJO Y LAS MARIPOSAS</SimpleData>
					<SimpleData name="CODCAT">31914</SimpleData>
					<SimpleData name="USUARIO">ZAPATA CHORRES, ULPIANO</SimpleData>
					<SimpleData name="AP_PAT_USU">ZAPATA</SimpleData>
					<SimpleData name="AP_MAT_USU">CHORRES</SimpleData>
					<SimpleData name="NOM_USU">ULPIANO</SimpleData>
					<SimpleData name="TIPODOC">DNI</SimpleData>
					<SimpleData name="NUM_DOC">03631148</SimpleData>
					<SimpleData name="DESC_LIC">G.R.PIURA-420010-AACH-ATDRCH</SimpleData>
					<SimpleData name="PAR_AR_BR">0.1186</SimpleData>
					<SimpleData name="RES_ADM">126-2006-G.R.PIURA-420010-AACH-ATDRCH</SimpleData>
					<SimpleData name="TOMA">SOJO Y LAS MARIPOSAS</SimpleData>
				</SchemaData>
			</ExtendedData>
			<Polygon>
				<outerBoundaryIs>
					<LinearRing>
						<coordinates>
							-80.81667220615202,-4.89203435517328,0 -80.81647815852381,-4.892528157599349,0 -80.8163202471933,-4.892462708195014,0 -80.81655625569697,-4.891890754358221,0 -80.81663172630645,-4.891970565711028,0 -80.81665498699654,-4.892005130002697,0 -80.81667220615202,-4.89203435517328,0 -80.81667220615202,-4.89203435517328,0
						</coordinates>
					</LinearRing>
				</outerBoundaryIs>
			</Polygon>
		</Placemark>
		<Placemark>
			<name>31879</name>
			<visibility>0</visibility>
			<ExtendedData>
				<SchemaData schemaUrl="#S_BLOQUE_SOJO_Y_LAS_MARIPOSAS">
					<SimpleData name="AREA_HA">0.8981</SimpleData>
					<SimpleData name="NOM_LOC">SOJO</SimpleData>
					<SimpleData name="NOM_PRE">EL PRADO</SimpleData>
					<SimpleData name="NOM_BLO">SOJO Y LAS MARIPOSAS</SimpleData>
					<SimpleData name="CODCAT">31879</SimpleData>
					<SimpleData name="USUARIO">ZAPATA PEÑA, JOSE MARIA</SimpleData>
					<SimpleData name="AP_PAT_USU">ZAPATA</SimpleData>
					<SimpleData name="AP_MAT_USU">PEÑA</SimpleData>
					<SimpleData name="NOM_USU">JOSE MARIA</SimpleData>
					<SimpleData name="TIPODOC">DNI</SimpleData>
					<SimpleData name="NUM_DOC">03631096</SimpleData>
					<SimpleData name="DESC_LIC">G.R.PIURA-420010-AACH-ATDRCH</SimpleData>
					<SimpleData name="PAR_AR_BR">0.8981</SimpleData>
					<SimpleData name="RES_ADM">126-2006-G.R.PIURA-420010-AACH-ATDRCH</SimpleData>
					<SimpleData name="TOMA">SOJO Y LAS MARIPOSAS</SimpleData>
				</SchemaData>
			</ExtendedData>
			<Polygon>
				<outerBoundaryIs>
					<LinearRing>
						<coordinates>
							-80.81684639359692,-4.893299298989433,0 -80.81519779458554,-4.897139593241073,0 -80.81518795722296,-4.897162659431351,0 -80.81509930703579,-4.897123192219432,0 -80.81502562861579,-4.897085447907337,0 -80.81669371407315,-4.893230865686748,0 -80.81684639359692,-4.893299298989433,0 -80.81684639359692,-4.893299298989433,0
						</coordinates>
					</LinearRing>
				</outerBoundaryIs>
			</Polygon>
		</Placemark>
		<Placemark>
			<name>31892</name>
			<visibility>0</visibility>
			<ExtendedData>
				<SchemaData schemaUrl="#S_BLOQUE_SOJO_Y_LAS_MARIPOSAS">
					<SimpleData name="AREA_HA">1.0621</SimpleData>
					<SimpleData name="NOM_LOC">SOJO</SimpleData>
					<SimpleData name="NOM_PRE">EL PRADO</SimpleData>
					<SimpleData name="NOM_BLO">SOJO Y LAS MARIPOSAS</SimpleData>
					<SimpleData name="CODCAT">31892</SimpleData>
					<SimpleData name="USUARIO">ZAPATA CHORRES, ULPIANO</SimpleData>
					<SimpleData name="AP_PAT_USU">ZAPATA</SimpleData>
					<SimpleData name="AP_MAT_USU">CHORRES</SimpleData>
					<SimpleData name="NOM_USU">ULPIANO</SimpleData>
					<SimpleData name="TIPODOC">DNI</SimpleData>
					<SimpleData name="NUM_DOC">03631148</SimpleData>
					<SimpleData name="DESC_LIC">G.R.PIURA-420010-AACH-ATDRCH</SimpleData>
					<SimpleData name="PAR_AR_BR">1.0621</SimpleData>
					<SimpleData name="RES_ADM">126-2006-G.R.PIURA-420010-AACH-ATDRCH</SimpleData>
					<SimpleData name="TOMA">SOJO Y LAS MARIPOSAS</SimpleData>
				</SchemaData>
			</ExtendedData>
			<Polygon>
				<outerBoundaryIs>
					<LinearRing>
						<coordinates>
							-80.8164818456427,-4.892568687405201,0 -80.81627905362177,-4.893044936982616,0 -80.81466526799043,-4.896881620572666,0 -80.81457590222934,-4.896820260306578,0 -80.81450637778246,-4.896764061985741,0 -80.81631545705721,-4.892499707545617,0 -80.8164818456427,-4.892568687405201,0 -80.8164818456427,-4.892568687405201,0
						</coordinates>
					</LinearRing>
				</outerBoundaryIs>
			</Polygon>
		</Placemark>
		<Placemark>
			<name>35990</name>
			<visibility>0</visibility>
			<ExtendedData>
				<SchemaData schemaUrl="#S_BLOQUE_SOJO_Y_LAS_MARIPOSAS">
					<SimpleData name="AREA_HA">2.7951</SimpleData>
					<SimpleData name="NOM_LOC">SOJO</SimpleData>
					<SimpleData name="NOM_PRE">SOJO (P)</SimpleData>
					<SimpleData name="NOM_BLO">SOJO Y LAS MARIPOSAS</SimpleData>
					<SimpleData name="CODCAT">35990</SimpleData>
					<SimpleData name="USUARIO">COLMENARES PEÑA, JUAN HUMBERTO</SimpleData>
					<SimpleData name="AP_PAT_USU">COLMENARES</SimpleData>
					<SimpleData name="AP_MAT_USU">PEÑA</SimpleData>
					<SimpleData name="NOM_USU">JUAN HUMBERTO</SimpleData>
					<SimpleData name="TIPODOC">DNI</SimpleData>
					<SimpleData name="NUM_DOC">03648273</SimpleData>
					<SimpleData name="DESC_LIC">G.R.PIURA-420010-AACH-ATDRCH</SimpleData>
					<SimpleData name="PAR_AR_BR">2.7951</SimpleData>
					<SimpleData name="RES_ADM">126-2006-G.R.PIURA-420010-AACH-ATDRCH</SimpleData>
					<SimpleData name="TOMA">SOJO Y LAS MARIPOSAS</SimpleData>
				</SchemaData>
			</ExtendedData>
			<Polygon>
				<outerBoundaryIs>
					<LinearRing>
						<coordinates>
							-80.82453435345636,-4.904113645778181,0 -80.82383844245709,-4.904331580337241,0 -80.82380624020377,-4.904341704229884,0 -80.82378541075188,-4.904319806053533,0 -80.8236578894164,-4.904263141333336,0 -80.82354002048884,-4.904200598787813,0 -80.82338373418074,-4.90411588208522,0 -80.82324576156303,-4.904015428986921,0 -80.82310977558529,-4.903906020231325,0 -80.82303134000448,-4.903773647981005,0 -80.82297599391026,-4.903643091032873,0 -80.82289358959547,-4.903511531933198,0 -80.82281939349856,-4.903378256098529,0 -80.82274212113451,-4.903282432426812,0 -80.8226484338491,-4.903184523761577,0 -80.82255798439873,-4.903122259572632,0 -80.82244949293867,-4.903071751273589,0 -80.82227625041307,-4.902986939447088,0 -80.82215865990061,-4.902895538052434,0 -80.82205594820236,-4.902817167636218,0 -80.82198705381792,-4.902761151153046,0 -80.82191968935645,-4.902718252647757,0 -80.82182320784922,-4.902614100982166,0 -80.82170688707417,-4.902496193273769,0 -80.82166919394254,-4.902464158426234,0 -80.8216326636953,-4.90212200606583,0 -80.82414601065325,-4.903263707157556,0 -80.82414059513337,-4.903278632671862,0 -80.82453399286092,-4.904112921956538,0 -80.82453435345636,-4.904113645778181,0 -80.82453435345636,-4.904113645778181,0
						</coordinates>
					</LinearRing>
				</outerBoundaryIs>
			</Polygon>
		</Placemark>
		<Placemark>
			<name>35991</name>
			<visibility>0</visibility>
			<ExtendedData>
				<SchemaData schemaUrl="#S_BLOQUE_SOJO_Y_LAS_MARIPOSAS">
					<SimpleData name="AREA_HA">0.5812</SimpleData>
					<SimpleData name="NOM_LOC">SOJO</SimpleData>
					<SimpleData name="NOM_PRE">SOJO (P)</SimpleData>
					<SimpleData name="NOM_BLO">SOJO Y LAS MARIPOSAS</SimpleData>
					<SimpleData name="CODCAT">35991</SimpleData>
					<SimpleData name="USUARIO">CHINCHAY CHORRES, LEONOR ISABEL</SimpleData>
					<SimpleData name="AP_PAT_USU">CHINCHAY</SimpleData>
					<SimpleData name="AP_MAT_USU">CHORRES</SimpleData>
					<SimpleData name="NOM_USU">LEONOR ISABEL</SimpleData>
					<SimpleData name="TIPODOC">DNI</SimpleData>
					<SimpleData name="NUM_DOC">03629678</SimpleData>
					<SimpleData name="DESC_LIC">G.R.PIURA-420010-AACH-ATDRCH</SimpleData>
					<SimpleData name="PAR_AR_BR">0.5812</SimpleData>
					<SimpleData name="RES_ADM">126-2006-G.R.PIURA-420010-AACH-ATDRCH</SimpleData>
					<SimpleData name="TOMA">SOJO Y LAS MARIPOSAS</SimpleData>
				</SchemaData>
			</ExtendedData>
			<Polygon>
				<outerBoundaryIs>
					<LinearRing>
						<coordinates>
							-80.82463177241526,-4.904081283941711,0 -80.82468607447105,-4.904063204665794,0 -80.82471770329582,-4.90417937128192,0 -80.82478982689517,-4.904306675623788,0 -80.8249396925401,-4.904458244819203,0 -80.82432066508379,-4.904882100457551,0 -80.82380624020377,-4.904341704229884,0 -80.82383844245709,-4.904331580337241,0 -80.82453435345636,-4.904113645778181,0 -80.82454301290072,-4.904110843554328,0 -80.82463177241526,-4.904081283941711,0 -80.82463177241526,-4.904081283941711,0
						</coordinates>
					</LinearRing>
				</outerBoundaryIs>
			</Polygon>
		</Placemark>
		<Placemark>
			<name>35989</name>
			<visibility>0</visibility>
			<ExtendedData>
				<SchemaData schemaUrl="#S_BLOQUE_SOJO_Y_LAS_MARIPOSAS">
					<SimpleData name="AREA_HA">0.2022</SimpleData>
					<SimpleData name="NOM_LOC">SOJO</SimpleData>
					<SimpleData name="NOM_PRE">SOJO (P)</SimpleData>
					<SimpleData name="NOM_BLO">SOJO Y LAS MARIPOSAS</SimpleData>
					<SimpleData name="CODCAT">35989</SimpleData>
					<SimpleData name="USUARIO">COLMENARES PEÑA, JUAN HUMBERTO</SimpleData>
					<SimpleData name="AP_PAT_USU">COLMENARES</SimpleData>
					<SimpleData name="AP_MAT_USU">PEÑA</SimpleData>
					<SimpleData name="NOM_USU">JUAN HUMBERTO</SimpleData>
					<SimpleData name="TIPODOC">DNI</SimpleData>
					<SimpleData name="NUM_DOC">03648273</SimpleData>
					<SimpleData name="DESC_LIC">G.R.PIURA-420010-AACH-ATDRCH</SimpleData>
					<SimpleData name="PAR_AR_BR">0.2022</SimpleData>
					<SimpleData name="RES_ADM">126-2006-G.R.PIURA-420010-AACH-ATDRCH</SimpleData>
					<SimpleData name="TOMA">SOJO Y LAS MARIPOSAS</SimpleData>
				</SchemaData>
			</ExtendedData>
			<Polygon>
				<outerBoundaryIs>
					<LinearRing>
						<coordinates>
							-80.82463177241526,-4.904081283941711,0 -80.82454301290072,-4.904110843554328,0 -80.8241626933869,-4.903276738575162,0 -80.8241632349273,-4.903275291256756,0 -80.8246138909076,-4.903464481358602,0 -80.82460756358201,-4.903518035675183,0 -80.82459283645197,-4.903617273223063,0 -80.82458685587812,-4.903725740561593,0 -80.8245832195873,-4.903837284349939,0 -80.82459319842796,-4.903965748800196,0 -80.82463177241526,-4.904081283941711,0 -80.82463177241526,-4.904081283941711,0
						</coordinates>
					</LinearRing>
				</outerBoundaryIs>
			</Polygon>
		</Placemark>
		<Placemark>
			<name>35988</name>
			<visibility>0</visibility>
			<ExtendedData>
				<SchemaData schemaUrl="#S_BLOQUE_SOJO_Y_LAS_MARIPOSAS">
					<SimpleData name="AREA_HA">0.1155</SimpleData>
					<SimpleData name="NOM_LOC">SOJO</SimpleData>
					<SimpleData name="NOM_PRE">SOJO (P)</SimpleData>
					<SimpleData name="NOM_BLO">SOJO Y LAS MARIPOSAS</SimpleData>
					<SimpleData name="CODCAT">35988</SimpleData>
					<SimpleData name="USUARIO">ALCAS DIOSES, LUIS</SimpleData>
					<SimpleData name="AP_PAT_USU">ALCAS</SimpleData>
					<SimpleData name="AP_MAT_USU">DIOSES</SimpleData>
					<SimpleData name="NOM_USU">LUIS</SimpleData>
					<SimpleData name="TIPODOC">DNI</SimpleData>
					<SimpleData name="NUM_DOC">03628927</SimpleData>
					<SimpleData name="DESC_LIC">G.R.PIURA-420010-AACH-ATDRCH</SimpleData>
					<SimpleData name="PAR_AR_BR">0.1155</SimpleData>
					<SimpleData name="RES_ADM">126-2006-G.R.PIURA-420010-AACH-ATDRCH</SimpleData>
					<SimpleData name="TOMA">SOJO Y LAS MARIPOSAS</SimpleData>
				</SchemaData>
			</ExtendedData>
			<Polygon>
				<outerBoundaryIs>
					<LinearRing>
						<coordinates>
							-80.82467941861012,-4.903283746882856,0 -80.82467896678089,-4.903287094013249,0 -80.82461949530929,-4.90341626435713,0 -80.8246138909076,-4.903464481358602,0 -80.8241632349273,-4.903275291256756,0 -80.82422903421673,-4.903091028719249,0 -80.82465714287702,-4.903274242220079,0 -80.82467941861012,-4.903283746882856,0 -80.82467941861012,-4.903283746882856,0
						</coordinates>
					</LinearRing>
				</outerBoundaryIs>
			</Polygon>
		</Placemark>
		<Placemark>
			<name>35985</name>
			<visibility>0</visibility>
			<ExtendedData>
				<SchemaData schemaUrl="#S_BLOQUE_SOJO_Y_LAS_MARIPOSAS">
					<SimpleData name="AREA_HA">0.1209</SimpleData>
					<SimpleData name="NOM_LOC">SOJO</SimpleData>
					<SimpleData name="NOM_PRE">SOJO (P)</SimpleData>
					<SimpleData name="NOM_BLO">SOJO Y LAS MARIPOSAS</SimpleData>
					<SimpleData name="CODCAT">35985</SimpleData>
					<SimpleData name="USUARIO">PACHERRES RAMOS, INOCENTE</SimpleData>
					<SimpleData name="AP_PAT_USU">PACHERRES</SimpleData>
					<SimpleData name="AP_MAT_USU">RAMOS</SimpleData>
					<SimpleData name="NOM_USU">INOCENTE</SimpleData>
					<SimpleData name="TIPODOC">DNI</SimpleData>
					<SimpleData name="NUM_DOC">03628935</SimpleData>
					<SimpleData name="DESC_LIC">G.R.PIURA-420010-AACH-ATDRCH</SimpleData>
					<SimpleData name="PAR_AR_BR">0.1209</SimpleData>
					<SimpleData name="RES_ADM">126-2006-G.R.PIURA-420010-AACH-ATDRCH</SimpleData>
					<SimpleData name="TOMA">SOJO Y LAS MARIPOSAS</SimpleData>
				</SchemaData>
			</ExtendedData>
			<Polygon>
				<outerBoundaryIs>
					<LinearRing>
						<coordinates>
							-80.82470914903944,-4.903063198116707,0 -80.82467941861012,-4.903283746882856,0 -80.82465714287702,-4.903274242220079,0 -80.82422903421673,-4.903091028719249,0 -80.82426640163253,-4.902986640438149,0 -80.82430105974098,-4.902895730908645,0 -80.82460227882119,-4.903020922994623,0 -80.82460191746397,-4.903023184554762,0 -80.82467785488114,-4.903049529698029,0 -80.82470914903944,-4.903063198116707,0 -80.82470914903944,-4.903063198116707,0
						</coordinates>
					</LinearRing>
				</outerBoundaryIs>
			</Polygon>
		</Placemark>
		<Placemark>
			<name>35984</name>
			<visibility>0</visibility>
			<ExtendedData>
				<SchemaData schemaUrl="#S_BLOQUE_SOJO_Y_LAS_MARIPOSAS">
					<SimpleData name="AREA_HA">0.226</SimpleData>
					<SimpleData name="NOM_LOC">SOJO</SimpleData>
					<SimpleData name="NOM_PRE">SOJO (P)</SimpleData>
					<SimpleData name="NOM_BLO">SOJO Y LAS MARIPOSAS</SimpleData>
					<SimpleData name="CODCAT">35984</SimpleData>
					<SimpleData name="USUARIO">YOVERA RIVAS, TEOBALDO</SimpleData>
					<SimpleData name="AP_PAT_USU">YOVERA</SimpleData>
					<SimpleData name="AP_MAT_USU">RIVAS</SimpleData>
					<SimpleData name="NOM_USU">TEOBALDO</SimpleData>
					<SimpleData name="TIPODOC">DNI</SimpleData>
					<SimpleData name="NUM_DOC">03630601</SimpleData>
					<SimpleData name="DESC_LIC">G.R.PIURA-420010-AACH-ATDRCH</SimpleData>
					<SimpleData name="PAR_AR_BR">0.226</SimpleData>
					<SimpleData name="RES_ADM">126-2006-G.R.PIURA-420010-AACH-ATDRCH</SimpleData>
					<SimpleData name="TOMA">SOJO Y LAS MARIPOSAS</SimpleData>
				</SchemaData>
			</ExtendedData>
			<Polygon>
				<outerBoundaryIs>
					<LinearRing>
						<coordinates>
							-80.82520635501987,-4.902152060312441,0 -80.82520085097232,-4.9021605627195,0 -80.82519218246443,-4.902199099069911,0 -80.82517917947034,-4.902257808256422,0 -80.8251355936756,-4.902343016186994,0 -80.82507288826393,-4.902421524723886,0 -80.82502605552149,-4.902506369949831,0 -80.82497498853971,-4.902571854336424,0 -80.82491985733704,-4.902658687681479,0 -80.82486617076042,-4.902739550627697,0 -80.82480661109642,-4.902861212282708,0 -80.82474542090817,-4.90301028474716,0 -80.82470914903944,-4.903063198116707,0 -80.82467785488114,-4.903049529698029,0 -80.82460191746397,-4.903023184554762,0 -80.82460227882119,-4.903020922994623,0 -80.82461610056598,-4.902935074197412,0 -80.8246550059371,-4.902812231198079,0 -80.82471023220586,-4.902706490482136,0 -80.82478793257896,-4.902539600429179,0 -80.82482556667702,-4.902450048623308,0 -80.82484415809662,-4.902405815458197,0 -80.82491806283961,-4.902267873572064,0 -80.82498997667516,-4.90215580447736,0 -80.82503743230529,-4.902104160479461,0 -80.82510101126765,-4.902137106433226,0 -80.82518281502297,-4.902148707040861,0 -80.82520635501987,-4.902152060312441,0 -80.82520635501987,-4.902152060312441,0
						</coordinates>
					</LinearRing>
				</outerBoundaryIs>
			</Polygon>
		</Placemark>
		<Placemark>
			<name>35983</name>
			<visibility>0</visibility>
			<ExtendedData>
				<SchemaData schemaUrl="#S_BLOQUE_SOJO_Y_LAS_MARIPOSAS">
					<SimpleData name="AREA_HA">0.2705</SimpleData>
					<SimpleData name="NOM_LOC">SOJO</SimpleData>
					<SimpleData name="NOM_PRE">SOJO (P)</SimpleData>
					<SimpleData name="NOM_BLO">SOJO Y LAS MARIPOSAS</SimpleData>
					<SimpleData name="CODCAT">35983</SimpleData>
					<SimpleData name="USUARIO">REYES CHIROQUE, CARLOS FRANCISCO</SimpleData>
					<SimpleData name="AP_PAT_USU">REYES</SimpleData>
					<SimpleData name="AP_MAT_USU">CHIROQUE</SimpleData>
					<SimpleData name="NOM_USU">CARLOS FRANCISCO</SimpleData>
					<SimpleData name="TIPODOC">DNI</SimpleData>
					<SimpleData name="NUM_DOC">03648529</SimpleData>
					<SimpleData name="DESC_LIC">G.R.PIURA-420010-AACH-ATDRCH</SimpleData>
					<SimpleData name="PAR_AR_BR">0.2705</SimpleData>
					<SimpleData name="RES_ADM">126-2006-G.R.PIURA-420010-AACH-ATDRCH</SimpleData>
					<SimpleData name="TOMA">SOJO Y LAS MARIPOSAS</SimpleData>
				</SchemaData>
			</ExtendedData>
			<Polygon>
				<outerBoundaryIs>
					<LinearRing>
						<coordinates>
							-80.82482556667702,-4.902450048623308,0 -80.82478793257896,-4.902539600429179,0 -80.82471023220586,-4.902706490482136,0 -80.8246550059371,-4.902812231198079,0 -80.82461610056598,-4.902935074197412,0 -80.82460227882119,-4.903020922994623,0 -80.82430105974098,-4.902895730908645,0 -80.82441586458469,-4.902594870127757,0 -80.82444329813805,-4.90253887865304,0 -80.82445566491425,-4.902499438603933,0 -80.82445910540294,-4.902448235664306,0 -80.82445956731107,-4.902405445308087,0 -80.82444406877677,-4.902346819277817,0 -80.82441486345067,-4.902277152856365,0 -80.8243861084339,-4.902210110066965,0 -80.82434833000897,-4.902158444196063,0 -80.8243484202732,-4.90215817282092,0 -80.82482556667702,-4.902450048623308,0 -80.82482556667702,-4.902450048623308,0
						</coordinates>
					</LinearRing>
				</outerBoundaryIs>
			</Polygon>
		</Placemark>
		<Placemark>
			<name>35977</name>
			<visibility>0</visibility>
			<ExtendedData>
				<SchemaData schemaUrl="#S_BLOQUE_SOJO_Y_LAS_MARIPOSAS">
					<SimpleData name="AREA_HA">0.3764</SimpleData>
					<SimpleData name="NOM_LOC">SOJO</SimpleData>
					<SimpleData name="NOM_PRE">SOJO (P)</SimpleData>
					<SimpleData name="NOM_BLO">SOJO Y LAS MARIPOSAS</SimpleData>
					<SimpleData name="CODCAT">35977</SimpleData>
					<SimpleData name="USUARIO">IPANAQUE LITANO, GERBACIO</SimpleData>
					<SimpleData name="AP_PAT_USU">IPANAQUE</SimpleData>
					<SimpleData name="AP_MAT_USU">LITANO</SimpleData>
					<SimpleData name="NOM_USU">GERBACIO</SimpleData>
					<SimpleData name="TIPODOC">DNI</SimpleData>
					<SimpleData name="NUM_DOC">03628930</SimpleData>
					<SimpleData name="DESC_LIC">G.R.PIURA-420010-AACH-ATDRCH</SimpleData>
					<SimpleData name="PAR_AR_BR">0.3764</SimpleData>
					<SimpleData name="RES_ADM">126-2006-G.R.PIURA-420010-AACH-ATDRCH</SimpleData>
					<SimpleData name="TOMA">SOJO Y LAS MARIPOSAS</SimpleData>
				</SchemaData>
			</ExtendedData>
			<Polygon>
				<outerBoundaryIs>
					<LinearRing>
						<coordinates>
							-80.82503743230529,-4.902104160479461,0 -80.82498997667516,-4.90215580447736,0 -80.82491806283961,-4.902267873572064,0 -80.82484415809662,-4.902405815458197,0 -80.82482556667702,-4.902450048623308,0 -80.8243484202732,-4.90215817282092,0 -80.82443811948697,-4.901979887161585,0 -80.82444191522733,-4.901950305715593,0 -80.82441846962158,-4.901930578073753,0 -80.82438014504557,-4.901898452746534,0 -80.82433460408132,-4.901869491875292,0 -80.82426308674799,-4.901841609910756,0 -80.82413764308974,-4.901774089893658,0 -80.82406856203001,-4.901742318493028,0 -80.82403131979578,-4.901710283891556,0 -80.82398839434546,-4.901681956934336,0 -80.82393221247312,-4.901645032275606,0 -80.82384717044647,-4.901599686819875,0 -80.82384347308835,-4.901597243280984,0 -80.82388760108796,-4.901508416931968,0 -80.82495428663007,-4.902049407169356,0 -80.82496474731488,-4.902056918538622,0 -80.82502237175258,-4.902096376534453,0 -80.82503743230529,-4.902104160479461,0 -80.82503743230529,-4.902104160479461,0
						</coordinates>
					</LinearRing>
				</outerBoundaryIs>
			</Polygon>
		</Placemark>
		<Placemark>
			<name>35987</name>
			<visibility>0</visibility>
			<ExtendedData>
				<SchemaData schemaUrl="#S_BLOQUE_SOJO_Y_LAS_MARIPOSAS">
					<SimpleData name="AREA_HA">0.5683</SimpleData>
					<SimpleData name="NOM_LOC">SOJO</SimpleData>
					<SimpleData name="NOM_PRE">SOJO (P)</SimpleData>
					<SimpleData name="NOM_BLO">SOJO Y LAS MARIPOSAS</SimpleData>
					<SimpleData name="CODCAT">35987</SimpleData>
					<SimpleData name="USUARIO">ALCAS DIOSES, LUIS</SimpleData>
					<SimpleData name="AP_PAT_USU">ALCAS</SimpleData>
					<SimpleData name="AP_MAT_USU">DIOSES</SimpleData>
					<SimpleData name="NOM_USU">LUIS</SimpleData>
					<SimpleData name="TIPODOC">DNI</SimpleData>
					<SimpleData name="NUM_DOC">03628927</SimpleData>
					<SimpleData name="DESC_LIC">G.R.PIURA-420010-AACH-ATDRCH</SimpleData>
					<SimpleData name="PAR_AR_BR">0.5683</SimpleData>
					<SimpleData name="RES_ADM">126-2006-G.R.PIURA-420010-AACH-ATDRCH</SimpleData>
					<SimpleData name="TOMA">SOJO Y LAS MARIPOSAS</SimpleData>
				</SchemaData>
			</ExtendedData>
			<Polygon>
				<outerBoundaryIs>
					<LinearRing>
						<coordinates>
							-80.82420476892914,-4.903102149804361,0 -80.82414601065325,-4.903263707157556,0 -80.8216326636953,-4.90212200606583,0 -80.8216132289177,-4.901939892713331,0 -80.82164704803553,-4.901955009389162,0 -80.82420476892914,-4.903102149804361,0 -80.82420476892914,-4.903102149804361,0
						</coordinates>
					</LinearRing>
				</outerBoundaryIs>
			</Polygon>
		</Placemark>
		<Placemark>
			<name>35986</name>
			<visibility>0</visibility>
			<ExtendedData>
				<SchemaData schemaUrl="#S_BLOQUE_SOJO_Y_LAS_MARIPOSAS">
					<SimpleData name="AREA_HA">0.7646</SimpleData>
					<SimpleData name="NOM_LOC">SOJO</SimpleData>
					<SimpleData name="NOM_PRE">SOJO (P)</SimpleData>
					<SimpleData name="NOM_BLO">SOJO Y LAS MARIPOSAS</SimpleData>
					<SimpleData name="CODCAT">35986</SimpleData>
					<SimpleData name="USUARIO">PACHERRES RAMOS, INOCENTE</SimpleData>
					<SimpleData name="AP_PAT_USU">PACHERRES</SimpleData>
					<SimpleData name="AP_MAT_USU">RAMOS</SimpleData>
					<SimpleData name="NOM_USU">INOCENTE</SimpleData>
					<SimpleData name="TIPODOC">DNI</SimpleData>
					<SimpleData name="NUM_DOC">03628935</SimpleData>
					<SimpleData name="DESC_LIC">G.R.PIURA-420010-AACH-ATDRCH</SimpleData>
					<SimpleData name="PAR_AR_BR">0.7646</SimpleData>
					<SimpleData name="RES_ADM">126-2006-G.R.PIURA-420010-AACH-ATDRCH</SimpleData>
					<SimpleData name="TOMA">SOJO Y LAS MARIPOSAS</SimpleData>
				</SchemaData>
			</ExtendedData>
			<Polygon>
				<outerBoundaryIs>
					<LinearRing>
						<coordinates>
							-80.82428266201433,-4.902887765155867,0 -80.82420476892914,-4.903102149804361,0 -80.82164704803553,-4.901955009389162,0 -80.8216132289177,-4.901939892713331,0 -80.82161214918852,-4.901929850693216,0 -80.82164230006121,-4.901830436317964,0 -80.82167425275262,-4.901738983428943,0 -80.82170626822526,-4.901753104503232,0 -80.82336548356837,-4.902483778222941,0 -80.82428266201433,-4.902887765155867,0 -80.82428266201433,-4.902887765155867,0
						</coordinates>
					</LinearRing>
				</outerBoundaryIs>
			</Polygon>
		</Placemark>
		<Placemark>
			<name>35982</name>
			<visibility>0</visibility>
			<ExtendedData>
				<SchemaData schemaUrl="#S_BLOQUE_SOJO_Y_LAS_MARIPOSAS">
					<SimpleData name="AREA_HA">0.5989</SimpleData>
					<SimpleData name="NOM_LOC">SOJO</SimpleData>
					<SimpleData name="NOM_PRE">SOJO (P)</SimpleData>
					<SimpleData name="NOM_BLO">SOJO Y LAS MARIPOSAS</SimpleData>
					<SimpleData name="CODCAT">35982</SimpleData>
					<SimpleData name="USUARIO">REYES CHIROQUE, CARLOS FRANCISCO</SimpleData>
					<SimpleData name="AP_PAT_USU">REYES</SimpleData>
					<SimpleData name="AP_MAT_USU">CHIROQUE</SimpleData>
					<SimpleData name="NOM_USU">CARLOS FRANCISCO</SimpleData>
					<SimpleData name="TIPODOC">DNI</SimpleData>
					<SimpleData name="NUM_DOC">03648529</SimpleData>
					<SimpleData name="DESC_LIC">G.R.PIURA-420010-AACH-ATDRCH</SimpleData>
					<SimpleData name="PAR_AR_BR">0.5989</SimpleData>
					<SimpleData name="RES_ADM">126-2006-G.R.PIURA-420010-AACH-ATDRCH</SimpleData>
					<SimpleData name="TOMA">SOJO Y LAS MARIPOSAS</SimpleData>
				</SchemaData>
			</ExtendedData>
			<Polygon>
				<outerBoundaryIs>
					<LinearRing>
						<coordinates>
							-80.82432352671142,-4.902157352222451,0 -80.82432334622926,-4.902157714040508,0 -80.8243490410898,-4.902199425531569,0 -80.82438149395183,-4.902267012070094,0 -80.82440718377929,-4.90232844517204,0 -80.82442989160936,-4.902411679841356,0 -80.82443691924797,-4.902441264069464,0 -80.82442292034018,-4.90251444756143,0 -80.82429060472079,-4.902866055331449,0 -80.82428266201433,-4.902887765155867,0 -80.82336548356837,-4.902483778222941,0 -80.82344660818109,-4.902330368673038,0 -80.82346879318173,-4.902341773139629,0 -80.82348899187426,-4.902361047644122,0 -80.82352740476695,-4.90240041033351,0 -80.82369965934964,-4.902468937681366,0 -80.82395990979514,-4.901967641598222,0 -80.82432352671142,-4.902157352222451,0 -80.82432352671142,-4.902157352222451,0
						</coordinates>
					</LinearRing>
				</outerBoundaryIs>
			</Polygon>
		</Placemark>
		<Placemark>
			<name>40321</name>
			<visibility>0</visibility>
			<ExtendedData>
				<SchemaData schemaUrl="#S_BLOQUE_SOJO_Y_LAS_MARIPOSAS">
					<SimpleData name="AREA_HA">0.1889</SimpleData>
					<SimpleData name="NOM_LOC">SOJO</SimpleData>
					<SimpleData name="NOM_PRE">SOJO (P)</SimpleData>
					<SimpleData name="NOM_BLO">SOJO Y LAS MARIPOSAS</SimpleData>
					<SimpleData name="CODCAT">40321</SimpleData>
					<SimpleData name="USUARIO">IPANAQUE LITANO, GERBACIO</SimpleData>
					<SimpleData name="AP_PAT_USU">IPANAQUE</SimpleData>
					<SimpleData name="AP_MAT_USU">LITANO</SimpleData>
					<SimpleData name="NOM_USU">GERBACIO</SimpleData>
					<SimpleData name="TIPODOC">DNI</SimpleData>
					<SimpleData name="NUM_DOC">03628930</SimpleData>
					<SimpleData name="DESC_LIC">G.R.PIURA-420010-AACH-ATDRCH</SimpleData>
					<SimpleData name="PAR_AR_BR">0.1889</SimpleData>
					<SimpleData name="RES_ADM">126-2006-G.R.PIURA-420010-AACH-ATDRCH</SimpleData>
					<SimpleData name="TOMA">SOJO Y LAS MARIPOSAS</SimpleData>
				</SchemaData>
			</ExtendedData>
			<Polygon>
				<outerBoundaryIs>
					<LinearRing>
						<coordinates>
							-80.82432352671142,-4.902157352222451,0 -80.82395990979514,-4.901967641598222,0 -80.8237080294524,-4.901836219816824,0 -80.82378193505313,-4.901695564076789,0 -80.82381667699167,-4.90162944230727,0 -80.82386699904987,-4.901655238131506,0 -80.82392219515273,-4.901667284358502,0 -80.82396692426246,-4.901696516445952,0 -80.82400686658858,-4.901750987344484,0 -80.82404925029621,-4.901781575814082,0 -80.82411328172547,-4.901808370279648,0 -80.82424594506593,-4.901859879655993,0 -80.8243085288141,-4.9019045860228,0 -80.82436516339156,-4.901934906740697,0 -80.82441034566318,-4.90195572556684,0 -80.82432352671142,-4.902157352222451,0 -80.82432352671142,-4.902157352222451,0
						</coordinates>
					</LinearRing>
				</outerBoundaryIs>
			</Polygon>
		</Placemark>
		<Placemark>
			<name>35980</name>
			<visibility>0</visibility>
			<ExtendedData>
				<SchemaData schemaUrl="#S_BLOQUE_SOJO_Y_LAS_MARIPOSAS">
					<SimpleData name="AREA_HA">0.2018</SimpleData>
					<SimpleData name="NOM_LOC">SOJO</SimpleData>
					<SimpleData name="NOM_PRE">SOJO (P)</SimpleData>
					<SimpleData name="NOM_BLO">SOJO Y LAS MARIPOSAS</SimpleData>
					<SimpleData name="CODCAT">35980</SimpleData>
					<SimpleData name="USUARIO">BURGOS QUEVEDO, EBER</SimpleData>
					<SimpleData name="AP_PAT_USU">BURGOS</SimpleData>
					<SimpleData name="AP_MAT_USU">QUEVEDO</SimpleData>
					<SimpleData name="NOM_USU">EBER</SimpleData>
					<SimpleData name="TIPODOC">DNI</SimpleData>
					<SimpleData name="NUM_DOC">03656114</SimpleData>
					<SimpleData name="DESC_LIC">G.R.PIURA-420010-AACH-ATDRCH</SimpleData>
					<SimpleData name="PAR_AR_BR">0.2018</SimpleData>
					<SimpleData name="RES_ADM">126-2006-G.R.PIURA-420010-AACH-ATDRCH</SimpleData>
					<SimpleData name="TOMA">SOJO Y LAS MARIPOSAS</SimpleData>
				</SchemaData>
			</ExtendedData>
			<Polygon>
				<outerBoundaryIs>
					<LinearRing>
						<coordinates>
							-80.82395990979514,-4.901967641598222,0 -80.82369965934964,-4.902468937681366,0 -80.82352740476695,-4.90240041033351,0 -80.82348899187426,-4.902361047644122,0 -80.82346879318173,-4.902341773139629,0 -80.82344660818109,-4.902330368673038,0 -80.8237080294524,-4.901836219816824,0 -80.82395990979514,-4.901967641598222,0 -80.82395990979514,-4.901967641598222,0
						</coordinates>
					</LinearRing>
				</outerBoundaryIs>
			</Polygon>
		</Placemark>
		<Placemark>
			<name>35981</name>
			<visibility>0</visibility>
			<ExtendedData>
				<SchemaData schemaUrl="#S_BLOQUE_SOJO_Y_LAS_MARIPOSAS">
					<SimpleData name="AREA_HA">0.4231</SimpleData>
					<SimpleData name="NOM_LOC">SOJO</SimpleData>
					<SimpleData name="NOM_PRE">SOJO (P)</SimpleData>
					<SimpleData name="NOM_BLO">SOJO Y LAS MARIPOSAS</SimpleData>
					<SimpleData name="CODCAT">35981</SimpleData>
					<SimpleData name="USUARIO">BURGOS QUEVEDO, EBER</SimpleData>
					<SimpleData name="AP_PAT_USU">BURGOS</SimpleData>
					<SimpleData name="AP_MAT_USU">QUEVEDO</SimpleData>
					<SimpleData name="NOM_USU">EBER</SimpleData>
					<SimpleData name="TIPODOC">DNI</SimpleData>
					<SimpleData name="NUM_DOC">03656114</SimpleData>
					<SimpleData name="DESC_LIC">G.R.PIURA-420010-AACH-ATDRCH</SimpleData>
					<SimpleData name="PAR_AR_BR">0.4231</SimpleData>
					<SimpleData name="RES_ADM">126-2006-G.R.PIURA-420010-AACH-ATDRCH</SimpleData>
					<SimpleData name="TOMA">SOJO Y LAS MARIPOSAS</SimpleData>
				</SchemaData>
			</ExtendedData>
			<Polygon>
				<outerBoundaryIs>
					<LinearRing>
						<coordinates>
							-80.8237080294524,-4.901836219816824,0 -80.82344660818109,-4.902330368673038,0 -80.8234308261774,-4.902322222641649,0 -80.82339412334503,-4.902297063569443,0 -80.82335264249264,-4.902262947113762,0 -80.82330448529615,-4.902236337615538,0 -80.82324911240156,-4.902210178576723,0 -80.82320690730268,-4.902186555994232,0 -80.82316046319033,-4.902162389514635,0 -80.82309805623089,-4.902131886268426,0 -80.82304891224813,-4.902084559756537,0 -80.82303007488903,-4.902032717790976,0 -80.82298012851352,-4.901949114154462,0 -80.82286253259511,-4.901878972419363,0 -80.82284053514925,-4.90183988535116,0 -80.82289369077154,-4.901720031538586,0 -80.8229055061209,-4.901720667865797,0 -80.8229238164719,-4.901717506300227,0 -80.82300698230377,-4.901693192476553,0 -80.82309339283455,-4.9016778356283,0 -80.82315643658828,-4.901687079501507,0 -80.823218580282,-4.901688995380362,0 -80.82326206876726,-4.90163219391587,0 -80.82327776793504,-4.901611662170247,0 -80.8237080294524,-4.901836219816824,0 -80.8237080294524,-4.901836219816824,0
						</coordinates>
					</LinearRing>
				</outerBoundaryIs>
			</Polygon>
		</Placemark>
		<Placemark>
			<name>40394</name>
			<visibility>0</visibility>
			<ExtendedData>
				<SchemaData schemaUrl="#S_BLOQUE_SOJO_Y_LAS_MARIPOSAS">
					<SimpleData name="AREA_HA">0.0777</SimpleData>
					<SimpleData name="NOM_LOC">SOJO</SimpleData>
					<SimpleData name="NOM_PRE">S/N</SimpleData>
					<SimpleData name="NOM_BLO">SOJO Y LAS MARIPOSAS</SimpleData>
					<SimpleData name="CODCAT">40394</SimpleData>
					<SimpleData name="USUARIO"></SimpleData>
					<SimpleData name="AP_PAT_USU"></SimpleData>
					<SimpleData name="AP_MAT_USU"></SimpleData>
					<SimpleData name="NOM_USU"></SimpleData>
					<SimpleData name="TIPODOC">SIN DATO</SimpleData>
					<SimpleData name="NUM_DOC"></SimpleData>
					<SimpleData name="DESC_LIC"></SimpleData>
					<SimpleData name="PAR_AR_BR">0.0777</SimpleData>
					<SimpleData name="RES_ADM"></SimpleData>
					<SimpleData name="TOMA">SOJO Y LAS MARIPOSAS</SimpleData>
				</SchemaData>
			</ExtendedData>
			<Polygon>
				<outerBoundaryIs>
					<LinearRing>
						<coordinates>
							-80.82327776793504,-4.901611662170247,0 -80.82326206876726,-4.90163219391587,0 -80.823218580282,-4.901688995380362,0 -80.82315643658828,-4.901687079501507,0 -80.82309339283455,-4.9016778356283,0 -80.82300698230377,-4.901693192476553,0 -80.8229238164719,-4.901717506300227,0 -80.8229055061209,-4.901720667865797,0 -80.82289369077154,-4.901720031538586,0 -80.82288773798784,-4.901719758596297,0 -80.82285816143391,-4.901691344564309,0 -80.82279575432212,-4.901661655486514,0 -80.82272829301891,-4.90164472081309,0 -80.82269934368225,-4.901632409905496,0 -80.82269917342614,-4.901593147567816,0 -80.82314799454183,-4.901546221572326,0 -80.82327776793504,-4.901611662170247,0 -80.82327776793504,-4.901611662170247,0
						</coordinates>
					</LinearRing>
				</outerBoundaryIs>
			</Polygon>
		</Placemark>
		<Placemark>
			<name>35979</name>
			<visibility>0</visibility>
			<ExtendedData>
				<SchemaData schemaUrl="#S_BLOQUE_SOJO_Y_LAS_MARIPOSAS">
					<SimpleData name="AREA_HA">1.8191</SimpleData>
					<SimpleData name="NOM_LOC">SOJO</SimpleData>
					<SimpleData name="NOM_PRE">SOJO (P)</SimpleData>
					<SimpleData name="NOM_BLO">SOJO Y LAS MARIPOSAS</SimpleData>
					<SimpleData name="CODCAT">35979</SimpleData>
					<SimpleData name="USUARIO">REYES COLMENARES, SANTOS ANDRES</SimpleData>
					<SimpleData name="AP_PAT_USU">REYES</SimpleData>
					<SimpleData name="AP_MAT_USU">COLMENARES</SimpleData>
					<SimpleData name="NOM_USU">SANTOS ANDRES</SimpleData>
					<SimpleData name="TIPODOC">DNI</SimpleData>
					<SimpleData name="NUM_DOC">03878412</SimpleData>
					<SimpleData name="DESC_LIC">G.R.PIURA-420010-AACH-ATDRCH</SimpleData>
					<SimpleData name="PAR_AR_BR">1.8191</SimpleData>
					<SimpleData name="RES_ADM">126-2006-G.R.PIURA-420010-AACH-ATDRCH</SimpleData>
					<SimpleData name="TOMA">SOJO Y LAS MARIPOSAS</SimpleData>
				</SchemaData>
			</ExtendedData>
			<Polygon>
				<outerBoundaryIs>
					<LinearRing>
						<coordinates>
							-80.82344660818109,-4.902330368673038,0 -80.82336548356837,-4.902483778222941,0 -80.82170626822526,-4.901753104503232,0 -80.82167425275262,-4.901738983428943,0 -80.82168445234518,-4.901709765539774,0 -80.82169295678933,-4.901609078981604,0 -80.82168485213329,-4.901559501437214,0 -80.82158955416325,-4.901413735640661,0 -80.82148244783035,-4.901240645979277,0 -80.82139589892412,-4.901094520579877,0 -80.82135634388618,-4.900939089457044,0 -80.82133690035968,-4.900790991349007,0 -80.82132259779159,-4.900643437381882,0 -80.82131919482019,-4.900549532669336,0 -80.82314799454183,-4.901546221572326,0 -80.82269917342614,-4.901593147567816,0 -80.82269934368225,-4.901632409905496,0 -80.82272829301891,-4.90164472081309,0 -80.82279575432212,-4.901661655486514,0 -80.82285816143391,-4.901691344564309,0 -80.82288773798784,-4.901719758596297,0 -80.82289369077154,-4.901720031538586,0 -80.82284053514925,-4.90183988535116,0 -80.82286253259511,-4.901878972419363,0 -80.82298012851352,-4.901949114154462,0 -80.82303007488903,-4.902032717790976,0 -80.82304891224813,-4.902084559756537,0 -80.82309805623089,-4.902131886268426,0 -80.82316046319033,-4.902162389514635,0 -80.82320690730268,-4.902186555994232,0 -80.82324911240156,-4.902210178576723,0 -80.82330448529615,-4.902236337615538,0 -80.82335264249264,-4.902262947113762,0 -80.82339412334503,-4.902297063569443,0 -80.8234308261774,-4.902322222641649,0 -80.82344660818109,-4.902330368673038,0 -80.82344660818109,-4.902330368673038,0
						</coordinates>
					</LinearRing>
				</outerBoundaryIs>
			</Polygon>
		</Placemark>
		<Placemark>
			<name>40393</name>
			<visibility>0</visibility>
			<ExtendedData>
				<SchemaData schemaUrl="#S_BLOQUE_SOJO_Y_LAS_MARIPOSAS">
					<SimpleData name="AREA_HA">0.112</SimpleData>
					<SimpleData name="NOM_LOC">SOJO</SimpleData>
					<SimpleData name="NOM_PRE">SOJO (P)</SimpleData>
					<SimpleData name="NOM_BLO">SOJO Y LAS MARIPOSAS</SimpleData>
					<SimpleData name="CODCAT">40393</SimpleData>
					<SimpleData name="USUARIO">IPANAQUE SOSA, JOSE PEDRO</SimpleData>
					<SimpleData name="AP_PAT_USU">IPANAQUE</SimpleData>
					<SimpleData name="AP_MAT_USU">SOSA</SimpleData>
					<SimpleData name="NOM_USU">JOSE PEDRO</SimpleData>
					<SimpleData name="TIPODOC">DNI</SimpleData>
					<SimpleData name="NUM_DOC">03862535</SimpleData>
					<SimpleData name="DESC_LIC">G.R.PIURA-420010-AACH-ATDRCH</SimpleData>
					<SimpleData name="PAR_AR_BR">0.112</SimpleData>
					<SimpleData name="RES_ADM">126-2006-G.R.PIURA-420010-AACH-ATDRCH</SimpleData>
					<SimpleData name="TOMA">SOJO Y LAS MARIPOSAS</SimpleData>
				</SchemaData>
			</ExtendedData>
			<Polygon>
				<outerBoundaryIs>
					<LinearRing>
						<coordinates>
							-80.82378193505313,-4.901695564076789,0 -80.8237080294524,-4.901836219816824,0 -80.82327776793504,-4.901611662170247,0 -80.82314799454183,-4.901546221572326,0 -80.82315133188661,-4.901545679639887,0 -80.82346432155194,-4.90149148095057,0 -80.8234646826795,-4.901490124052137,0 -80.82346675687924,-4.901491210181743,0 -80.82378193505313,-4.901695564076789,0 -80.82378193505313,-4.901695564076789,0
						</coordinates>
					</LinearRing>
				</outerBoundaryIs>
			</Polygon>
		</Placemark>
		<Placemark>
			<name>40392</name>
			<visibility>0</visibility>
			<ExtendedData>
				<SchemaData schemaUrl="#S_BLOQUE_SOJO_Y_LAS_MARIPOSAS">
					<SimpleData name="AREA_HA">0.045</SimpleData>
					<SimpleData name="NOM_LOC">SOJO</SimpleData>
					<SimpleData name="NOM_PRE">SOJO (P)</SimpleData>
					<SimpleData name="NOM_BLO">SOJO Y LAS MARIPOSAS</SimpleData>
					<SimpleData name="CODCAT">40392</SimpleData>
					<SimpleData name="USUARIO">MORE MORE, LUCILA</SimpleData>
					<SimpleData name="AP_PAT_USU">MORE</SimpleData>
					<SimpleData name="AP_MAT_USU">MORE</SimpleData>
					<SimpleData name="NOM_USU">LUCILA</SimpleData>
					<SimpleData name="TIPODOC">DNI</SimpleData>
					<SimpleData name="NUM_DOC">03630328</SimpleData>
					<SimpleData name="DESC_LIC">G.R.PIURA-420010-AACH-ATDRCH</SimpleData>
					<SimpleData name="PAR_AR_BR">0.045</SimpleData>
					<SimpleData name="RES_ADM">126-2006-G.R.PIURA-420010-AACH-ATDRCH</SimpleData>
					<SimpleData name="TOMA">SOJO Y LAS MARIPOSAS</SimpleData>
				</SchemaData>
			</ExtendedData>
			<Polygon>
				<outerBoundaryIs>
					<LinearRing>
						<coordinates>
							-80.82381667699167,-4.90162944230727,0 -80.82378193505313,-4.901695564076789,0 -80.82346675687924,-4.901491210181743,0 -80.8234646826795,-4.901490124052137,0 -80.82351234709094,-4.901328202019435,0 -80.82354489734188,-4.901367291793553,0 -80.8235792542784,-4.901395526098606,0 -80.82359159769099,-4.90144718544093,0 -80.82361016558662,-4.901494775415392,0 -80.82364930241182,-4.901524729807878,0 -80.82369845048464,-4.901556134240572,0 -80.82375084527106,-4.901588715567248,0 -80.82380143607496,-4.901621658288999,0 -80.82381667699167,-4.90162944230727,0 -80.82381667699167,-4.90162944230727,0
						</coordinates>
					</LinearRing>
				</outerBoundaryIs>
			</Polygon>
		</Placemark>
		<Placemark>
			<name>35976</name>
			<visibility>0</visibility>
			<ExtendedData>
				<SchemaData schemaUrl="#S_BLOQUE_SOJO_Y_LAS_MARIPOSAS">
					<SimpleData name="AREA_HA">0.0304</SimpleData>
					<SimpleData name="NOM_LOC">SOJO</SimpleData>
					<SimpleData name="NOM_PRE">SOJO (P)</SimpleData>
					<SimpleData name="NOM_BLO">SOJO Y LAS MARIPOSAS</SimpleData>
					<SimpleData name="CODCAT">35976</SimpleData>
					<SimpleData name="USUARIO">MORE MORE, LUCILA</SimpleData>
					<SimpleData name="AP_PAT_USU">MORE</SimpleData>
					<SimpleData name="AP_MAT_USU">MORE</SimpleData>
					<SimpleData name="NOM_USU">LUCILA</SimpleData>
					<SimpleData name="TIPODOC">DNI</SimpleData>
					<SimpleData name="NUM_DOC">03630328</SimpleData>
					<SimpleData name="DESC_LIC">G.R.PIURA-420010-AACH-ATDRCH</SimpleData>
					<SimpleData name="PAR_AR_BR">0.0304</SimpleData>
					<SimpleData name="RES_ADM">126-2006-G.R.PIURA-420010-AACH-ATDRCH</SimpleData>
					<SimpleData name="TOMA">SOJO Y LAS MARIPOSAS</SimpleData>
				</SchemaData>
			</ExtendedData>
			<Polygon>
				<outerBoundaryIs>
					<LinearRing>
						<coordinates>
							-80.82390915484599,-4.901519278424013,0 -80.82386502684842,-4.901608104774509,0 -80.82382101907501,-4.90157977752782,0 -80.82376122759813,-4.901549998747519,0 -80.82370161702684,-4.901518229754083,0 -80.82365048910764,-4.90146954578173,0 -80.82365041233409,-4.901417256345068,0 -80.82364275388728,-4.901385681691917,0 -80.82363932732419,-4.901382424026759,0 -80.82366232398041,-4.901394100094231,0 -80.82390915484599,-4.901519278424013,0 -80.82390915484599,-4.901519278424013,0
						</coordinates>
					</LinearRing>
				</outerBoundaryIs>
			</Polygon>
		</Placemark>
		<Placemark>
			<name>35974</name>
			<visibility>0</visibility>
			<ExtendedData>
				<SchemaData schemaUrl="#S_BLOQUE_SOJO_Y_LAS_MARIPOSAS">
					<SimpleData name="AREA_HA">0.8587</SimpleData>
					<SimpleData name="NOM_LOC">SOJO</SimpleData>
					<SimpleData name="NOM_PRE">SOJO (P)</SimpleData>
					<SimpleData name="NOM_BLO">SOJO Y LAS MARIPOSAS</SimpleData>
					<SimpleData name="CODCAT">35974</SimpleData>
					<SimpleData name="USUARIO">DIOSES REYMUNDO, HUMBERTO</SimpleData>
					<SimpleData name="AP_PAT_USU">DIOSES</SimpleData>
					<SimpleData name="AP_MAT_USU">REYMUNDO</SimpleData>
					<SimpleData name="NOM_USU">HUMBERTO</SimpleData>
					<SimpleData name="TIPODOC">DNI</SimpleData>
					<SimpleData name="NUM_DOC">40476515</SimpleData>
					<SimpleData name="DESC_LIC">G.R.PIURA-420010-AACH-ATDRCH</SimpleData>
					<SimpleData name="PAR_AR_BR">0.8587</SimpleData>
					<SimpleData name="RES_ADM">126-2006-G.R.PIURA-420010-AACH-ATDRCH</SimpleData>
					<SimpleData name="TOMA">SOJO Y LAS MARIPOSAS</SimpleData>
				</SchemaData>
			</ExtendedData>
			<Polygon>
				<outerBoundaryIs>
					<LinearRing>
						<coordinates>
							-80.82507201396962,-4.901604343997519,0 -80.82518925186113,-4.901664443519498,0 -80.82518094542786,-4.901697913860197,0 -80.82511525546002,-4.901808627581668,0 -80.82506391756621,-4.901875649833376,0 -80.82501393175457,-4.901945929207557,0 -80.82495428663007,-4.902049407169356,0 -80.82388760108796,-4.901508416931968,0 -80.82364077023058,-4.901383238594432,0 -80.82361777357512,-4.9013715625263,0 -80.82359045122122,-4.90134568215935,0 -80.82356240538364,-4.901327310292323,0 -80.82354986952798,-4.901322602815474,0 -80.82354617681915,-4.901302066052404,0 -80.82354735680804,-4.901273026733075,0 -80.82355125039714,-4.901213772430991,0 -80.82356137018273,-4.901143754268982,0 -80.82357004745521,-4.901071383614872,0 -80.82358044536898,-4.900971964035003,0 -80.82358505398309,-4.900938130896433,0 -80.82404057542097,-4.901140349713664,0 -80.82507201396962,-4.901604343997519,0 -80.82507201396962,-4.901604343997519,0
						</coordinates>
					</LinearRing>
				</outerBoundaryIs>
			</Polygon>
		</Placemark>
		<Placemark>
			<name>35968</name>
			<visibility>0</visibility>
			<ExtendedData>
				<SchemaData schemaUrl="#S_BLOQUE_SOJO_Y_LAS_MARIPOSAS">
					<SimpleData name="AREA_HA">0.1684</SimpleData>
					<SimpleData name="NOM_LOC">SOJO</SimpleData>
					<SimpleData name="NOM_PRE">S/N</SimpleData>
					<SimpleData name="NOM_BLO">SOJO Y LAS MARIPOSAS</SimpleData>
					<SimpleData name="CODCAT">35968</SimpleData>
					<SimpleData name="USUARIO"></SimpleData>
					<SimpleData name="AP_PAT_USU"></SimpleData>
					<SimpleData name="AP_MAT_USU"></SimpleData>
					<SimpleData name="NOM_USU"></SimpleData>
					<SimpleData name="TIPODOC">SIN DATO</SimpleData>
					<SimpleData name="NUM_DOC"></SimpleData>
					<SimpleData name="DESC_LIC"></SimpleData>
					<SimpleData name="PAR_AR_BR">0.1684</SimpleData>
					<SimpleData name="RES_ADM"></SimpleData>
					<SimpleData name="TOMA">SOJO Y LAS MARIPOSAS</SimpleData>
				</SchemaData>
			</ExtendedData>
			<Polygon>
				<outerBoundaryIs>
					<LinearRing>
						<coordinates>
							-80.8240998055872,-4.900896377837542,0 -80.82404057542097,-4.901140349713664,0 -80.82358505398309,-4.900938130896433,0 -80.82359101809438,-4.900894256368562,0 -80.8236070914125,-4.900821525758867,0 -80.82362939925491,-4.900705553952549,0 -80.82364890381275,-4.900617806850964,0 -80.82366234968087,-4.900591032350288,0 -80.82370545058738,-4.900638266791026,0 -80.82376947393691,-4.900696091163677,0 -80.82384530592937,-4.900780696547935,0 -80.82388390280937,-4.900805765616376,0 -80.82388778052947,-4.900808299667605,0 -80.82391997658362,-4.900821696953925,0 -80.82408122745822,-4.900888683432729,0 -80.8240998055872,-4.900896377837542,0 -80.8240998055872,-4.900896377837542,0
						</coordinates>
					</LinearRing>
				</outerBoundaryIs>
			</Polygon>
		</Placemark>
		<Placemark>
			<name>35967</name>
			<visibility>0</visibility>
			<ExtendedData>
				<SchemaData schemaUrl="#S_BLOQUE_SOJO_Y_LAS_MARIPOSAS">
					<SimpleData name="AREA_HA">0.2213</SimpleData>
					<SimpleData name="NOM_LOC">SOJO</SimpleData>
					<SimpleData name="NOM_PRE">S/N</SimpleData>
					<SimpleData name="NOM_BLO">SOJO Y LAS MARIPOSAS</SimpleData>
					<SimpleData name="CODCAT">35967</SimpleData>
					<SimpleData name="USUARIO"></SimpleData>
					<SimpleData name="AP_PAT_USU"></SimpleData>
					<SimpleData name="AP_MAT_USU"></SimpleData>
					<SimpleData name="NOM_USU"></SimpleData>
					<SimpleData name="TIPODOC">SIN DATO</SimpleData>
					<SimpleData name="NUM_DOC"></SimpleData>
					<SimpleData name="DESC_LIC"></SimpleData>
					<SimpleData name="PAR_AR_BR">0.2213</SimpleData>
					<SimpleData name="RES_ADM"></SimpleData>
					<SimpleData name="TOMA">SOJO Y LAS MARIPOSAS</SimpleData>
				</SchemaData>
			</ExtendedData>
			<Polygon>
				<outerBoundaryIs>
					<LinearRing>
						<coordinates>
							-80.82418684483332,-4.900538335328381,0 -80.8241060355942,-4.900870687062955,0 -80.82391854176817,-4.900789309712337,0 -80.82385091054212,-4.900731755821344,0 -80.82379013442018,-4.900673027632651,0 -80.82374270495303,-4.900622716232086,0 -80.82368120543669,-4.900571225137078,0 -80.82363026327144,-4.90050191493668,0 -80.82359131049375,-4.900457938343072,0 -80.823529899921,-4.9004114228945,0 -80.82350447738678,-4.900363378815944,0 -80.82352063155479,-4.900327015608779,0 -80.82355112779486,-4.900286223265975,0 -80.82418684483332,-4.900538335328381,0 -80.82418684483332,-4.900538335328381,0
						</coordinates>
					</LinearRing>
				</outerBoundaryIs>
			</Polygon>
		</Placemark>
		<Placemark>
			<name>35969</name>
			<visibility>0</visibility>
			<ExtendedData>
				<SchemaData schemaUrl="#S_BLOQUE_SOJO_Y_LAS_MARIPOSAS">
					<SimpleData name="AREA_HA">0.148</SimpleData>
					<SimpleData name="NOM_LOC">SOJO</SimpleData>
					<SimpleData name="NOM_PRE">S/N</SimpleData>
					<SimpleData name="NOM_BLO">SOJO Y LAS MARIPOSAS</SimpleData>
					<SimpleData name="CODCAT">35969</SimpleData>
					<SimpleData name="USUARIO"></SimpleData>
					<SimpleData name="AP_PAT_USU"></SimpleData>
					<SimpleData name="AP_MAT_USU"></SimpleData>
					<SimpleData name="NOM_USU"></SimpleData>
					<SimpleData name="TIPODOC">SIN DATO</SimpleData>
					<SimpleData name="NUM_DOC"></SimpleData>
					<SimpleData name="DESC_LIC"></SimpleData>
					<SimpleData name="PAR_AR_BR">0.148</SimpleData>
					<SimpleData name="RES_ADM"></SimpleData>
					<SimpleData name="TOMA">SOJO Y LAS MARIPOSAS</SimpleData>
				</SchemaData>
			</ExtendedData>
			<Polygon>
				<outerBoundaryIs>
					<LinearRing>
						<coordinates>
							-80.82354077463555,-4.900913874538011,0 -80.82318680238599,-4.900751577244167,0 -80.82318265399198,-4.900749404983396,0 -80.82320133088982,-4.900723717440463,0 -80.82346587218032,-4.900370877528156,0 -80.82347379868288,-4.900412222593927,0 -80.82352645387182,-4.900484066299551,0 -80.823572621053,-4.900532568066273,0 -80.82360535133485,-4.900572924409281,0 -80.82360398596882,-4.900621413897626,0 -80.82358258592443,-4.900714588475359,0 -80.82355892675695,-4.900824317768411,0 -80.82354077463555,-4.900913874538011,0 -80.82354077463555,-4.900913874538011,0
						</coordinates>
					</LinearRing>
				</outerBoundaryIs>
			</Polygon>
		</Placemark>
		<Placemark>
			<name>35978</name>
			<visibility>0</visibility>
			<ExtendedData>
				<SchemaData schemaUrl="#S_BLOQUE_SOJO_Y_LAS_MARIPOSAS">
					<SimpleData name="AREA_HA">0.4652</SimpleData>
					<SimpleData name="NOM_LOC">SOJO</SimpleData>
					<SimpleData name="NOM_PRE">SOJO (P)</SimpleData>
					<SimpleData name="NOM_BLO">SOJO Y LAS MARIPOSAS</SimpleData>
					<SimpleData name="CODCAT">35978</SimpleData>
					<SimpleData name="USUARIO">IPANAQUE SOSA, JOSE PEDRO</SimpleData>
					<SimpleData name="AP_PAT_USU">IPANAQUE</SimpleData>
					<SimpleData name="AP_MAT_USU">SOSA</SimpleData>
					<SimpleData name="NOM_USU">JOSE PEDRO</SimpleData>
					<SimpleData name="TIPODOC">DNI</SimpleData>
					<SimpleData name="NUM_DOC">03862535</SimpleData>
					<SimpleData name="DESC_LIC">G.R.PIURA-420010-AACH-ATDRCH</SimpleData>
					<SimpleData name="PAR_AR_BR">0.3353</SimpleData>
					<SimpleData name="RES_ADM">126-2006-G.R.PIURA-420010-AACH-ATDRCH</SimpleData>
					<SimpleData name="TOMA">SOJO Y LAS MARIPOSAS</SimpleData>
				</SchemaData>
			</ExtendedData>
			<Polygon>
				<outerBoundaryIs>
					<LinearRing>
						<coordinates>
							-80.8234646826795,-4.901490124052137,0 -80.82346432155194,-4.90149148095057,0 -80.82315133188661,-4.901545679639887,0 -80.82314799454183,-4.901546221572326,0 -80.82131919482019,-4.900549532669336,0 -80.82131847879282,-4.900528272946135,0 -80.82132175699648,-4.900408315741625,0 -80.82187773053235,-4.900701571183134,0 -80.82193121586647,-4.900701856529821,0 -80.82194691043229,-4.90069914663861,0 -80.8234646826795,-4.901490124052137,0 -80.8234646826795,-4.901490124052137,0
						</coordinates>
					</LinearRing>
				</outerBoundaryIs>
			</Polygon>
		</Placemark>
		<Placemark>
			<name>35975</name>
			<visibility>0</visibility>
			<ExtendedData>
				<SchemaData schemaUrl="#S_BLOQUE_SOJO_Y_LAS_MARIPOSAS">
					<SimpleData name="AREA_HA">0.5544</SimpleData>
					<SimpleData name="NOM_LOC">SOJO</SimpleData>
					<SimpleData name="NOM_PRE">SOJO (P)</SimpleData>
					<SimpleData name="NOM_BLO">SOJO Y LAS MARIPOSAS</SimpleData>
					<SimpleData name="CODCAT">35975</SimpleData>
					<SimpleData name="USUARIO">MORE MORE, LUCILA</SimpleData>
					<SimpleData name="AP_PAT_USU">MORE</SimpleData>
					<SimpleData name="AP_MAT_USU">MORE</SimpleData>
					<SimpleData name="NOM_USU">LUCILA</SimpleData>
					<SimpleData name="TIPODOC">DNI</SimpleData>
					<SimpleData name="NUM_DOC">03630328</SimpleData>
					<SimpleData name="DESC_LIC">G.R.PIURA-420010-AACH-ATDRCH</SimpleData>
					<SimpleData name="PAR_AR_BR">0.5544</SimpleData>
					<SimpleData name="RES_ADM">126-2006-G.R.PIURA-420010-AACH-ATDRCH</SimpleData>
					<SimpleData name="TOMA">SOJO Y LAS MARIPOSAS</SimpleData>
				</SchemaData>
			</ExtendedData>
			<Polygon>
				<outerBoundaryIs>
					<LinearRing>
						<coordinates>
							-80.82351234709094,-4.901328202019435,0 -80.8234646826795,-4.901490124052137,0 -80.82194691043229,-4.90069914663861,0 -80.82193121586647,-4.900701856529821,0 -80.82187773053235,-4.900701571183134,0 -80.82132175699648,-4.900408315741625,0 -80.82132294114858,-4.900363625792863,0 -80.82133046166926,-4.900231456772614,0 -80.82133353618839,-4.900201060963665,0 -80.82136690372322,-4.900218167787303,0 -80.82167785325925,-4.900377198008554,0 -80.82350974062365,-4.901292467228949,0 -80.82351234709094,-4.901328202019435,0 -80.82351234709094,-4.901328202019435,0
						</coordinates>
					</LinearRing>
				</outerBoundaryIs>
			</Polygon>
		</Placemark>
		<Placemark>
			<name>35973</name>
			<visibility>0</visibility>
			<ExtendedData>
				<SchemaData schemaUrl="#S_BLOQUE_SOJO_Y_LAS_MARIPOSAS">
					<SimpleData name="AREA_HA">0.8605</SimpleData>
					<SimpleData name="NOM_LOC">SOJO</SimpleData>
					<SimpleData name="NOM_PRE">SOJO (P)</SimpleData>
					<SimpleData name="NOM_BLO">SOJO Y LAS MARIPOSAS</SimpleData>
					<SimpleData name="CODCAT">35973</SimpleData>
					<SimpleData name="USUARIO">DIOSES REYMUNDO, HUMBERTO</SimpleData>
					<SimpleData name="AP_PAT_USU">DIOSES</SimpleData>
					<SimpleData name="AP_MAT_USU">REYMUNDO</SimpleData>
					<SimpleData name="NOM_USU">HUMBERTO</SimpleData>
					<SimpleData name="TIPODOC">DNI</SimpleData>
					<SimpleData name="NUM_DOC">40476515</SimpleData>
					<SimpleData name="DESC_LIC">G.R.PIURA-420010-AACH-ATDRCH</SimpleData>
					<SimpleData name="PAR_AR_BR">0.8605</SimpleData>
					<SimpleData name="RES_ADM">126-2006-G.R.PIURA-420010-AACH-ATDRCH</SimpleData>
					<SimpleData name="TOMA">SOJO Y LAS MARIPOSAS</SimpleData>
				</SchemaData>
			</ExtendedData>
			<Polygon>
				<outerBoundaryIs>
					<LinearRing>
						<coordinates>
							-80.82354077463555,-4.900913874538011,0 -80.82353914904098,-4.900922016068821,0 -80.82352802954166,-4.901021525927714,0 -80.82352258879448,-4.901134697637357,0 -80.82351787141478,-4.901240813176173,0 -80.82350974062365,-4.901292467228949,0 -80.82167785325925,-4.900377198008554,0 -80.82169193250981,-4.900342915028039,0 -80.82180249057903,-4.900074078595225,0 -80.82181295978334,-4.900048479416428,0 -80.82251710867425,-4.900396957300817,0 -80.82251990435552,-4.900398315019034,0 -80.82318265399198,-4.900749404983396,0 -80.82318680238599,-4.900751577244167,0 -80.82354077463555,-4.900913874538011,0 -80.82354077463555,-4.900913874538011,0
						</coordinates>
					</LinearRing>
				</outerBoundaryIs>
			</Polygon>
		</Placemark>
		<Placemark>
			<name>35956</name>
			<visibility>0</visibility>
			<ExtendedData>
				<SchemaData schemaUrl="#S_BLOQUE_SOJO_Y_LAS_MARIPOSAS">
					<SimpleData name="AREA_HA">0.6568</SimpleData>
					<SimpleData name="NOM_LOC">SOJO</SimpleData>
					<SimpleData name="NOM_PRE">SOJO (P)</SimpleData>
					<SimpleData name="NOM_BLO">SOJO Y LAS MARIPOSAS</SimpleData>
					<SimpleData name="CODCAT">35956</SimpleData>
					<SimpleData name="USUARIO">CHERO FLORES, PABLO</SimpleData>
					<SimpleData name="AP_PAT_USU">CHERO</SimpleData>
					<SimpleData name="AP_MAT_USU">FLORES</SimpleData>
					<SimpleData name="NOM_USU">PABLO</SimpleData>
					<SimpleData name="TIPODOC">DNI</SimpleData>
					<SimpleData name="NUM_DOC">03629229</SimpleData>
					<SimpleData name="DESC_LIC">G.R.PIURA-420010-AACH-ATDRCH</SimpleData>
					<SimpleData name="PAR_AR_BR">0.6568</SimpleData>
					<SimpleData name="RES_ADM">126-2006-G.R.PIURA-420010-AACH-ATDRCH</SimpleData>
					<SimpleData name="TOMA">SOJO Y LAS MARIPOSAS</SimpleData>
				</SchemaData>
			</ExtendedData>
			<Polygon>
				<outerBoundaryIs>
					<LinearRing>
						<coordinates>
							-80.82346587218032,-4.900370877528156,0 -80.82320133088982,-4.900723717440463,0 -80.82318265399198,-4.900749404983396,0 -80.82251990435552,-4.900398315019034,0 -80.82251710867425,-4.900396957300817,0 -80.82253343910243,-4.900376787600187,0 -80.82292004625522,-4.899897960306411,0 -80.82294169983633,-4.899871187947782,0 -80.82311567341867,-4.899916375611973,0 -80.82330038308115,-4.899950257743633,0 -80.82344667635803,-4.899958980315597,0 -80.8234539737015,-4.899991730937692,0 -80.82346929445478,-4.9000396819416,0 -80.82349219027336,-4.900092610539164,0 -80.82351237835398,-4.900152956658445,0 -80.82352824397566,-4.900186523688442,0 -80.82354321055685,-4.900208782220639,0 -80.82346587218032,-4.900370877528156,0 -80.82346587218032,-4.900370877528156,0
						</coordinates>
					</LinearRing>
				</outerBoundaryIs>
			</Polygon>
		</Placemark>
		<Placemark>
			<name>35955</name>
			<visibility>0</visibility>
			<ExtendedData>
				<SchemaData schemaUrl="#S_BLOQUE_SOJO_Y_LAS_MARIPOSAS">
					<SimpleData name="AREA_HA">0.8079</SimpleData>
					<SimpleData name="NOM_LOC">SOJO</SimpleData>
					<SimpleData name="NOM_PRE">SOJO (P)</SimpleData>
					<SimpleData name="NOM_BLO">SOJO Y LAS MARIPOSAS</SimpleData>
					<SimpleData name="CODCAT">35955</SimpleData>
					<SimpleData name="USUARIO">VIERA CHERO, MIGUEL ANGEL</SimpleData>
					<SimpleData name="AP_PAT_USU">VIERA</SimpleData>
					<SimpleData name="AP_MAT_USU">CHERO</SimpleData>
					<SimpleData name="NOM_USU">MIGUEL ANGEL</SimpleData>
					<SimpleData name="TIPODOC">DNI</SimpleData>
					<SimpleData name="NUM_DOC">03630185</SimpleData>
					<SimpleData name="DESC_LIC">G.R.PIURA-420010-AACH-ATDRCH</SimpleData>
					<SimpleData name="PAR_AR_BR">0.8079</SimpleData>
					<SimpleData name="RES_ADM">126-2006-G.R.PIURA-420010-AACH-ATDRCH</SimpleData>
					<SimpleData name="TOMA">SOJO Y LAS MARIPOSAS</SimpleData>
				</SchemaData>
			</ExtendedData>
			<Polygon>
				<outerBoundaryIs>
					<LinearRing>
						<coordinates>
							-80.82294169983633,-4.899871187947782,0 -80.82292004625522,-4.899897960306411,0 -80.82253343910243,-4.900376787600187,0 -80.82251710867425,-4.900396957300817,0 -80.82181295978334,-4.900048479416428,0 -80.82140668566248,-4.899847538531336,0 -80.82138287739673,-4.899835681244664,0 -80.8213898329078,-4.899795154245307,0 -80.82140393224016,-4.899683613215355,0 -80.82140991044511,-4.899586001842611,0 -80.82141037573615,-4.899530908101362,0 -80.82149253771182,-4.899550832123674,0 -80.82152861178146,-4.89956513519632,0 -80.82159742716949,-4.899576642369974,0 -80.82170412568904,-4.899582550527097,0 -80.82179891600843,-4.899598225901116,0 -80.8219201281301,-4.899633901162241,0 -80.82216589078048,-4.899700729183159,0 -80.82222857009239,-4.899723362027578,0 -80.82244096741614,-4.899764760286198,0 -80.82254531774403,-4.899782971092142,0 -80.82272344115374,-4.899824541289966,0 -80.82290273842122,-4.899861045642746,0 -80.82294169983633,-4.899871187947782,0 -80.82294169983633,-4.899871187947782,0
						</coordinates>
					</LinearRing>
				</outerBoundaryIs>
			</Polygon>
		</Placemark>
		<Placemark>
			<name>35972</name>
			<visibility>0</visibility>
			<ExtendedData>
				<SchemaData schemaUrl="#S_BLOQUE_SOJO_Y_LAS_MARIPOSAS">
					<SimpleData name="AREA_HA">0.1888</SimpleData>
					<SimpleData name="NOM_LOC">SOJO</SimpleData>
					<SimpleData name="NOM_PRE">SOJO (P)</SimpleData>
					<SimpleData name="NOM_BLO">SOJO Y LAS MARIPOSAS</SimpleData>
					<SimpleData name="CODCAT">35972</SimpleData>
					<SimpleData name="USUARIO">YARLEQUE SANDOVAL, JOSE MERCEDES</SimpleData>
					<SimpleData name="AP_PAT_USU">YARLEQUE</SimpleData>
					<SimpleData name="AP_MAT_USU">SANDOVAL</SimpleData>
					<SimpleData name="NOM_USU">JOSE MERCEDES</SimpleData>
					<SimpleData name="TIPODOC">DNI</SimpleData>
					<SimpleData name="NUM_DOC">03629765</SimpleData>
					<SimpleData name="DESC_LIC">G.R.PIURA-420010-AACH-ATDRCH</SimpleData>
					<SimpleData name="PAR_AR_BR">0.1888</SimpleData>
					<SimpleData name="RES_ADM">126-2006-G.R.PIURA-420010-AACH-ATDRCH</SimpleData>
					<SimpleData name="TOMA">SOJO Y LAS MARIPOSAS</SimpleData>
				</SchemaData>
			</ExtendedData>
			<Polygon>
				<outerBoundaryIs>
					<LinearRing>
						<coordinates>
							-80.82181295978334,-4.900048479416428,0 -80.82180249057903,-4.900074078595225,0 -80.82169193250981,-4.900342915028039,0 -80.82167785325925,-4.900377198008554,0 -80.82136690372322,-4.900218167787303,0 -80.82133353618839,-4.900201060963665,0 -80.82134501971154,-4.900090242981515,0 -80.82136535292341,-4.899938536630852,0 -80.82138287739673,-4.899835681244664,0 -80.82140668566248,-4.899847538531336,0 -80.82181295978334,-4.900048479416428,0 -80.82181295978334,-4.900048479416428,0
						</coordinates>
					</LinearRing>
				</outerBoundaryIs>
			</Polygon>
		</Placemark>
		<Placemark>
			<name>35954</name>
			<visibility>0</visibility>
			<ExtendedData>
				<SchemaData schemaUrl="#S_BLOQUE_SOJO_Y_LAS_MARIPOSAS">
					<SimpleData name="AREA_HA">0.7415</SimpleData>
					<SimpleData name="NOM_LOC">SOJO</SimpleData>
					<SimpleData name="NOM_PRE">SOJO (P)</SimpleData>
					<SimpleData name="NOM_BLO">SOJO Y LAS MARIPOSAS</SimpleData>
					<SimpleData name="CODCAT">35954</SimpleData>
					<SimpleData name="USUARIO">SUC. CHAPILLIQUEN DE ALBURQUEQUE, MARIA GREGORIA</SimpleData>
					<SimpleData name="AP_PAT_USU"></SimpleData>
					<SimpleData name="AP_MAT_USU"></SimpleData>
					<SimpleData name="NOM_USU"></SimpleData>
					<SimpleData name="TIPODOC">CODIGO PROFODUA</SimpleData>
					<SimpleData name="NUM_DOC">000000000531</SimpleData>
					<SimpleData name="DESC_LIC">G.R.PIURA-420010-AACH-ATDRCH</SimpleData>
					<SimpleData name="PAR_AR_BR">0.7415</SimpleData>
					<SimpleData name="RES_ADM">126-2006-G.R.PIURA-420010-AACH-ATDRCH</SimpleData>
					<SimpleData name="TOMA">SOJO Y LAS MARIPOSAS</SimpleData>
				</SchemaData>
			</ExtendedData>
			<Polygon>
				<outerBoundaryIs>
					<LinearRing>
						<coordinates>
							-80.82344667635803,-4.899958980315597,0 -80.82330038308115,-4.899950257743633,0 -80.82311567341867,-4.899916375611973,0 -80.82294169983633,-4.899871187947782,0 -80.82290273842122,-4.899861045642746,0 -80.82272344115374,-4.899824541289966,0 -80.82254531774403,-4.899782971092142,0 -80.82244096741614,-4.899764760286198,0 -80.82222857009239,-4.899723362027578,0 -80.82216589078048,-4.899700729183159,0 -80.8219201281301,-4.899633901162241,0 -80.82179891600843,-4.899598225901116,0 -80.82170412568904,-4.899582550527097,0 -80.82159742716949,-4.899576642369974,0 -80.82152861178146,-4.89956513519632,0 -80.82149253771182,-4.899550832123674,0 -80.82141037573615,-4.899530908101362,0 -80.8214104672943,-4.899525661090715,0 -80.82294408409379,-4.899368920664438,0 -80.82295824499337,-4.899367476876309,0 -80.82327237573058,-4.899431698687497,0 -80.82327246585525,-4.899431970109163,0 -80.82332158173836,-4.8995879464079,0 -80.82334447608936,-4.899646483909486,0 -80.82336349298811,-4.899701492229005,0 -80.82338503212745,-4.899768985524958,0 -80.82340080502928,-4.899812322875046,0 -80.82342351907492,-4.899870588929067,0 -80.82343748704533,-4.899917996787306,0 -80.82344667635803,-4.899958980315597,0 -80.82344667635803,-4.899958980315597,0
						</coordinates>
					</LinearRing>
				</outerBoundaryIs>
			</Polygon>
		</Placemark>
		<Placemark>
			<name>35953</name>
			<visibility>0</visibility>
			<ExtendedData>
				<SchemaData schemaUrl="#S_BLOQUE_SOJO_Y_LAS_MARIPOSAS">
					<SimpleData name="AREA_HA">0.3675</SimpleData>
					<SimpleData name="NOM_LOC">SOJO</SimpleData>
					<SimpleData name="NOM_PRE">SOJO (P)</SimpleData>
					<SimpleData name="NOM_BLO">SOJO Y LAS MARIPOSAS</SimpleData>
					<SimpleData name="CODCAT">35953</SimpleData>
					<SimpleData name="USUARIO">CHIROQUE VILCHEZ, JOSE DEMETRIO</SimpleData>
					<SimpleData name="AP_PAT_USU">CHIROQUE</SimpleData>
					<SimpleData name="AP_MAT_USU">VILCHEZ</SimpleData>
					<SimpleData name="NOM_USU">JOSE DEMETRIO</SimpleData>
					<SimpleData name="TIPODOC">CODIGO PROFODUA</SimpleData>
					<SimpleData name="NUM_DOC">000000000089</SimpleData>
					<SimpleData name="DESC_LIC">G.R.PIURA-420010-AACH-ATDRCH</SimpleData>
					<SimpleData name="PAR_AR_BR">0.3675</SimpleData>
					<SimpleData name="RES_ADM">126-2006-G.R.PIURA-420010-AACH-ATDRCH</SimpleData>
					<SimpleData name="TOMA">SOJO Y LAS MARIPOSAS</SimpleData>
				</SchemaData>
			</ExtendedData>
			<Polygon>
				<outerBoundaryIs>
					<LinearRing>
						<coordinates>
							-80.82296443013087,-4.899165919960131,0 -80.82294408409379,-4.899368920664438,0 -80.8214104672943,-4.899525661090715,0 -80.82138143742642,-4.899476620866494,0 -80.82130389629421,-4.899376273665386,0 -80.82129190276412,-4.899367314382371,0 -80.82131833055523,-4.899364154982269,0 -80.82291563367282,-4.899170882950889,0 -80.82296443013087,-4.899165919960131,0 -80.82296443013087,-4.899165919960131,0
						</coordinates>
					</LinearRing>
				</outerBoundaryIs>
			</Polygon>
		</Placemark>
		<Placemark>
			<name>35952</name>
			<visibility>0</visibility>
			<ExtendedData>
				<SchemaData schemaUrl="#S_BLOQUE_SOJO_Y_LAS_MARIPOSAS">
					<SimpleData name="AREA_HA">0.0843</SimpleData>
					<SimpleData name="NOM_LOC">SOJO</SimpleData>
					<SimpleData name="NOM_PRE">SOJO (P)</SimpleData>
					<SimpleData name="NOM_BLO">SOJO Y LAS MARIPOSAS</SimpleData>
					<SimpleData name="CODCAT">35952</SimpleData>
					<SimpleData name="USUARIO">ALCAS DIOSES, LUIS</SimpleData>
					<SimpleData name="AP_PAT_USU">ALCAS</SimpleData>
					<SimpleData name="AP_MAT_USU">DIOSES</SimpleData>
					<SimpleData name="NOM_USU">LUIS</SimpleData>
					<SimpleData name="TIPODOC">DNI</SimpleData>
					<SimpleData name="NUM_DOC">03628927</SimpleData>
					<SimpleData name="DESC_LIC">G.R.PIURA-420010-AACH-ATDRCH</SimpleData>
					<SimpleData name="PAR_AR_BR">0.0843</SimpleData>
					<SimpleData name="RES_ADM">126-2006-G.R.PIURA-420010-AACH-ATDRCH</SimpleData>
					<SimpleData name="TOMA">SOJO Y LAS MARIPOSAS</SimpleData>
				</SchemaData>
			</ExtendedData>
			<Polygon>
				<outerBoundaryIs>
					<LinearRing>
						<coordinates>
							-80.82327237573058,-4.899431698687497,0 -80.82295824499337,-4.899367476876309,0 -80.82294408409379,-4.899368920664438,0 -80.82296443013087,-4.899165919960131,0 -80.82320525546817,-4.899141646932383,0 -80.82321416926506,-4.899201718744568,0 -80.82324084096584,-4.89930223350796,0 -80.82327237573058,-4.899431698687497,0 -80.82327237573058,-4.899431698687497,0
						</coordinates>
					</LinearRing>
				</outerBoundaryIs>
			</Polygon>
		</Placemark>
		<Placemark>
			<name>35958</name>
			<visibility>0</visibility>
			<ExtendedData>
				<SchemaData schemaUrl="#S_BLOQUE_SOJO_Y_LAS_MARIPOSAS">
					<SimpleData name="AREA_HA">0.5046</SimpleData>
					<SimpleData name="NOM_LOC">SOJO</SimpleData>
					<SimpleData name="NOM_PRE">SOJO (P)</SimpleData>
					<SimpleData name="NOM_BLO">SOJO Y LAS MARIPOSAS</SimpleData>
					<SimpleData name="CODCAT">35958</SimpleData>
					<SimpleData name="USUARIO">SUC. CHAPILLIQUEN DE ALBURQUEQUE, MARIA GREGORIA</SimpleData>
					<SimpleData name="AP_PAT_USU"></SimpleData>
					<SimpleData name="AP_MAT_USU"></SimpleData>
					<SimpleData name="NOM_USU"></SimpleData>
					<SimpleData name="TIPODOC">CODIGO PROFODUA</SimpleData>
					<SimpleData name="NUM_DOC">000000000531</SimpleData>
					<SimpleData name="DESC_LIC">G.R.PIURA-420010-AACH-ATDRCH</SimpleData>
					<SimpleData name="PAR_AR_BR">0.5046</SimpleData>
					<SimpleData name="RES_ADM">126-2006-G.R.PIURA-420010-AACH-ATDRCH</SimpleData>
					<SimpleData name="TOMA">SOJO Y LAS MARIPOSAS</SimpleData>
				</SchemaData>
			</ExtendedData>
			<Polygon>
				<outerBoundaryIs>
					<LinearRing>
						<coordinates>
							-80.82448234987331,-4.899724216175949,0 -80.82445978995278,-4.89976844831676,0 -80.82442910841074,-4.899828781340377,0 -80.82437650076614,-4.899923666787036,0 -80.82432831915874,-4.899993041919175,0 -80.82429006240947,-4.900048849681067,0 -80.82374936250929,-4.899985022251345,0 -80.8237042682407,-4.89997334048601,0 -80.82368478750027,-4.89996835982179,0 -80.82356961244051,-4.899955302965113,0 -80.82349123437909,-4.899951483141615,0 -80.82340786284023,-4.899724210696233,0 -80.82331485240871,-4.899450798025669,0 -80.82334208948194,-4.899457228163691,0 -80.82401489980209,-4.899614812853947,0 -80.82446151619295,-4.899719325652963,0 -80.82448234987331,-4.899724216175949,0 -80.82448234987331,-4.899724216175949,0
						</coordinates>
					</LinearRing>
				</outerBoundaryIs>
			</Polygon>
		</Placemark>
		<Placemark>
			<name>35957</name>
			<visibility>0</visibility>
			<ExtendedData>
				<SchemaData schemaUrl="#S_BLOQUE_SOJO_Y_LAS_MARIPOSAS">
					<SimpleData name="AREA_HA">0.0308</SimpleData>
					<SimpleData name="NOM_LOC">SOJO</SimpleData>
					<SimpleData name="NOM_PRE">SOJO (P)</SimpleData>
					<SimpleData name="NOM_BLO">SOJO Y LAS MARIPOSAS</SimpleData>
					<SimpleData name="CODCAT">35957</SimpleData>
					<SimpleData name="USUARIO">CHERO FLORES, PABLO</SimpleData>
					<SimpleData name="AP_PAT_USU">CHERO</SimpleData>
					<SimpleData name="AP_MAT_USU">FLORES</SimpleData>
					<SimpleData name="NOM_USU">PABLO</SimpleData>
					<SimpleData name="TIPODOC">DNI</SimpleData>
					<SimpleData name="NUM_DOC">03629229</SimpleData>
					<SimpleData name="DESC_LIC">G.R.PIURA-420010-AACH-ATDRCH</SimpleData>
					<SimpleData name="PAR_AR_BR">0.0308</SimpleData>
					<SimpleData name="RES_ADM">126-2006-G.R.PIURA-420010-AACH-ATDRCH</SimpleData>
					<SimpleData name="TOMA">SOJO Y LAS MARIPOSAS</SimpleData>
				</SchemaData>
			</ExtendedData>
			<Polygon>
				<outerBoundaryIs>
					<LinearRing>
						<coordinates>
							-80.8237042682407,-4.89997334048601,0 -80.82368955959447,-4.900000386061009,0 -80.82358560620027,-4.900192418802418,0 -80.82358344838174,-4.900165730739139,0 -80.82356659189509,-4.900127187817704,0 -80.82352764520547,-4.900059599564511,0 -80.82351926524464,-4.900027934256914,0 -80.82349123437909,-4.899951483141615,0 -80.82356961244051,-4.899955302965113,0 -80.82368478750027,-4.89996835982179,0 -80.8237042682407,-4.89997334048601,0 -80.8237042682407,-4.89997334048601,0
						</coordinates>
					</LinearRing>
				</outerBoundaryIs>
			</Polygon>
		</Placemark>
		<Placemark>
			<name>35966</name>
			<visibility>0</visibility>
			<ExtendedData>
				<SchemaData schemaUrl="#S_BLOQUE_SOJO_Y_LAS_MARIPOSAS">
					<SimpleData name="AREA_HA">0.3315</SimpleData>
					<SimpleData name="NOM_LOC">SOJO</SimpleData>
					<SimpleData name="NOM_PRE">SOJO (P)</SimpleData>
					<SimpleData name="NOM_BLO">SOJO Y LAS MARIPOSAS</SimpleData>
					<SimpleData name="CODCAT">35966</SimpleData>
					<SimpleData name="USUARIO">DIOSES COLMENARES, JOSE GABRIEL</SimpleData>
					<SimpleData name="AP_PAT_USU">DIOSES</SimpleData>
					<SimpleData name="AP_MAT_USU">COLMENARES</SimpleData>
					<SimpleData name="NOM_USU">JOSE GABRIEL</SimpleData>
					<SimpleData name="TIPODOC">DNI</SimpleData>
					<SimpleData name="NUM_DOC">03862483</SimpleData>
					<SimpleData name="DESC_LIC">G.R.PIURA-420010-AACH-ATDRCH</SimpleData>
					<SimpleData name="PAR_AR_BR">0.3315</SimpleData>
					<SimpleData name="RES_ADM">126-2006-G.R.PIURA-420010-AACH-ATDRCH</SimpleData>
					<SimpleData name="TOMA">SOJO Y LAS MARIPOSAS</SimpleData>
				</SchemaData>
			</ExtendedData>
			<Polygon>
				<outerBoundaryIs>
					<LinearRing>
						<coordinates>
							-80.82430440197622,-4.900054190870257,0 -80.82418684483332,-4.900538335328381,0 -80.82355112779486,-4.900286223265975,0 -80.82357296240407,-4.900256917882075,0 -80.82358641054326,-4.900221277703107,0 -80.82358659518208,-4.900204722450439,0 -80.82358560620027,-4.900192418802418,0 -80.82368955959447,-4.900000386061009,0 -80.8237042682407,-4.89997334048601,0 -80.82374936250929,-4.899985022251345,0 -80.82429006240947,-4.900048849681067,0 -80.82428753599112,-4.900052648608579,0 -80.82430440197622,-4.900054190870257,0 -80.82430440197622,-4.900054190870257,0
						</coordinates>
					</LinearRing>
				</outerBoundaryIs>
			</Polygon>
		</Placemark>
		<Placemark>
			<name>35970</name>
			<visibility>0</visibility>
			<ExtendedData>
				<SchemaData schemaUrl="#S_BLOQUE_SOJO_Y_LAS_MARIPOSAS">
					<SimpleData name="AREA_HA">0.8569</SimpleData>
					<SimpleData name="NOM_LOC">SOJO</SimpleData>
					<SimpleData name="NOM_PRE">S/N</SimpleData>
					<SimpleData name="NOM_BLO">SOJO Y LAS MARIPOSAS</SimpleData>
					<SimpleData name="CODCAT">35970</SimpleData>
					<SimpleData name="USUARIO"></SimpleData>
					<SimpleData name="AP_PAT_USU"></SimpleData>
					<SimpleData name="AP_MAT_USU"></SimpleData>
					<SimpleData name="NOM_USU"></SimpleData>
					<SimpleData name="TIPODOC">SIN DATO</SimpleData>
					<SimpleData name="NUM_DOC"></SimpleData>
					<SimpleData name="DESC_LIC"></SimpleData>
					<SimpleData name="PAR_AR_BR">0.8569</SimpleData>
					<SimpleData name="RES_ADM"></SimpleData>
					<SimpleData name="TOMA">SOJO Y LAS MARIPOSAS</SimpleData>
				</SchemaData>
			</ExtendedData>
			<Polygon>
				<outerBoundaryIs>
					<LinearRing>
						<coordinates>
							-80.82518673161536,-4.900934833560628,0 -80.82518329927086,-4.900954282899828,0 -80.82515557563113,-4.901087441944558,0 -80.82512866559634,-4.901213273439222,0 -80.82508767124467,-4.901393833332099,0 -80.82507536722646,-4.901541289966702,0 -80.82507201396962,-4.901604343997519,0 -80.82404057542097,-4.901140349713664,0 -80.8240998055872,-4.900896377837542,0 -80.8241060355942,-4.900870687062955,0 -80.82418684483332,-4.900538335328381,0 -80.82516806320808,-4.900927410560774,0 -80.82518673161536,-4.900934833560628,0 -80.82518673161536,-4.900934833560628,0
						</coordinates>
					</LinearRing>
				</outerBoundaryIs>
			</Polygon>
		</Placemark>
		<Placemark>
			<name>35965</name>
			<visibility>0</visibility>
			<ExtendedData>
				<SchemaData schemaUrl="#S_BLOQUE_SOJO_Y_LAS_MARIPOSAS">
					<SimpleData name="AREA_HA">0.8525</SimpleData>
					<SimpleData name="NOM_LOC">SOJO</SimpleData>
					<SimpleData name="NOM_PRE">SOJO (P)</SimpleData>
					<SimpleData name="NOM_BLO">SOJO Y LAS MARIPOSAS</SimpleData>
					<SimpleData name="CODCAT">35965</SimpleData>
					<SimpleData name="USUARIO">DIOSES COLMENARES, JOSE GABRIEL</SimpleData>
					<SimpleData name="AP_PAT_USU">DIOSES</SimpleData>
					<SimpleData name="AP_MAT_USU">COLMENARES</SimpleData>
					<SimpleData name="NOM_USU">JOSE GABRIEL</SimpleData>
					<SimpleData name="TIPODOC">DNI</SimpleData>
					<SimpleData name="NUM_DOC">03862483</SimpleData>
					<SimpleData name="DESC_LIC">G.R.PIURA-420010-AACH-ATDRCH</SimpleData>
					<SimpleData name="PAR_AR_BR">0.8525</SimpleData>
					<SimpleData name="RES_ADM">126-2006-G.R.PIURA-420010-AACH-ATDRCH</SimpleData>
					<SimpleData name="TOMA">SOJO Y LAS MARIPOSAS</SimpleData>
				</SchemaData>
			</ExtendedData>
			<Polygon>
				<outerBoundaryIs>
					<LinearRing>
						<coordinates>
							-80.8253436896742,-4.900148813505105,0 -80.82534187224422,-4.900202097591548,0 -80.82534130726259,-4.900295820358336,0 -80.82533434034978,-4.900382123265636,0 -80.82531466275606,-4.900441825880709,0 -80.8252796392445,-4.900552004670999,0 -80.82523829216019,-4.900701263208789,0 -80.82520768705436,-4.900815785497921,0 -80.82518673161536,-4.900934833560628,0 -80.82516806320808,-4.900927410560774,0 -80.82418684483332,-4.900538335328381,0 -80.82430440197622,-4.900054190870257,0 -80.8253436896742,-4.900148813505105,0 -80.8253436896742,-4.900148813505105,0
						</coordinates>
					</LinearRing>
				</outerBoundaryIs>
			</Polygon>
		</Placemark>
		<Placemark>
			<name>35971</name>
			<visibility>0</visibility>
			<ExtendedData>
				<SchemaData schemaUrl="#S_BLOQUE_SOJO_Y_LAS_MARIPOSAS">
					<SimpleData name="AREA_HA">0.6587</SimpleData>
					<SimpleData name="NOM_LOC">SOJO</SimpleData>
					<SimpleData name="NOM_PRE">SOJO (P)</SimpleData>
					<SimpleData name="NOM_BLO">SOJO Y LAS MARIPOSAS</SimpleData>
					<SimpleData name="CODCAT">35971</SimpleData>
					<SimpleData name="USUARIO">PRADO REYMUNDO, JUAN</SimpleData>
					<SimpleData name="AP_PAT_USU">PRADO</SimpleData>
					<SimpleData name="AP_MAT_USU">REYMUNDO</SimpleData>
					<SimpleData name="NOM_USU">JUAN</SimpleData>
					<SimpleData name="TIPODOC">DNI</SimpleData>
					<SimpleData name="NUM_DOC">03648384</SimpleData>
					<SimpleData name="DESC_LIC">G.R.PIURA-420010-AACH-ATDRCH</SimpleData>
					<SimpleData name="PAR_AR_BR">0.6587</SimpleData>
					<SimpleData name="RES_ADM">126-2006-G.R.PIURA-420010-AACH-ATDRCH</SimpleData>
					<SimpleData name="TOMA">SOJO Y LAS MARIPOSAS</SimpleData>
				</SchemaData>
			</ExtendedData>
			<Polygon>
				<outerBoundaryIs>
					<LinearRing>
						<coordinates>
							-80.82550179677834,-4.900164414075641,0 -80.82550529950812,-4.900222946557222,0 -80.82550419002879,-4.900329877241029,0 -80.82549965191374,-4.900441692219866,0 -80.82549475242094,-4.900555859225335,0 -80.82548957972345,-4.900680339299384,0 -80.8254804433287,-4.90078563954085,0 -80.82547627622792,-4.900857106718806,0 -80.82547173274889,-4.900990000302123,0 -80.82547242538325,-4.901103897335508,0 -80.82547319938996,-4.901252533382639,0 -80.82546656878972,-4.901435182801428,0 -80.82543956805019,-4.90156318547281,0 -80.82539849583647,-4.901695436453457,0 -80.82536013843888,-4.901792315869167,0 -80.8253398379692,-4.901818455388955,0 -80.82532972854237,-4.901848397091593,0 -80.82530959928276,-4.901910632638369,0 -80.82529036867791,-4.901985805070128,0 -80.82525481110532,-4.90206766781723,0 -80.82522061148579,-4.902129718828059,0 -80.82520635501987,-4.902152060312441,0 -80.82518281502297,-4.902148707040861,0 -80.82510101126765,-4.902137106433226,0 -80.82503743230529,-4.902104160479461,0 -80.82502237175258,-4.902096376534453,0 -80.82496474731488,-4.902056918538622,0 -80.82495428663007,-4.902049407169356,0 -80.82501393175457,-4.901945929207557,0 -80.82506391756621,-4.901875649833376,0 -80.82511525546002,-4.901808627581668,0 -80.82518094542786,-4.901697913860197,0 -80.82518925186113,-4.901664443519498,0 -80.82507201396962,-4.901604343997519,0 -80.82507536722646,-4.901541289966702,0 -80.82508767124467,-4.901393833332099,0 -80.82512866559634,-4.901213273439222,0 -80.82515557563113,-4.901087441944558,0 -80.82518329927086,-4.900954282899828,0 -80.82518673161536,-4.900934833560628,0 -80.82520768705436,-4.900815785497921,0 -80.82523829216019,-4.900701263208789,0 -80.8252796392445,-4.900552004670999,0 -80.82531466275606,-4.900441825880709,0 -80.82533434034978,-4.900382123265636,0 -80.82534130726259,-4.900295820358336,0 -80.82534187224422,-4.900202097591548,0 -80.8253436896742,-4.900148813505105,0 -80.82550179677834,-4.900164414075641,0 -80.82550179677834,-4.900164414075641,0
						</coordinates>
					</LinearRing>
				</outerBoundaryIs>
			</Polygon>
		</Placemark>
		<Placemark>
			<name>35992</name>
			<visibility>0</visibility>
			<ExtendedData>
				<SchemaData schemaUrl="#S_BLOQUE_SOJO_Y_LAS_MARIPOSAS">
					<SimpleData name="AREA_HA">0.607</SimpleData>
					<SimpleData name="NOM_LOC">SOJO</SimpleData>
					<SimpleData name="NOM_PRE">SOJO (P)</SimpleData>
					<SimpleData name="NOM_BLO">SOJO Y LAS MARIPOSAS</SimpleData>
					<SimpleData name="CODCAT">35992</SimpleData>
					<SimpleData name="USUARIO">MARIÑAS ZAPATA, SEBASTIAN</SimpleData>
					<SimpleData name="AP_PAT_USU">MARIÑAS</SimpleData>
					<SimpleData name="AP_MAT_USU">ZAPATA</SimpleData>
					<SimpleData name="NOM_USU">SEBASTIAN</SimpleData>
					<SimpleData name="TIPODOC">DNI</SimpleData>
					<SimpleData name="NUM_DOC">03630737</SimpleData>
					<SimpleData name="DESC_LIC">G.R.PIURA-420010-AACH-ATDRCH</SimpleData>
					<SimpleData name="PAR_AR_BR">0.607</SimpleData>
					<SimpleData name="RES_ADM">126-2006-G.R.PIURA-420010-AACH-ATDRCH</SimpleData>
					<SimpleData name="TOMA">SOJO Y LAS MARIPOSAS</SimpleData>
				</SchemaData>
			</ExtendedData>
			<Polygon>
				<outerBoundaryIs>
					<LinearRing>
						<coordinates>
							-80.82604877515402,-4.900368554671108,0 -80.82589320997944,-4.903135693008696,0 -80.82589203219477,-4.903156409451157,0 -80.82588815543934,-4.903149985367832,0 -80.82579799548529,-4.903011911067559,0 -80.82577464431012,-4.90297517586368,0 -80.82580517938841,-4.901002117399569,0 -80.82584288325964,-4.900280297745521,0 -80.82584668477045,-4.900227647425057,0 -80.82587428423929,-4.900227925857075,0 -80.82587861353271,-4.900228107892522,0 -80.82589998946187,-4.900228837068282,0 -80.82590630012614,-4.900240508807316,0 -80.82593876203929,-4.900272632554499,0 -80.82598907799363,-4.900322492209284,0 -80.82604534833202,-4.900366292145382,0 -80.82604877515402,-4.900368554671108,0 -80.82604877515402,-4.900368554671108,0
						</coordinates>
					</LinearRing>
				</outerBoundaryIs>
			</Polygon>
		</Placemark>
		<Placemark>
			<name>35993</name>
			<visibility>0</visibility>
			<ExtendedData>
				<SchemaData schemaUrl="#S_BLOQUE_SOJO_Y_LAS_MARIPOSAS">
					<SimpleData name="AREA_HA">0.6136</SimpleData>
					<SimpleData name="NOM_LOC">SOJO</SimpleData>
					<SimpleData name="NOM_PRE">SOJO (P)</SimpleData>
					<SimpleData name="NOM_BLO">SOJO Y LAS MARIPOSAS</SimpleData>
					<SimpleData name="CODCAT">35993</SimpleData>
					<SimpleData name="USUARIO">ATOCHE VDA. DE LEJABO, MARIA EUDELIA</SimpleData>
					<SimpleData name="AP_PAT_USU">ATOCHE</SimpleData>
					<SimpleData name="AP_MAT_USU">VIUDA DE LEJABO</SimpleData>
					<SimpleData name="NOM_USU">MARIA EUDELIA</SimpleData>
					<SimpleData name="TIPODOC">DNI</SimpleData>
					<SimpleData name="NUM_DOC">03629197</SimpleData>
					<SimpleData name="DESC_LIC">G.R.PIURA-420010-AACH-ATDRCH</SimpleData>
					<SimpleData name="PAR_AR_BR">0.6136</SimpleData>
					<SimpleData name="RES_ADM">126-2006-G.R.PIURA-420010-AACH-ATDRCH</SimpleData>
					<SimpleData name="TOMA">SOJO Y LAS MARIPOSAS</SimpleData>
				</SchemaData>
			</ExtendedData>
			<Polygon>
				<outerBoundaryIs>
					<LinearRing>
						<coordinates>
							-80.82623030052122,-4.900512351545237,0 -80.82615081862136,-4.901662970062722,0 -80.8260333764301,-4.903478143015347,0 -80.82602211250192,-4.903436887592569,0 -80.8259600110746,-4.903267428715319,0 -80.82589203219477,-4.903156409451157,0 -80.82589320997944,-4.903135693008696,0 -80.82604877515402,-4.900368554671108,0 -80.82609530773399,-4.900399505933162,0 -80.82616546459953,-4.900456969779842,0 -80.82623030052122,-4.900512351545237,0 -80.82623030052122,-4.900512351545237,0
						</coordinates>
					</LinearRing>
				</outerBoundaryIs>
			</Polygon>
		</Placemark>
		<Placemark>
			<name>35994</name>
			<visibility>0</visibility>
			<ExtendedData>
				<SchemaData schemaUrl="#S_BLOQUE_SOJO_Y_LAS_MARIPOSAS">
					<SimpleData name="AREA_HA">0.7941</SimpleData>
					<SimpleData name="NOM_LOC">SOJO</SimpleData>
					<SimpleData name="NOM_PRE">SOJO</SimpleData>
					<SimpleData name="NOM_BLO">SOJO Y LAS MARIPOSAS</SimpleData>
					<SimpleData name="CODCAT">35994</SimpleData>
					<SimpleData name="USUARIO">COVEÑAS RIOFRIO, CARLOS ENRIQUE</SimpleData>
					<SimpleData name="AP_PAT_USU">COVEÑAS</SimpleData>
					<SimpleData name="AP_MAT_USU">RIOFRIO</SimpleData>
					<SimpleData name="NOM_USU">CARLOS ENRIQUE</SimpleData>
					<SimpleData name="TIPODOC">DNI</SimpleData>
					<SimpleData name="NUM_DOC">03694609</SimpleData>
					<SimpleData name="DESC_LIC">G.R.PIURA-420010-AACH-ATDRCH</SimpleData>
					<SimpleData name="PAR_AR_BR">0.7941</SimpleData>
					<SimpleData name="RES_ADM">126-2006-G.R.PIURA-420010-AACH-ATDRCH</SimpleData>
					<SimpleData name="TOMA">SOJO Y LAS MARIPOSAS</SimpleData>
				</SchemaData>
			</ExtendedData>
			<Polygon>
				<outerBoundaryIs>
					<LinearRing>
						<coordinates>
							-80.8263781049434,-4.900609549745544,0 -80.82636962296601,-4.901338252295886,0 -80.82632098428851,-4.902145921552521,0 -80.82627149813392,-4.902737557452732,0 -80.82616452184187,-4.904539977315034,0 -80.82616028660827,-4.904524416063508,0 -80.82611777626781,-4.90428041810389,0 -80.82612550678971,-4.904027838654994,0 -80.8261239944265,-4.903945061766191,0 -80.82610517274259,-4.903830164994954,0 -80.82609501448282,-4.903696724873921,0 -80.8260533812352,-4.903551154274506,0 -80.8260333764301,-4.903478143015347,0 -80.82615081862136,-4.901662970062722,0 -80.82623030052122,-4.900512351545237,0 -80.82624626153677,-4.900525925524217,0 -80.8263598886921,-4.900597422654633,0 -80.8263781049434,-4.900609549745544,0 -80.8263781049434,-4.900609549745544,0
						</coordinates>
					</LinearRing>
				</outerBoundaryIs>
			</Polygon>
		</Placemark>
		<Placemark>
			<name>35995</name>
			<visibility>0</visibility>
			<ExtendedData>
				<SchemaData schemaUrl="#S_BLOQUE_SOJO_Y_LAS_MARIPOSAS">
					<SimpleData name="AREA_HA">1.1666</SimpleData>
					<SimpleData name="NOM_LOC">SOJO</SimpleData>
					<SimpleData name="NOM_PRE">SOJO (P)</SimpleData>
					<SimpleData name="NOM_BLO">SOJO Y LAS MARIPOSAS</SimpleData>
					<SimpleData name="CODCAT">35995</SimpleData>
					<SimpleData name="USUARIO">NOE SAAVEDRA, ERNESTO</SimpleData>
					<SimpleData name="AP_PAT_USU">NOE</SimpleData>
					<SimpleData name="AP_MAT_USU">SAAVEDRA</SimpleData>
					<SimpleData name="NOM_USU">ERNESTO</SimpleData>
					<SimpleData name="TIPODOC">DNI</SimpleData>
					<SimpleData name="NUM_DOC">03630147</SimpleData>
					<SimpleData name="DESC_LIC">G.R.PIURA-420010-AACH-ATDRCH</SimpleData>
					<SimpleData name="PAR_AR_BR">1.1666</SimpleData>
					<SimpleData name="RES_ADM">126-2006-G.R.PIURA-420010-AACH-ATDRCH</SimpleData>
					<SimpleData name="TOMA">SOJO Y LAS MARIPOSAS</SimpleData>
				</SchemaData>
			</ExtendedData>
			<Polygon>
				<outerBoundaryIs>
					<LinearRing>
						<coordinates>
							-80.82655269356334,-4.900721229295392,0 -80.82654666924091,-4.901361908928578,0 -80.82653740179676,-4.901629686329152,0 -80.82652599606382,-4.901792884335721,0 -80.82644865155491,-4.902695535740882,0 -80.8264740282068,-4.905425719396814,0 -80.82627481777473,-4.904946922010596,0 -80.82616452184187,-4.904539977315034,0 -80.82627149813392,-4.902737557452732,0 -80.82632098428851,-4.902145921552521,0 -80.82636962296601,-4.901338252295886,0 -80.8263781049434,-4.900609549745544,0 -80.82649642049003,-4.900688013937269,0 -80.82655269356334,-4.900721229295392,0 -80.82655269356334,-4.900721229295392,0
						</coordinates>
					</LinearRing>
				</outerBoundaryIs>
			</Polygon>
		</Placemark>
		<Placemark>
			<name>35996</name>
			<visibility>0</visibility>
			<ExtendedData>
				<SchemaData schemaUrl="#S_BLOQUE_SOJO_Y_LAS_MARIPOSAS">
					<SimpleData name="AREA_HA">0.8635</SimpleData>
					<SimpleData name="NOM_LOC">SOJO</SimpleData>
					<SimpleData name="NOM_PRE">SOJO (P)</SimpleData>
					<SimpleData name="NOM_BLO">SOJO Y LAS MARIPOSAS</SimpleData>
					<SimpleData name="CODCAT">35996</SimpleData>
					<SimpleData name="USUARIO">CHORRES ALBURQUEQUE, MIGUEL SEGUNDO</SimpleData>
					<SimpleData name="AP_PAT_USU">CHORRES</SimpleData>
					<SimpleData name="AP_MAT_USU">ALBURQUEQUE</SimpleData>
					<SimpleData name="NOM_USU">MIGUEL SEGUNDO</SimpleData>
					<SimpleData name="TIPODOC">DNI</SimpleData>
					<SimpleData name="NUM_DOC">03631036</SimpleData>
					<SimpleData name="DESC_LIC">G.R.PIURA-420010-AACH-ATDRCH</SimpleData>
					<SimpleData name="PAR_AR_BR">0.8635</SimpleData>
					<SimpleData name="RES_ADM">126-2006-G.R.PIURA-420010-AACH-ATDRCH</SimpleData>
					<SimpleData name="TOMA">SOJO Y LAS MARIPOSAS</SimpleData>
				</SchemaData>
			</ExtendedData>
			<Polygon>
				<outerBoundaryIs>
					<LinearRing>
						<coordinates>
							-80.82673735495487,-4.90559794331614,0 -80.82671922545013,-4.905598933841622,0 -80.82648823190304,-4.905612354616713,0 -80.82647438875925,-4.905426624149706,0 -80.8264740282068,-4.905425719396814,0 -80.82644865155491,-4.902695535740882,0 -80.82652599606382,-4.901792884335721,0 -80.82662982373553,-4.902812011661151,0 -80.82662955305948,-4.902812373456944,0 -80.82662286749606,-4.90285651923122,0 -80.82673654824157,-4.905577950098239,0 -80.82673735495487,-4.90559794331614,0 -80.82673735495487,-4.90559794331614,0
						</coordinates>
					</LinearRing>
				</outerBoundaryIs>
			</Polygon>
		</Placemark>
		<Placemark>
			<name>35998</name>
			<visibility>0</visibility>
			<ExtendedData>
				<SchemaData schemaUrl="#S_BLOQUE_SOJO_Y_LAS_MARIPOSAS">
					<SimpleData name="AREA_HA">0.411</SimpleData>
					<SimpleData name="NOM_LOC">SOJO</SimpleData>
					<SimpleData name="NOM_PRE">S/N</SimpleData>
					<SimpleData name="NOM_BLO">SOJO Y LAS MARIPOSAS</SimpleData>
					<SimpleData name="CODCAT">35998</SimpleData>
					<SimpleData name="USUARIO"></SimpleData>
					<SimpleData name="AP_PAT_USU"></SimpleData>
					<SimpleData name="AP_MAT_USU"></SimpleData>
					<SimpleData name="NOM_USU"></SimpleData>
					<SimpleData name="TIPODOC">SIN DATO</SimpleData>
					<SimpleData name="NUM_DOC"></SimpleData>
					<SimpleData name="DESC_LIC"></SimpleData>
					<SimpleData name="PAR_AR_BR">0.411</SimpleData>
					<SimpleData name="RES_ADM"></SimpleData>
					<SimpleData name="TOMA">SOJO Y LAS MARIPOSAS</SimpleData>
				</SchemaData>
			</ExtendedData>
			<Polygon>
				<outerBoundaryIs>
					<LinearRing>
						<coordinates>
							-80.82671471186272,-4.901322870200269,0 -80.82670704487829,-4.901324587112221,0 -80.82675734916464,-4.902494688832098,0 -80.82675886464237,-4.902565433731036,0 -80.82674703394443,-4.902625590707457,0 -80.82662982373553,-4.902812011661151,0 -80.82652599606382,-4.901792884335721,0 -80.82653740179676,-4.901629686329152,0 -80.82654666924091,-4.901361908928578,0 -80.82655269356334,-4.900721229295392,0 -80.8266239367168,-4.900763314128732,0 -80.82671069233271,-4.900809473865104,0 -80.82671471186272,-4.901322870200269,0 -80.82671471186272,-4.901322870200269,0
						</coordinates>
					</LinearRing>
				</outerBoundaryIs>
			</Polygon>
		</Placemark>
		<Placemark>
			<name>35999</name>
			<visibility>0</visibility>
			<ExtendedData>
				<SchemaData schemaUrl="#S_BLOQUE_SOJO_Y_LAS_MARIPOSAS">
					<SimpleData name="AREA_HA">0.094</SimpleData>
					<SimpleData name="NOM_LOC">SOJO</SimpleData>
					<SimpleData name="NOM_PRE">SOJO (P)</SimpleData>
					<SimpleData name="NOM_BLO">SOJO Y LAS MARIPOSAS</SimpleData>
					<SimpleData name="CODCAT">35999</SimpleData>
					<SimpleData name="USUARIO">OCHOA PEÑA, JUANA</SimpleData>
					<SimpleData name="AP_PAT_USU">OCHOA</SimpleData>
					<SimpleData name="AP_MAT_USU">PEÑA</SimpleData>
					<SimpleData name="NOM_USU">JUANA</SimpleData>
					<SimpleData name="TIPODOC">DNI</SimpleData>
					<SimpleData name="NUM_DOC">03648466</SimpleData>
					<SimpleData name="DESC_LIC">G.R.PIURA-420010-AACH-ATDRCH</SimpleData>
					<SimpleData name="PAR_AR_BR">0.094</SimpleData>
					<SimpleData name="RES_ADM">126-2006-G.R.PIURA-420010-AACH-ATDRCH</SimpleData>
					<SimpleData name="TOMA">SOJO Y LAS MARIPOSAS</SimpleData>
				</SchemaData>
			</ExtendedData>
			<Polygon>
				<outerBoundaryIs>
					<LinearRing>
						<coordinates>
							-80.82671471186272,-4.901322870200269,0 -80.82671069233271,-4.900809473865104,0 -80.82675930072833,-4.900835359505575,0 -80.82688798974934,-4.900909845750507,0 -80.82688122833346,-4.901255334209729,0 -80.8268770740451,-4.901276502232744,0 -80.82685632568345,-4.901290700158379,0 -80.82671471186272,-4.901322870200269,0 -80.82671471186272,-4.901322870200269,0
						</coordinates>
					</LinearRing>
				</outerBoundaryIs>
			</Polygon>
		</Placemark>
		<Placemark>
			<name>35997</name>
			<visibility>0</visibility>
			<ExtendedData>
				<SchemaData schemaUrl="#S_BLOQUE_SOJO_Y_LAS_MARIPOSAS">
					<SimpleData name="AREA_HA">0.634</SimpleData>
					<SimpleData name="NOM_LOC">SOJO</SimpleData>
					<SimpleData name="NOM_PRE">S/N</SimpleData>
					<SimpleData name="NOM_BLO">SOJO Y LAS MARIPOSAS</SimpleData>
					<SimpleData name="CODCAT">35997</SimpleData>
					<SimpleData name="USUARIO"></SimpleData>
					<SimpleData name="AP_PAT_USU"></SimpleData>
					<SimpleData name="AP_MAT_USU"></SimpleData>
					<SimpleData name="NOM_USU"></SimpleData>
					<SimpleData name="TIPODOC">SIN DATO</SimpleData>
					<SimpleData name="NUM_DOC"></SimpleData>
					<SimpleData name="DESC_LIC"></SimpleData>
					<SimpleData name="PAR_AR_BR">0.634</SimpleData>
					<SimpleData name="RES_ADM"></SimpleData>
					<SimpleData name="TOMA">SOJO Y LAS MARIPOSAS</SimpleData>
				</SchemaData>
			</ExtendedData>
			<Polygon>
				<outerBoundaryIs>
					<LinearRing>
						<coordinates>
							-80.8269544697724,-4.905539466806745,0 -80.82690657632691,-4.905538459537078,0 -80.8268829441589,-4.905542434053833,0 -80.82683206909078,-4.905561961832687,0 -80.82679229201074,-4.905565751318173,0 -80.82675251340116,-4.905575602031118,0 -80.82675197211529,-4.905576054224361,0 -80.82672455716842,-4.904843543061295,0 -80.8266452363392,-4.902854534654237,0 -80.82679592295132,-4.90261221411888,0 -80.82679709017197,-4.902633293023362,0 -80.82695330249945,-4.905518568836211,0 -80.8269544697724,-4.905539466806745,0 -80.8269544697724,-4.905539466806745,0
						</coordinates>
					</LinearRing>
				</outerBoundaryIs>
			</Polygon>
		</Placemark>
		<Placemark>
			<name>36000</name>
			<visibility>0</visibility>
			<ExtendedData>
				<SchemaData schemaUrl="#S_BLOQUE_SOJO_Y_LAS_MARIPOSAS">
					<SimpleData name="AREA_HA">0.976</SimpleData>
					<SimpleData name="NOM_LOC">SOJO</SimpleData>
					<SimpleData name="NOM_PRE">SOJO (P)</SimpleData>
					<SimpleData name="NOM_BLO">SOJO Y LAS MARIPOSAS</SimpleData>
					<SimpleData name="CODCAT">36000</SimpleData>
					<SimpleData name="USUARIO">OCHOA PEÑA, JUANA</SimpleData>
					<SimpleData name="AP_PAT_USU">OCHOA</SimpleData>
					<SimpleData name="AP_MAT_USU">PEÑA</SimpleData>
					<SimpleData name="NOM_USU">JUANA</SimpleData>
					<SimpleData name="TIPODOC">DNI</SimpleData>
					<SimpleData name="NUM_DOC">03648466</SimpleData>
					<SimpleData name="DESC_LIC">G.R.PIURA-420010-AACH-ATDRCH</SimpleData>
					<SimpleData name="PAR_AR_BR">0.976</SimpleData>
					<SimpleData name="RES_ADM">126-2006-G.R.PIURA-420010-AACH-ATDRCH</SimpleData>
					<SimpleData name="TOMA">SOJO Y LAS MARIPOSAS</SimpleData>
				</SchemaData>
			</ExtendedData>
			<Polygon>
				<outerBoundaryIs>
					<LinearRing>
						<coordinates>
							-80.82712273820039,-4.905324109596281,0 -80.82712059832949,-4.905583837299465,0 -80.82705990093048,-4.90556780942134,0 -80.82697205776184,-4.905539833129438,0 -80.8269544697724,-4.905539466806745,0 -80.82695330249945,-4.905518568836211,0 -80.82679709017197,-4.902633293023362,0 -80.82679592295132,-4.90261221411888,0 -80.82679610340952,-4.902611942766219,0 -80.82673265532092,-4.901343862894152,0 -80.82692144608527,-4.901291440386697,0 -80.8271215717421,-4.905299954845422,0 -80.82712273820039,-4.905324109596281,0 -80.82712273820039,-4.905324109596281,0
						</coordinates>
					</LinearRing>
				</outerBoundaryIs>
			</Polygon>
		</Placemark>
		<Placemark>
			<name>40301</name>
			<visibility>0</visibility>
			<ExtendedData>
				<SchemaData schemaUrl="#S_BLOQUE_SOJO_Y_LAS_MARIPOSAS">
					<SimpleData name="AREA_HA">0.9528</SimpleData>
					<SimpleData name="NOM_LOC">SOJO</SimpleData>
					<SimpleData name="NOM_PRE">SOJO (P)</SimpleData>
					<SimpleData name="NOM_BLO">SOJO Y LAS MARIPOSAS</SimpleData>
					<SimpleData name="CODCAT">40301</SimpleData>
					<SimpleData name="USUARIO">FLORES DE MONTERO, FELICIANA</SimpleData>
					<SimpleData name="AP_PAT_USU">FLORES</SimpleData>
					<SimpleData name="AP_MAT_USU">DE MONTERO</SimpleData>
					<SimpleData name="NOM_USU">FELICIANA</SimpleData>
					<SimpleData name="TIPODOC">DNI</SimpleData>
					<SimpleData name="NUM_DOC">03648486</SimpleData>
					<SimpleData name="DESC_LIC">G.R.PIURA-420010-AACH-ATDRCH</SimpleData>
					<SimpleData name="PAR_AR_BR">0.9528</SimpleData>
					<SimpleData name="RES_ADM">126-2006-G.R.PIURA-420010-AACH-ATDRCH</SimpleData>
					<SimpleData name="TOMA">SOJO Y LAS MARIPOSAS</SimpleData>
				</SchemaData>
			</ExtendedData>
			<Polygon>
				<outerBoundaryIs>
					<LinearRing>
						<coordinates>
							-80.82729147191776,-4.90505139693147,0 -80.82728027210432,-4.905113453861246,0 -80.82727205073358,-4.905167550525073,0 -80.82725725045546,-4.905200385984385,0 -80.82723478562808,-4.905225077552416,0 -80.82717948959238,-4.905250303606302,0 -80.82713447228191,-4.90528955450761,0 -80.82712282992134,-4.905318048389125,0 -80.82712273820039,-4.905324109596281,0 -80.8271215717421,-4.905299954845422,0 -80.82692144608527,-4.901291440386697,0 -80.82692306970404,-4.901290988467276,0 -80.82691384386428,-4.901035962093856,0 -80.82693460802328,-4.900958980671499,0 -80.82693975394783,-4.900939803153925,0 -80.82695751901817,-4.900952834776686,0 -80.82709341746961,-4.901051929598374,0 -80.82729147191776,-4.90505139693147,0 -80.82729147191776,-4.90505139693147,0
						</coordinates>
					</LinearRing>
				</outerBoundaryIs>
			</Polygon>
		</Placemark>
		<Placemark>
			<name>40302</name>
			<visibility>0</visibility>
			<ExtendedData>
				<SchemaData schemaUrl="#S_BLOQUE_SOJO_Y_LAS_MARIPOSAS">
					<SimpleData name="AREA_HA">0.7221</SimpleData>
					<SimpleData name="NOM_LOC">SOJO</SimpleData>
					<SimpleData name="NOM_PRE">SOJO (P)</SimpleData>
					<SimpleData name="NOM_BLO">SOJO Y LAS MARIPOSAS</SimpleData>
					<SimpleData name="CODCAT">40302</SimpleData>
					<SimpleData name="USUARIO">CARRASCO ZAPATA, RICARDO</SimpleData>
					<SimpleData name="AP_PAT_USU">CARRASCO</SimpleData>
					<SimpleData name="AP_MAT_USU">ZAPATA</SimpleData>
					<SimpleData name="NOM_USU">RICARDO</SimpleData>
					<SimpleData name="TIPODOC">DNI</SimpleData>
					<SimpleData name="NUM_DOC">03629529</SimpleData>
					<SimpleData name="DESC_LIC">G.R.PIURA-420010-AACH-ATDRCH</SimpleData>
					<SimpleData name="PAR_AR_BR">0.7221</SimpleData>
					<SimpleData name="RES_ADM">126-2006-G.R.PIURA-420010-AACH-ATDRCH</SimpleData>
					<SimpleData name="TOMA">SOJO Y LAS MARIPOSAS</SimpleData>
				</SchemaData>
			</ExtendedData>
			<Polygon>
				<outerBoundaryIs>
					<LinearRing>
						<coordinates>
							-80.82742787436138,-4.904224842403828,0 -80.8274554809412,-4.904915648741282,0 -80.8274154259969,-4.90494856828837,0 -80.82733640305572,-4.904996043025911,0 -80.82729147191776,-4.90505139693147,0 -80.82709341746961,-4.901051929598374,0 -80.82722444633468,-4.901147494982901,0 -80.82721847192826,-4.901233255370132,0 -80.82721906904587,-4.901369497523032,0 -80.82722156352695,-4.901492713031567,0 -80.82722910977878,-4.901612492103988,0 -80.82723214774913,-4.901726480203308,0 -80.82724637073781,-4.901837033417451,0 -80.82726628423366,-4.901914839328924,0 -80.82727430975211,-4.901922078648829,0 -80.82742787436138,-4.904224842403828,0 -80.82742787436138,-4.904224842403828,0
						</coordinates>
					</LinearRing>
				</outerBoundaryIs>
			</Polygon>
		</Placemark>
		<Placemark>
			<name>40303</name>
			<visibility>0</visibility>
			<ExtendedData>
				<SchemaData schemaUrl="#S_BLOQUE_SOJO_Y_LAS_MARIPOSAS">
					<SimpleData name="AREA_HA">0.8586</SimpleData>
					<SimpleData name="NOM_LOC">SOJO</SimpleData>
					<SimpleData name="NOM_PRE">S/N</SimpleData>
					<SimpleData name="NOM_BLO">SOJO Y LAS MARIPOSAS</SimpleData>
					<SimpleData name="CODCAT">40303</SimpleData>
					<SimpleData name="USUARIO"></SimpleData>
					<SimpleData name="AP_PAT_USU"></SimpleData>
					<SimpleData name="AP_MAT_USU"></SimpleData>
					<SimpleData name="NOM_USU"></SimpleData>
					<SimpleData name="TIPODOC">SIN DATO</SimpleData>
					<SimpleData name="NUM_DOC"></SimpleData>
					<SimpleData name="DESC_LIC"></SimpleData>
					<SimpleData name="PAR_AR_BR">0.8586</SimpleData>
					<SimpleData name="RES_ADM"></SimpleData>
					<SimpleData name="TOMA">SOJO Y LAS MARIPOSAS</SimpleData>
				</SchemaData>
			</ExtendedData>
			<Polygon>
				<outerBoundaryIs>
					<LinearRing>
						<coordinates>
							-80.82778377710656,-4.904253519548147,0 -80.82778377706119,-4.904253700480417,0 -80.82766716880019,-4.904197762994674,0 -80.82758202622999,-4.904191318407889,0 -80.82747892917887,-4.904207395341014,0 -80.82742787436138,-4.904224842403828,0 -80.82727430975211,-4.901922078648829,0 -80.82729892734091,-4.901944339541537,0 -80.82735844818585,-4.901975113071043,0 -80.82740272509065,-4.902009953720588,0 -80.827457283142,-4.902049048872303,0 -80.82751031004457,-4.902079549350267,0 -80.82757704143687,-4.902130498629822,0 -80.82778377710656,-4.904253519548147,0 -80.82778377710656,-4.904253519548147,0
						</coordinates>
					</LinearRing>
				</outerBoundaryIs>
			</Polygon>
		</Placemark>
		<Placemark>
			<name>40306</name>
			<visibility>0</visibility>
			<ExtendedData>
				<SchemaData schemaUrl="#S_BLOQUE_SOJO_Y_LAS_MARIPOSAS">
					<SimpleData name="AREA_HA">0.3622</SimpleData>
					<SimpleData name="NOM_LOC">SOJO</SimpleData>
					<SimpleData name="NOM_PRE">SOJO (P)</SimpleData>
					<SimpleData name="NOM_BLO">SOJO Y LAS MARIPOSAS</SimpleData>
					<SimpleData name="CODCAT">40306</SimpleData>
					<SimpleData name="USUARIO">CARRASCO SANDOVAL, GENARO</SimpleData>
					<SimpleData name="AP_PAT_USU">CARRASCO</SimpleData>
					<SimpleData name="AP_MAT_USU">SANDOVAL</SimpleData>
					<SimpleData name="NOM_USU">GENARO</SimpleData>
					<SimpleData name="TIPODOC">DNI</SimpleData>
					<SimpleData name="NUM_DOC">03630474</SimpleData>
					<SimpleData name="DESC_LIC">G.R.PIURA-420010-AACH-ATDRCH</SimpleData>
					<SimpleData name="PAR_AR_BR">0.3622</SimpleData>
					<SimpleData name="RES_ADM">126-2006-G.R.PIURA-420010-AACH-ATDRCH</SimpleData>
					<SimpleData name="TOMA">SOJO Y LAS MARIPOSAS</SimpleData>
				</SchemaData>
			</ExtendedData>
			<Polygon>
				<outerBoundaryIs>
					<LinearRing>
						<coordinates>
							-80.82793816821786,-4.904345110190738,0 -80.8279374476764,-4.904341039033247,0 -80.82786855129116,-4.904290360636987,0 -80.82780199475145,-4.90426058050033,0 -80.82780190455634,-4.904260580477589,0 -80.82778377710656,-4.904253519548147,0 -80.82757704143687,-4.902130498629822,0 -80.82758822343999,-4.90213909573479,0 -80.82764828287615,-4.902180272980983,0 -80.82772024606631,-4.902229323777787,0 -80.82772249551783,-4.902250945751698,0 -80.82793609875982,-4.904325026188017,0 -80.82793816821786,-4.904345110190738,0 -80.82793816821786,-4.904345110190738,0
						</coordinates>
					</LinearRing>
				</outerBoundaryIs>
			</Polygon>
		</Placemark>
		<Placemark>
			<name>40307</name>
			<visibility>0</visibility>
			<ExtendedData>
				<SchemaData schemaUrl="#S_BLOQUE_SOJO_Y_LAS_MARIPOSAS">
					<SimpleData name="AREA_HA">0.619</SimpleData>
					<SimpleData name="NOM_LOC">SOJO</SimpleData>
					<SimpleData name="NOM_PRE">SOJO (P)</SimpleData>
					<SimpleData name="NOM_BLO">SOJO Y LAS MARIPOSAS</SimpleData>
					<SimpleData name="CODCAT">40307</SimpleData>
					<SimpleData name="USUARIO">ALEJAVO REVOLLEDO, ARTIDORO</SimpleData>
					<SimpleData name="AP_PAT_USU">ALEJAVO</SimpleData>
					<SimpleData name="AP_MAT_USU">REVOLLEDO</SimpleData>
					<SimpleData name="NOM_USU">ARTIDORO</SimpleData>
					<SimpleData name="TIPODOC">DNI</SimpleData>
					<SimpleData name="NUM_DOC">03628802</SimpleData>
					<SimpleData name="DESC_LIC">G.R.PIURA-420010-AACH-ATDRCH</SimpleData>
					<SimpleData name="PAR_AR_BR">0.619</SimpleData>
					<SimpleData name="RES_ADM">126-2006-G.R.PIURA-420010-AACH-ATDRCH</SimpleData>
					<SimpleData name="TOMA">SOJO Y LAS MARIPOSAS</SimpleData>
				</SchemaData>
			</ExtendedData>
			<Polygon>
				<outerBoundaryIs>
					<LinearRing>
						<coordinates>
							-80.8282280371705,-4.904778696870378,0 -80.82819529676939,-4.904776879311214,0 -80.82813099135707,-4.904761845751377,0 -80.82806497722054,-4.90472690920628,0 -80.82800339343606,-4.904648911892253,0 -80.82796815800219,-4.904525597679232,0 -80.82795086837692,-4.90441441044757,0 -80.82793816821786,-4.904345110190738,0 -80.82793609875982,-4.904325026188017,0 -80.82772249551783,-4.902250945751698,0 -80.82772024606631,-4.902229323777787,0 -80.82774315163439,-4.902244980195169,0 -80.82784730468046,-4.902332849067088,0 -80.82791205267495,-4.902380450567709,0 -80.8282280371705,-4.904778696870378,0 -80.8282280371705,-4.904778696870378,0
						</coordinates>
					</LinearRing>
				</outerBoundaryIs>
			</Polygon>
		</Placemark>
		<Placemark>
			<name>40310</name>
			<visibility>0</visibility>
			<ExtendedData>
				<SchemaData schemaUrl="#S_BLOQUE_SOJO_Y_LAS_MARIPOSAS">
					<SimpleData name="AREA_HA">0.5921</SimpleData>
					<SimpleData name="NOM_LOC">SOJO</SimpleData>
					<SimpleData name="NOM_PRE">SOJO (P)</SimpleData>
					<SimpleData name="NOM_BLO">SOJO Y LAS MARIPOSAS</SimpleData>
					<SimpleData name="CODCAT">40310</SimpleData>
					<SimpleData name="USUARIO">SERNAQUE CHAVEZ, BALTAZAR</SimpleData>
					<SimpleData name="AP_PAT_USU">SERNAQUE</SimpleData>
					<SimpleData name="AP_MAT_USU">CHAVEZ</SimpleData>
					<SimpleData name="NOM_USU">BALTAZAR</SimpleData>
					<SimpleData name="TIPODOC">DNI</SimpleData>
					<SimpleData name="NUM_DOC">03629234</SimpleData>
					<SimpleData name="DESC_LIC">G.R.PIURA-420010-AACH-ATDRCH</SimpleData>
					<SimpleData name="PAR_AR_BR">0.5921</SimpleData>
					<SimpleData name="RES_ADM">126-2006-G.R.PIURA-420010-AACH-ATDRCH</SimpleData>
					<SimpleData name="TOMA">SOJO Y LAS MARIPOSAS</SimpleData>
				</SchemaData>
			</ExtendedData>
			<Polygon>
				<outerBoundaryIs>
					<LinearRing>
						<coordinates>
							-80.82845269522554,-4.904851488115329,0 -80.8283939821051,-4.904835641790017,0 -80.82834068445183,-4.90480477944296,0 -80.82826528726352,-4.904780786960458,0 -80.8282280371705,-4.904778696870378,0 -80.82791205267495,-4.902380450567709,0 -80.82793017851361,-4.902393753655381,0 -80.82802694124108,-4.902459185037033,0 -80.82810963485247,-4.902519546761792,0 -80.82812613746241,-4.902531763842319,0 -80.82845269522554,-4.904851488115329,0 -80.82845269522554,-4.904851488115329,0
						</coordinates>
					</LinearRing>
				</outerBoundaryIs>
			</Polygon>
		</Placemark>
		<Placemark>
			<name>40311</name>
			<visibility>0</visibility>
			<ExtendedData>
				<SchemaData schemaUrl="#S_BLOQUE_SOJO_Y_LAS_MARIPOSAS">
					<SimpleData name="AREA_HA">0.6157</SimpleData>
					<SimpleData name="NOM_LOC">SOJO</SimpleData>
					<SimpleData name="NOM_PRE">S/N</SimpleData>
					<SimpleData name="NOM_BLO">SOJO Y LAS MARIPOSAS</SimpleData>
					<SimpleData name="CODCAT">40311</SimpleData>
					<SimpleData name="USUARIO"></SimpleData>
					<SimpleData name="AP_PAT_USU"></SimpleData>
					<SimpleData name="AP_MAT_USU"></SimpleData>
					<SimpleData name="NOM_USU"></SimpleData>
					<SimpleData name="TIPODOC">SIN DATO</SimpleData>
					<SimpleData name="NUM_DOC"></SimpleData>
					<SimpleData name="DESC_LIC"></SimpleData>
					<SimpleData name="PAR_AR_BR">0.6157</SimpleData>
					<SimpleData name="RES_ADM"></SimpleData>
					<SimpleData name="TOMA">SOJO Y LAS MARIPOSAS</SimpleData>
				</SchemaData>
			</ExtendedData>
			<Polygon>
				<outerBoundaryIs>
					<LinearRing>
						<coordinates>
							-80.82869613279371,-4.904848654309319,0 -80.8285996225749,-4.904854058060986,0 -80.82848940218756,-4.904861448610238,0 -80.82845269522554,-4.904851488115329,0 -80.82812613746241,-4.902531763842319,0 -80.8282089211058,-4.902592849307066,0 -80.82830920241766,-4.902654572422565,0 -80.82834843216271,-4.90267475622921,0 -80.82869613279371,-4.904848654309319,0 -80.82869613279371,-4.904848654309319,0
						</coordinates>
					</LinearRing>
				</outerBoundaryIs>
			</Polygon>
		</Placemark>
		<Placemark>
			<name>40327</name>
			<visibility>0</visibility>
			<ExtendedData>
				<SchemaData schemaUrl="#S_BLOQUE_SOJO_Y_LAS_MARIPOSAS">
					<SimpleData name="AREA_HA">0.5862</SimpleData>
					<SimpleData name="NOM_LOC">SOJO</SimpleData>
					<SimpleData name="NOM_PRE">SOJO (P)</SimpleData>
					<SimpleData name="NOM_BLO">SOJO Y LAS MARIPOSAS</SimpleData>
					<SimpleData name="CODCAT">40327</SimpleData>
					<SimpleData name="USUARIO">DIOSES PRADO, PEDRO PABLO</SimpleData>
					<SimpleData name="AP_PAT_USU">DIOSES</SimpleData>
					<SimpleData name="AP_MAT_USU">PRADO</SimpleData>
					<SimpleData name="NOM_USU">PEDRO PABLO</SimpleData>
					<SimpleData name="TIPODOC">DNI</SimpleData>
					<SimpleData name="NUM_DOC">03665101</SimpleData>
					<SimpleData name="DESC_LIC">G.R.PIURA-420010-AACH-ATDRCH</SimpleData>
					<SimpleData name="PAR_AR_BR">0.5862</SimpleData>
					<SimpleData name="RES_ADM">126-2006-G.R.PIURA-420010-AACH-ATDRCH</SimpleData>
					<SimpleData name="TOMA">SOJO Y LAS MARIPOSAS</SimpleData>
				</SchemaData>
			</ExtendedData>
			<Polygon>
				<outerBoundaryIs>
					<LinearRing>
						<coordinates>
							-80.82893983948446,-4.904851700780775,0 -80.82888761693556,-4.904849787908994,0 -80.82872084661706,-4.904847303516302,0 -80.82869613279371,-4.904848654309319,0 -80.82834843216271,-4.90267475622921,0 -80.82840732184846,-4.902705167645475,0 -80.8284676509103,-4.902750596797196,0 -80.82850588357829,-4.902790592428962,0 -80.82858379987627,-4.902839192300091,0 -80.82858785790356,-4.902842178700897,0 -80.82893983948446,-4.904851700780775,0 -80.82893983948446,-4.904851700780775,0
						</coordinates>
					</LinearRing>
				</outerBoundaryIs>
			</Polygon>
		</Placemark>
		<Placemark>
			<name>40314</name>
			<visibility>0</visibility>
			<ExtendedData>
				<SchemaData schemaUrl="#S_BLOQUE_SOJO_Y_LAS_MARIPOSAS">
					<SimpleData name="AREA_HA">0.6004</SimpleData>
					<SimpleData name="NOM_LOC">SOJO</SimpleData>
					<SimpleData name="NOM_PRE">SOJO (P)</SimpleData>
					<SimpleData name="NOM_BLO">SOJO Y LAS MARIPOSAS</SimpleData>
					<SimpleData name="CODCAT">40314</SimpleData>
					<SimpleData name="USUARIO">RIOFRIO CHORRES, JUAN FELIX</SimpleData>
					<SimpleData name="AP_PAT_USU">RIOFRIO</SimpleData>
					<SimpleData name="AP_MAT_USU">CHORRES</SimpleData>
					<SimpleData name="NOM_USU">JUAN FELIX</SimpleData>
					<SimpleData name="TIPODOC">DNI</SimpleData>
					<SimpleData name="NUM_DOC">03629223</SimpleData>
					<SimpleData name="DESC_LIC">G.R.PIURA-420010-AACH-ATDRCH</SimpleData>
					<SimpleData name="PAR_AR_BR">0.6004</SimpleData>
					<SimpleData name="RES_ADM">126-2006-G.R.PIURA-420010-AACH-ATDRCH</SimpleData>
					<SimpleData name="TOMA">SOJO Y LAS MARIPOSAS</SimpleData>
				</SchemaData>
			</ExtendedData>
			<Polygon>
				<outerBoundaryIs>
					<LinearRing>
						<coordinates>
							-80.8293069217125,-4.904901096672751,0 -80.82927995568235,-4.904891681454167,0 -80.82912365546277,-4.904859165021581,0 -80.82896193710637,-4.904852520510739,0 -80.82893983948446,-4.904851700780775,0 -80.82858785790356,-4.902842178700897,0 -80.82863808723232,-4.902879282418895,0 -80.82870779720851,-4.902922271317037,0 -80.82875144579018,-4.902945441591355,0 -80.8293069217125,-4.904901096672751,0 -80.8293069217125,-4.904901096672751,0
						</coordinates>
					</LinearRing>
				</outerBoundaryIs>
			</Polygon>
		</Placemark>
		<Placemark>
			<name>40315</name>
			<visibility>0</visibility>
			<ExtendedData>
				<SchemaData schemaUrl="#S_BLOQUE_SOJO_Y_LAS_MARIPOSAS">
					<SimpleData name="AREA_HA">0.6376</SimpleData>
					<SimpleData name="NOM_LOC">SOJO</SimpleData>
					<SimpleData name="NOM_PRE">SOJO (P)</SimpleData>
					<SimpleData name="NOM_BLO">SOJO Y LAS MARIPOSAS</SimpleData>
					<SimpleData name="CODCAT">40315</SimpleData>
					<SimpleData name="USUARIO">RUFINO DE FLORES, PETRONILA</SimpleData>
					<SimpleData name="AP_PAT_USU">RUFINO</SimpleData>
					<SimpleData name="AP_MAT_USU">DE FLORES</SimpleData>
					<SimpleData name="NOM_USU">PETRONILA</SimpleData>
					<SimpleData name="TIPODOC">DNI</SimpleData>
					<SimpleData name="NUM_DOC">03630196</SimpleData>
					<SimpleData name="DESC_LIC">G.R.PIURA-420010-AACH-ATDRCH</SimpleData>
					<SimpleData name="PAR_AR_BR">0.6376</SimpleData>
					<SimpleData name="RES_ADM">126-2006-G.R.PIURA-420010-AACH-ATDRCH</SimpleData>
					<SimpleData name="TOMA">SOJO Y LAS MARIPOSAS</SimpleData>
				</SchemaData>
			</ExtendedData>
			<Polygon>
				<outerBoundaryIs>
					<LinearRing>
						<coordinates>
							-80.82966036810576,-4.905016710177341,0 -80.82963475207781,-4.905019055907451,0 -80.82947241566697,-4.90495858401268,0 -80.8293069217125,-4.904901096672751,0 -80.82875144579018,-4.902945441591355,0 -80.828761816834,-4.902950962625445,0 -80.82880952455275,-4.90297268645528,0 -80.82889773012383,-4.90299315389972,0 -80.82897944065084,-4.903017690683185,0 -80.82966036810576,-4.905016710177341,0 -80.82966036810576,-4.905016710177341,0
						</coordinates>
					</LinearRing>
				</outerBoundaryIs>
			</Polygon>
		</Placemark>
		<Placemark>
			<name>40318</name>
			<visibility>0</visibility>
			<ExtendedData>
				<SchemaData schemaUrl="#S_BLOQUE_SOJO_Y_LAS_MARIPOSAS">
					<SimpleData name="AREA_HA">0.5764</SimpleData>
					<SimpleData name="NOM_LOC">SOJO</SimpleData>
					<SimpleData name="NOM_PRE">SOJO</SimpleData>
					<SimpleData name="NOM_BLO">SOJO Y LAS MARIPOSAS</SimpleData>
					<SimpleData name="CODCAT">40318</SimpleData>
					<SimpleData name="USUARIO">FLORES IPANAQUE, AURELIA</SimpleData>
					<SimpleData name="AP_PAT_USU">FLORES</SimpleData>
					<SimpleData name="AP_MAT_USU">IPANAQUE</SimpleData>
					<SimpleData name="NOM_USU">AURELIA</SimpleData>
					<SimpleData name="TIPODOC">DNI</SimpleData>
					<SimpleData name="NUM_DOC">03629969</SimpleData>
					<SimpleData name="DESC_LIC">G.R.PIURA-420010-AACH-ATDRCH</SimpleData>
					<SimpleData name="PAR_AR_BR">0.5764</SimpleData>
					<SimpleData name="RES_ADM">126-2006-G.R.PIURA-420010-AACH-ATDRCH</SimpleData>
					<SimpleData name="TOMA">SOJO Y LAS MARIPOSAS</SimpleData>
				</SchemaData>
			</ExtendedData>
			<Polygon>
				<outerBoundaryIs>
					<LinearRing>
						<coordinates>
							-80.82990958231471,-4.904997412534478,0 -80.82987305327043,-4.904997312970161,0 -80.82966036810576,-4.905016710177341,0 -80.82897944065084,-4.903017690683185,0 -80.82899585489496,-4.90302267042966,0 -80.82906088282675,-4.903033271241728,0 -80.82911725276433,-4.903040974965527,0 -80.82920095096743,-4.903051942298308,0 -80.82925443143351,-4.903072672412634,0 -80.82926498217695,-4.903080997934445,0 -80.82950984372107,-4.90387996557931,0 -80.82959899216296,-4.904099730078988,0 -80.82962990584791,-4.904193460711523,0 -80.82965423733732,-4.904278957282406,0 -80.82966765490666,-4.904365717656871,0 -80.82967700739613,-4.904477898002623,0 -80.82969584408063,-4.904534805901458,0 -80.82971882806466,-4.904598499794197,0 -80.82975803629226,-4.904706164274169,0 -80.82990958231471,-4.904997412534478,0 -80.82990958231471,-4.904997412534478,0
						</coordinates>
					</LinearRing>
				</outerBoundaryIs>
			</Polygon>
		</Placemark>
		<Placemark>
			<name>40319</name>
			<visibility>0</visibility>
			<ExtendedData>
				<SchemaData schemaUrl="#S_BLOQUE_SOJO_Y_LAS_MARIPOSAS">
					<SimpleData name="AREA_HA">0.8342</SimpleData>
					<SimpleData name="NOM_LOC">SOJO</SimpleData>
					<SimpleData name="NOM_PRE">SOJO (P)</SimpleData>
					<SimpleData name="NOM_BLO">SOJO Y LAS MARIPOSAS</SimpleData>
					<SimpleData name="CODCAT">40319</SimpleData>
					<SimpleData name="USUARIO">VILELA CARRASCO, PEPE</SimpleData>
					<SimpleData name="AP_PAT_USU">VILELA</SimpleData>
					<SimpleData name="AP_MAT_USU">CARRASCO</SimpleData>
					<SimpleData name="NOM_USU">PEPE</SimpleData>
					<SimpleData name="TIPODOC">DNI</SimpleData>
					<SimpleData name="NUM_DOC">03629966</SimpleData>
					<SimpleData name="DESC_LIC">G.R.PIURA-420010-AACH-ATDRCH</SimpleData>
					<SimpleData name="PAR_AR_BR">0.8342</SimpleData>
					<SimpleData name="RES_ADM">126-2006-G.R.PIURA-420010-AACH-ATDRCH</SimpleData>
					<SimpleData name="TOMA">SOJO Y LAS MARIPOSAS</SimpleData>
				</SchemaData>
			</ExtendedData>
			<Polygon>
				<outerBoundaryIs>
					<LinearRing>
						<coordinates>
							-80.82990958231471,-4.904997412534478,0 -80.82975803629226,-4.904706164274169,0 -80.82971882806466,-4.904598499794197,0 -80.82969584408063,-4.904534805901458,0 -80.82967700739613,-4.904477898002623,0 -80.82966765490666,-4.904365717656871,0 -80.82965423733732,-4.904278957282406,0 -80.82962990584791,-4.904193460711523,0 -80.82959899216296,-4.904099730078988,0 -80.82950984372107,-4.90387996557931,0 -80.82926498217695,-4.903080997934445,0 -80.82930727541576,-4.903114028644153,0 -80.82937563112149,-4.903162716503258,0 -80.82942612975701,-4.903205248199843,0 -80.8294781598284,-4.903255379430989,0 -80.82953740400411,-4.903311573689814,0 -80.82961360577045,-4.903364063061224,0 -80.82966311233601,-4.903406413560991,0 -80.82967609638233,-4.903422700703805,0 -80.82983346542142,-4.903872899445152,0 -80.82995273488177,-4.904109859971053,0 -80.8300918520967,-4.90432764659187,0 -80.83020624722923,-4.904580618369955,0 -80.8303601328258,-4.904894845516599,0 -80.83030266491257,-4.904949744189347,0 -80.83007346688544,-4.904998086591128,0 -80.82990958231471,-4.904997412534478,0 -80.82990958231471,-4.904997412534478,0
						</coordinates>
					</LinearRing>
				</outerBoundaryIs>
			</Polygon>
		</Placemark>
		<Placemark>
			<name>40320</name>
			<visibility>0</visibility>
			<ExtendedData>
				<SchemaData schemaUrl="#S_BLOQUE_SOJO_Y_LAS_MARIPOSAS">
					<SimpleData name="AREA_HA">0.2627</SimpleData>
					<SimpleData name="NOM_LOC">SOJO</SimpleData>
					<SimpleData name="NOM_PRE">SOJO (P)</SimpleData>
					<SimpleData name="NOM_BLO">SOJO Y LAS MARIPOSAS</SimpleData>
					<SimpleData name="CODCAT">40320</SimpleData>
					<SimpleData name="USUARIO">VILELA CARRASCO, PEPE</SimpleData>
					<SimpleData name="AP_PAT_USU">VILELA</SimpleData>
					<SimpleData name="AP_MAT_USU">CARRASCO</SimpleData>
					<SimpleData name="NOM_USU">PEPE</SimpleData>
					<SimpleData name="TIPODOC">DNI</SimpleData>
					<SimpleData name="NUM_DOC">03629966</SimpleData>
					<SimpleData name="DESC_LIC">G.R.PIURA-420010-AACH-ATDRCH</SimpleData>
					<SimpleData name="PAR_AR_BR">0.2627</SimpleData>
					<SimpleData name="RES_ADM">126-2006-G.R.PIURA-420010-AACH-ATDRCH</SimpleData>
					<SimpleData name="TOMA">SOJO Y LAS MARIPOSAS</SimpleData>
				</SchemaData>
			</ExtendedData>
			<Polygon>
				<outerBoundaryIs>
					<LinearRing>
						<coordinates>
							-80.82925146320277,-4.903039651529126,0 -80.82882524397992,-4.90178369389673,0 -80.82885555298785,-4.901769407837655,0 -80.82889756077049,-4.901861784289443,0 -80.82947714580868,-4.902980000239918,0 -80.82950824148087,-4.903067036429654,0 -80.82954817422703,-4.903162307241733,0 -80.82959406162544,-4.903250432711534,0 -80.82962218772903,-4.90330987598202,0 -80.82962650780496,-4.903347330042434,0 -80.82944670245196,-4.903172052261704,0 -80.82936545296886,-4.903106805885502,0 -80.82928654740223,-4.903046264324877,0 -80.82925146320277,-4.903039651529126,0 -80.82925146320277,-4.903039651529126,0
						</coordinates>
					</LinearRing>
				</outerBoundaryIs>
			</Polygon>
		</Placemark>
		<Placemark>
			<name>40317</name>
			<visibility>0</visibility>
			<ExtendedData>
				<SchemaData schemaUrl="#S_BLOQUE_SOJO_Y_LAS_MARIPOSAS">
					<SimpleData name="AREA_HA">0.3776</SimpleData>
					<SimpleData name="NOM_LOC">SOJO</SimpleData>
					<SimpleData name="NOM_PRE">SOJO</SimpleData>
					<SimpleData name="NOM_BLO">SOJO Y LAS MARIPOSAS</SimpleData>
					<SimpleData name="CODCAT">40317</SimpleData>
					<SimpleData name="USUARIO">FLORES IPANAQUE, AURELIA</SimpleData>
					<SimpleData name="AP_PAT_USU">FLORES</SimpleData>
					<SimpleData name="AP_MAT_USU">IPANAQUE</SimpleData>
					<SimpleData name="NOM_USU">AURELIA</SimpleData>
					<SimpleData name="TIPODOC">DNI</SimpleData>
					<SimpleData name="NUM_DOC">03629969</SimpleData>
					<SimpleData name="DESC_LIC">G.R.PIURA-420010-AACH-ATDRCH</SimpleData>
					<SimpleData name="PAR_AR_BR">0.3776</SimpleData>
					<SimpleData name="RES_ADM">126-2006-G.R.PIURA-420010-AACH-ATDRCH</SimpleData>
					<SimpleData name="TOMA">SOJO Y LAS MARIPOSAS</SimpleData>
				</SchemaData>
			</ExtendedData>
			<Polygon>
				<outerBoundaryIs>
					<LinearRing>
						<coordinates>
							-80.82925146320277,-4.903039651529126,0 -80.82922386482605,-4.903034488061033,0 -80.8291371906858,-4.903021529731824,0 -80.82902562629725,-4.902994271512702,0 -80.82897079057955,-4.902982949519839,0 -80.82858387090241,-4.901831037648829,0 -80.82861155962203,-4.901835386968994,0 -80.82867298000112,-4.901844539451846,0 -80.82876398752109,-4.901840672219411,0 -80.8287909608124,-4.901820414562119,0 -80.82882506356781,-4.901783784317702,0 -80.82882524397992,-4.90178369389673,0 -80.82925146320277,-4.903039651529126,0 -80.82925146320277,-4.903039651529126,0
						</coordinates>
					</LinearRing>
				</outerBoundaryIs>
			</Polygon>
		</Placemark>
		<Placemark>
			<name>40316</name>
			<visibility>0</visibility>
			<ExtendedData>
				<SchemaData schemaUrl="#S_BLOQUE_SOJO_Y_LAS_MARIPOSAS">
					<SimpleData name="AREA_HA">0.2529</SimpleData>
					<SimpleData name="NOM_LOC">SOJO</SimpleData>
					<SimpleData name="NOM_PRE">SOJO (P)</SimpleData>
					<SimpleData name="NOM_BLO">SOJO Y LAS MARIPOSAS</SimpleData>
					<SimpleData name="CODCAT">40316</SimpleData>
					<SimpleData name="USUARIO">RUFINO DE FLORES, PETRONILA</SimpleData>
					<SimpleData name="AP_PAT_USU">RUFINO</SimpleData>
					<SimpleData name="AP_MAT_USU">DE FLORES</SimpleData>
					<SimpleData name="NOM_USU">PETRONILA</SimpleData>
					<SimpleData name="TIPODOC">DNI</SimpleData>
					<SimpleData name="NUM_DOC">03630196</SimpleData>
					<SimpleData name="DESC_LIC">G.R.PIURA-420010-AACH-ATDRCH</SimpleData>
					<SimpleData name="PAR_AR_BR">0.2529</SimpleData>
					<SimpleData name="RES_ADM">126-2006-G.R.PIURA-420010-AACH-ATDRCH</SimpleData>
					<SimpleData name="TOMA">SOJO Y LAS MARIPOSAS</SimpleData>
				</SchemaData>
			</ExtendedData>
			<Polygon>
				<outerBoundaryIs>
					<LinearRing>
						<coordinates>
							-80.82897079057955,-4.902982949519839,0 -80.8289467999607,-4.902977967875861,0 -80.82889981089116,-4.902967914367736,0 -80.82882693677433,-4.902954235725696,0 -80.82873675109252,-4.902917031539924,0 -80.82873070947419,-4.902911240192422,0 -80.82843298234835,-4.901801598284323,0 -80.82845778404207,-4.901809113200873,0 -80.82854472791814,-4.901824785664559,0 -80.82858387090241,-4.901831037648829,0 -80.82897079057955,-4.902982949519839,0 -80.82897079057955,-4.902982949519839,0
						</coordinates>
					</LinearRing>
				</outerBoundaryIs>
			</Polygon>
		</Placemark>
		<Placemark>
			<name>40313</name>
			<visibility>0</visibility>
			<ExtendedData>
				<SchemaData schemaUrl="#S_BLOQUE_SOJO_Y_LAS_MARIPOSAS">
					<SimpleData name="AREA_HA">0.1064</SimpleData>
					<SimpleData name="NOM_LOC">SOJO</SimpleData>
					<SimpleData name="NOM_PRE">SOJO (P)</SimpleData>
					<SimpleData name="NOM_BLO">SOJO Y LAS MARIPOSAS</SimpleData>
					<SimpleData name="CODCAT">40313</SimpleData>
					<SimpleData name="USUARIO">RIOFRIO CHORRES, JUAN FELIX</SimpleData>
					<SimpleData name="AP_PAT_USU">RIOFRIO</SimpleData>
					<SimpleData name="AP_MAT_USU">CHORRES</SimpleData>
					<SimpleData name="NOM_USU">JUAN FELIX</SimpleData>
					<SimpleData name="TIPODOC">DNI</SimpleData>
					<SimpleData name="NUM_DOC">03629223</SimpleData>
					<SimpleData name="DESC_LIC">G.R.PIURA-420010-AACH-ATDRCH</SimpleData>
					<SimpleData name="PAR_AR_BR">0.1064</SimpleData>
					<SimpleData name="RES_ADM">126-2006-G.R.PIURA-420010-AACH-ATDRCH</SimpleData>
					<SimpleData name="TOMA">SOJO Y LAS MARIPOSAS</SimpleData>
				</SchemaData>
			</ExtendedData>
			<Polygon>
				<outerBoundaryIs>
					<LinearRing>
						<coordinates>
							-80.82873070947419,-4.902911240192422,0 -80.82869941922539,-4.902881559453616,0 -80.82863954054645,-4.902838392088493,0 -80.82857884964717,-4.902797124303325,0 -80.82857452615741,-4.902773602022301,0 -80.82839158601087,-4.901789284493956,0 -80.82839248791356,-4.901789465652763,0 -80.82843298234835,-4.901801598284323,0 -80.82873070947419,-4.902911240192422,0 -80.82873070947419,-4.902911240192422,0
						</coordinates>
					</LinearRing>
				</outerBoundaryIs>
			</Polygon>
		</Placemark>
		<Placemark>
			<name>40328</name>
			<visibility>0</visibility>
			<ExtendedData>
				<SchemaData schemaUrl="#S_BLOQUE_SOJO_Y_LAS_MARIPOSAS">
					<SimpleData name="AREA_HA">0.2239</SimpleData>
					<SimpleData name="NOM_LOC">SOJO</SimpleData>
					<SimpleData name="NOM_PRE">SOJO (P)</SimpleData>
					<SimpleData name="NOM_BLO">SOJO Y LAS MARIPOSAS</SimpleData>
					<SimpleData name="CODCAT">40328</SimpleData>
					<SimpleData name="USUARIO">DIOSES PRADO, PEDRO PABLO</SimpleData>
					<SimpleData name="AP_PAT_USU">DIOSES</SimpleData>
					<SimpleData name="AP_MAT_USU">PRADO</SimpleData>
					<SimpleData name="NOM_USU">PEDRO PABLO</SimpleData>
					<SimpleData name="TIPODOC">DNI</SimpleData>
					<SimpleData name="NUM_DOC">03665101</SimpleData>
					<SimpleData name="DESC_LIC">G.R.PIURA-420010-AACH-ATDRCH</SimpleData>
					<SimpleData name="PAR_AR_BR">0.2239</SimpleData>
					<SimpleData name="RES_ADM">126-2006-G.R.PIURA-420010-AACH-ATDRCH</SimpleData>
					<SimpleData name="TOMA">SOJO Y LAS MARIPOSAS</SimpleData>
				</SchemaData>
			</ExtendedData>
			<Polygon>
				<outerBoundaryIs>
					<LinearRing>
						<coordinates>
							-80.82857884964717,-4.902797124303325,0 -80.8285616253275,-4.902785449849281,0 -80.82849236930696,-4.90273060998635,0 -80.82842374357816,-4.902680112649478,0 -80.82836007532606,-4.902642643675314,0 -80.82833202895921,-4.90262562899445,0 -80.82821616958135,-4.901739484039096,0 -80.82822654128044,-4.901742291096863,0 -80.82830347096711,-4.901768183747866,0 -80.82839158601087,-4.901789284493956,0 -80.82857452615741,-4.902773602022301,0 -80.82857884964717,-4.902797124303325,0 -80.82857884964717,-4.902797124303325,0
						</coordinates>
					</LinearRing>
				</outerBoundaryIs>
			</Polygon>
		</Placemark>
		<Placemark>
			<name>40312</name>
			<visibility>0</visibility>
			<ExtendedData>
				<SchemaData schemaUrl="#S_BLOQUE_SOJO_Y_LAS_MARIPOSAS">
					<SimpleData name="AREA_HA">0.2044</SimpleData>
					<SimpleData name="NOM_LOC">SOJO</SimpleData>
					<SimpleData name="NOM_PRE">S/N</SimpleData>
					<SimpleData name="NOM_BLO">SOJO Y LAS MARIPOSAS</SimpleData>
					<SimpleData name="CODCAT">40312</SimpleData>
					<SimpleData name="USUARIO"></SimpleData>
					<SimpleData name="AP_PAT_USU"></SimpleData>
					<SimpleData name="AP_MAT_USU"></SimpleData>
					<SimpleData name="NOM_USU"></SimpleData>
					<SimpleData name="TIPODOC">SIN DATO</SimpleData>
					<SimpleData name="NUM_DOC"></SimpleData>
					<SimpleData name="DESC_LIC"></SimpleData>
					<SimpleData name="PAR_AR_BR">0.2044</SimpleData>
					<SimpleData name="RES_ADM"></SimpleData>
					<SimpleData name="TOMA">SOJO Y LAS MARIPOSAS</SimpleData>
				</SchemaData>
			</ExtendedData>
			<Polygon>
				<outerBoundaryIs>
					<LinearRing>
						<coordinates>
							-80.82833202895921,-4.90262562899445,0 -80.82830425315592,-4.902608704846587,0 -80.82822345143768,-4.902557028370009,0 -80.82815879303293,-4.902511688574371,0 -80.82812037643727,-4.902485986527241,0 -80.82800548620796,-4.901692931443757,0 -80.82800602730872,-4.901693202978372,0 -80.82805138982648,-4.901715016734933,0 -80.82810613586204,-4.901723805725029,0 -80.82816575409076,-4.901725901441589,0 -80.82821616958135,-4.901739484039096,0 -80.82833202895921,-4.90262562899445,0 -80.82833202895921,-4.90262562899445,0
						</coordinates>
					</LinearRing>
				</outerBoundaryIs>
			</Polygon>
		</Placemark>
		<Placemark>
			<name>40309</name>
			<visibility>0</visibility>
			<ExtendedData>
				<SchemaData schemaUrl="#S_BLOQUE_SOJO_Y_LAS_MARIPOSAS">
					<SimpleData name="AREA_HA">0.1712</SimpleData>
					<SimpleData name="NOM_LOC">SOJO</SimpleData>
					<SimpleData name="NOM_PRE">SOJO (P)</SimpleData>
					<SimpleData name="NOM_BLO">SOJO Y LAS MARIPOSAS</SimpleData>
					<SimpleData name="CODCAT">40309</SimpleData>
					<SimpleData name="USUARIO">SERNAQUE CHAVEZ, BALTAZAR</SimpleData>
					<SimpleData name="AP_PAT_USU">SERNAQUE</SimpleData>
					<SimpleData name="AP_MAT_USU">CHAVEZ</SimpleData>
					<SimpleData name="NOM_USU">BALTAZAR</SimpleData>
					<SimpleData name="TIPODOC">DNI</SimpleData>
					<SimpleData name="NUM_DOC">03629234</SimpleData>
					<SimpleData name="DESC_LIC">G.R.PIURA-420010-AACH-ATDRCH</SimpleData>
					<SimpleData name="PAR_AR_BR">0.1712</SimpleData>
					<SimpleData name="RES_ADM">126-2006-G.R.PIURA-420010-AACH-ATDRCH</SimpleData>
					<SimpleData name="TOMA">SOJO Y LAS MARIPOSAS</SimpleData>
				</SchemaData>
			</ExtendedData>
			<Polygon>
				<outerBoundaryIs>
					<LinearRing>
						<coordinates>
							-80.82812037643727,-4.902485986527241,0 -80.82805670948854,-4.902443451421823,0 -80.82796959484828,-4.902389059342682,0 -80.8279097165331,-4.902344806321195,0 -80.82789573925191,-4.90233313266859,0 -80.82784054443677,-4.901595186475058,0 -80.8278472179428,-4.901598806802017,0 -80.82790836077288,-4.90163564192267,0 -80.82794912264831,-4.901660258977525,0 -80.82800548620796,-4.901692931443757,0 -80.82812037643727,-4.902485986527241,0 -80.82812037643727,-4.902485986527241,0
						</coordinates>
					</LinearRing>
				</outerBoundaryIs>
			</Polygon>
		</Placemark>
		<Placemark>
			<name>40308</name>
			<visibility>0</visibility>
			<ExtendedData>
				<SchemaData schemaUrl="#S_BLOQUE_SOJO_Y_LAS_MARIPOSAS">
					<SimpleData name="AREA_HA">0.161</SimpleData>
					<SimpleData name="NOM_LOC">SOJO</SimpleData>
					<SimpleData name="NOM_PRE">SOJO (P)</SimpleData>
					<SimpleData name="NOM_BLO">SOJO Y LAS MARIPOSAS</SimpleData>
					<SimpleData name="CODCAT">40308</SimpleData>
					<SimpleData name="USUARIO">ALEJAVO REVOLLEDO, ARTIDORO</SimpleData>
					<SimpleData name="AP_PAT_USU">ALEJAVO</SimpleData>
					<SimpleData name="AP_MAT_USU">REVOLLEDO</SimpleData>
					<SimpleData name="NOM_USU">ARTIDORO</SimpleData>
					<SimpleData name="TIPODOC">DNI</SimpleData>
					<SimpleData name="NUM_DOC">03628802</SimpleData>
					<SimpleData name="DESC_LIC">G.R.PIURA-420010-AACH-ATDRCH</SimpleData>
					<SimpleData name="PAR_AR_BR">0.161</SimpleData>
					<SimpleData name="RES_ADM">126-2006-G.R.PIURA-420010-AACH-ATDRCH</SimpleData>
					<SimpleData name="TOMA">SOJO Y LAS MARIPOSAS</SimpleData>
				</SchemaData>
			</ExtendedData>
			<Polygon>
				<outerBoundaryIs>
					<LinearRing>
						<coordinates>
							-80.82789573925191,-4.90233313266859,0 -80.82783153399583,-4.902279289139814,0 -80.82777706818379,-4.902231871156115,0 -80.8277141229762,-4.902188793404489,0 -80.82770961400527,-4.902185716418764,0 -80.82763962406149,-4.901461336403152,0 -80.82764692772606,-4.901469751596315,0 -80.82770878905266,-4.901518709378363,0 -80.82777561302652,-4.901559978783975,0 -80.82784054443677,-4.901595186475058,0 -80.82789573925191,-4.90233313266859,0 -80.82789573925191,-4.90233313266859,0
						</coordinates>
					</LinearRing>
				</outerBoundaryIs>
			</Polygon>
		</Placemark>
		<Placemark>
			<name>40305</name>
			<visibility>0</visibility>
			<ExtendedData>
				<SchemaData schemaUrl="#S_BLOQUE_SOJO_Y_LAS_MARIPOSAS">
					<SimpleData name="AREA_HA">0.1151</SimpleData>
					<SimpleData name="NOM_LOC">SOJO</SimpleData>
					<SimpleData name="NOM_PRE">SOJO (P)</SimpleData>
					<SimpleData name="NOM_BLO">SOJO Y LAS MARIPOSAS</SimpleData>
					<SimpleData name="CODCAT">40305</SimpleData>
					<SimpleData name="USUARIO">CARRASCO SANDOVAL, GENARO</SimpleData>
					<SimpleData name="AP_PAT_USU">CARRASCO</SimpleData>
					<SimpleData name="AP_MAT_USU">SANDOVAL</SimpleData>
					<SimpleData name="NOM_USU">GENARO</SimpleData>
					<SimpleData name="TIPODOC">DNI</SimpleData>
					<SimpleData name="NUM_DOC">03630474</SimpleData>
					<SimpleData name="DESC_LIC">G.R.PIURA-420010-AACH-ATDRCH</SimpleData>
					<SimpleData name="PAR_AR_BR">0.115</SimpleData>
					<SimpleData name="RES_ADM">126-2006-G.R.PIURA-420010-AACH-ATDRCH</SimpleData>
					<SimpleData name="TOMA">SOJO Y LAS MARIPOSAS</SimpleData>
				</SchemaData>
			</ExtendedData>
			<Polygon>
				<outerBoundaryIs>
					<LinearRing>
						<coordinates>
							-80.82770961400527,-4.902185716418764,0 -80.82767390299607,-4.902161191089056,0 -80.82761366509889,-4.902112324178458,0 -80.82757191342691,-4.902078298374963,0 -80.82750318189304,-4.901371740495099,0 -80.82750129268459,-4.901352289798526,0 -80.82754430835166,-4.901381068888478,0 -80.82761699173784,-4.901435185979786,0 -80.82763962406149,-4.901461336403152,0 -80.82770961400527,-4.902185716418764,0 -80.82770961400527,-4.902185716418764,0
						</coordinates>
					</LinearRing>
				</outerBoundaryIs>
			</Polygon>
		</Placemark>
		<Placemark>
			<name>40304</name>
			<visibility>0</visibility>
			<ExtendedData>
				<SchemaData schemaUrl="#S_BLOQUE_SOJO_Y_LAS_MARIPOSAS">
					<SimpleData name="AREA_HA">0.2292</SimpleData>
					<SimpleData name="NOM_LOC">SOJO</SimpleData>
					<SimpleData name="NOM_PRE">S/N</SimpleData>
					<SimpleData name="NOM_BLO">SOJO Y LAS MARIPOSAS</SimpleData>
					<SimpleData name="CODCAT">40304</SimpleData>
					<SimpleData name="USUARIO"></SimpleData>
					<SimpleData name="AP_PAT_USU"></SimpleData>
					<SimpleData name="AP_MAT_USU"></SimpleData>
					<SimpleData name="NOM_USU"></SimpleData>
					<SimpleData name="TIPODOC">SIN DATO</SimpleData>
					<SimpleData name="NUM_DOC"></SimpleData>
					<SimpleData name="DESC_LIC"></SimpleData>
					<SimpleData name="PAR_AR_BR">0.2292</SimpleData>
					<SimpleData name="RES_ADM"></SimpleData>
					<SimpleData name="TOMA">SOJO Y LAS MARIPOSAS</SimpleData>
				</SchemaData>
			</ExtendedData>
			<Polygon>
				<outerBoundaryIs>
					<LinearRing>
						<coordinates>
							-80.82757191342691,-4.902078298374963,0 -80.82756082173331,-4.902069248961885,0 -80.82750319602859,-4.902034224019958,0 -80.8274390766896,-4.901997659508758,0 -80.82737108161675,-4.901950599940617,0 -80.8273184152373,-4.901921185136844,0 -80.82728144587175,-4.901879380437042,0 -80.82728209292138,-4.90181695896707,0 -80.82728419422615,-4.901710209458057,0 -80.8272799780547,-4.901618747128687,0 -80.82727080149107,-4.901526017019156,0 -80.82725874674601,-4.901401261169324,0 -80.82725417618802,-4.901284377765089,0 -80.82726250060865,-4.901178896353704,0 -80.82733185231285,-4.90121084842881,0 -80.82739930550557,-4.901260440914208,0 -80.82747324682481,-4.901333556227172,0 -80.82750129268459,-4.901352289798526,0 -80.82750318189304,-4.901371740495099,0 -80.82757191342691,-4.902078298374963,0 -80.82757191342691,-4.902078298374963,0
						</coordinates>
					</LinearRing>
				</outerBoundaryIs>
			</Polygon>
		</Placemark>
		<Placemark>
			<name>40414</name>
			<visibility>0</visibility>
			<ExtendedData>
				<SchemaData schemaUrl="#S_BLOQUE_SOJO_Y_LAS_MARIPOSAS">
					<SimpleData name="AREA_HA">1.2732</SimpleData>
					<SimpleData name="NOM_LOC">SOJO</SimpleData>
					<SimpleData name="NOM_PRE">SOJO (P)</SimpleData>
					<SimpleData name="NOM_BLO">SOJO Y LAS MARIPOSAS</SimpleData>
					<SimpleData name="CODCAT">40414</SimpleData>
					<SimpleData name="USUARIO">CORONADO QUEVEDO, GILBERTO</SimpleData>
					<SimpleData name="AP_PAT_USU">CORONADO</SimpleData>
					<SimpleData name="AP_MAT_USU">QUEVEDO</SimpleData>
					<SimpleData name="NOM_USU">GILBERTO</SimpleData>
					<SimpleData name="TIPODOC">DNI</SimpleData>
					<SimpleData name="NUM_DOC">03629701</SimpleData>
					<SimpleData name="DESC_LIC">G.R.PIURA-420010-AACH-ATDRCH</SimpleData>
					<SimpleData name="PAR_AR_BR">1.2732</SimpleData>
					<SimpleData name="RES_ADM">126-2006-G.R.PIURA-420010-AACH-ATDRCH</SimpleData>
					<SimpleData name="TOMA">SOJO Y LAS MARIPOSAS</SimpleData>
				</SchemaData>
			</ExtendedData>
			<Polygon>
				<outerBoundaryIs>
					<LinearRing>
						<coordinates>
							-80.83003583793121,-4.905069002681987,0 -80.83028018297207,-4.906139549274082,0 -80.82992531742278,-4.906652856300926,0 -80.82985658358311,-4.906672651259159,0 -80.82968411480607,-4.906733401498538,0 -80.82953140612638,-4.906764664667231,0 -80.82933757072932,-4.906786147178202,0 -80.82915212647087,-4.906795690203271,0 -80.82902955191635,-4.90679131714132,0 -80.82942515240244,-4.906415438854164,0 -80.82951428417701,-4.906340102827247,0 -80.82958004735627,-4.906296876432923,0 -80.82962623491794,-4.906266581804637,0 -80.82966782692989,-4.906218464197938,0 -80.82948343412521,-4.905263005315586,0 -80.82957896345019,-4.90521245859086,0 -80.82969650881071,-4.905127992540505,0 -80.82975496880044,-4.905073636966623,0 -80.82981991154401,-4.905064877936582,0 -80.82993040059546,-4.905065357789519,0 -80.83003583793121,-4.905069002681987,0 -80.83003583793121,-4.905069002681987,0
						</coordinates>
					</LinearRing>
				</outerBoundaryIs>
			</Polygon>
		</Placemark>
		<Placemark>
			<name>40415</name>
			<visibility>0</visibility>
			<ExtendedData>
				<SchemaData schemaUrl="#S_BLOQUE_SOJO_Y_LAS_MARIPOSAS">
					<SimpleData name="AREA_HA">0.4094</SimpleData>
					<SimpleData name="NOM_LOC">SOJO</SimpleData>
					<SimpleData name="NOM_PRE">S/N</SimpleData>
					<SimpleData name="NOM_BLO">SOJO Y LAS MARIPOSAS</SimpleData>
					<SimpleData name="CODCAT">40415</SimpleData>
					<SimpleData name="USUARIO"></SimpleData>
					<SimpleData name="AP_PAT_USU"></SimpleData>
					<SimpleData name="AP_MAT_USU"></SimpleData>
					<SimpleData name="NOM_USU"></SimpleData>
					<SimpleData name="TIPODOC">SIN DATO</SimpleData>
					<SimpleData name="NUM_DOC"></SimpleData>
					<SimpleData name="DESC_LIC"></SimpleData>
					<SimpleData name="PAR_AR_BR">0.4094</SimpleData>
					<SimpleData name="RES_ADM"></SimpleData>
					<SimpleData name="TOMA">SOJO Y LAS MARIPOSAS</SimpleData>
				</SchemaData>
			</ExtendedData>
			<Polygon>
				<outerBoundaryIs>
					<LinearRing>
						<coordinates>
							-80.82958004735627,-4.906296876432923,0 -80.8293347612323,-4.906114254506722,0 -80.82906289833318,-4.905445732236979,0 -80.82905487586062,-4.905426008611387,0 -80.82913010178454,-4.905413724044982,0 -80.82936968293811,-4.905323227349905,0 -80.82948343412521,-4.905263005315586,0 -80.82966782692989,-4.906218464197938,0 -80.82962623491794,-4.906266581804637,0 -80.82958004735627,-4.906296876432923,0 -80.82958004735627,-4.906296876432923,0
						</coordinates>
					</LinearRing>
				</outerBoundaryIs>
			</Polygon>
		</Placemark>
		<Placemark>
			<name>40416</name>
			<visibility>0</visibility>
			<ExtendedData>
				<SchemaData schemaUrl="#S_BLOQUE_SOJO_Y_LAS_MARIPOSAS">
					<SimpleData name="AREA_HA">0.5843</SimpleData>
					<SimpleData name="NOM_LOC">SOJO</SimpleData>
					<SimpleData name="NOM_PRE">S/N</SimpleData>
					<SimpleData name="NOM_BLO">SOJO Y LAS MARIPOSAS</SimpleData>
					<SimpleData name="CODCAT">40416</SimpleData>
					<SimpleData name="USUARIO"></SimpleData>
					<SimpleData name="AP_PAT_USU"></SimpleData>
					<SimpleData name="AP_MAT_USU"></SimpleData>
					<SimpleData name="NOM_USU"></SimpleData>
					<SimpleData name="TIPODOC">SIN DATO</SimpleData>
					<SimpleData name="NUM_DOC"></SimpleData>
					<SimpleData name="DESC_LIC"></SimpleData>
					<SimpleData name="PAR_AR_BR">0.5843</SimpleData>
					<SimpleData name="RES_ADM"></SimpleData>
					<SimpleData name="TOMA">SOJO Y LAS MARIPOSAS</SimpleData>
				</SchemaData>
			</ExtendedData>
			<Polygon>
				<outerBoundaryIs>
					<LinearRing>
						<coordinates>
							-80.82958004735627,-4.906296876432923,0 -80.82951428417701,-4.906340102827247,0 -80.82942515240244,-4.906415438854164,0 -80.82902955191635,-4.90679131714132,0 -80.82902846957079,-4.906791316870236,0 -80.82880547903676,-4.905453538301035,0 -80.82880593021605,-4.905452724218973,0 -80.82893455046892,-4.905445609629116,0 -80.82905487586062,-4.905426008611387,0 -80.82906289833318,-4.905445732236979,0 -80.8293347612323,-4.906114254506722,0 -80.82958004735627,-4.906296876432923,0 -80.82958004735627,-4.906296876432923,0
						</coordinates>
					</LinearRing>
				</outerBoundaryIs>
			</Polygon>
		</Placemark>
		<Placemark>
			<name>35964</name>
			<visibility>0</visibility>
			<ExtendedData>
				<SchemaData schemaUrl="#S_BLOQUE_SOJO_Y_LAS_MARIPOSAS">
					<SimpleData name="AREA_HA">0.6089</SimpleData>
					<SimpleData name="NOM_LOC">SOJO</SimpleData>
					<SimpleData name="NOM_PRE">SOJO (P)</SimpleData>
					<SimpleData name="NOM_BLO">SOJO Y LAS MARIPOSAS</SimpleData>
					<SimpleData name="CODCAT">35964</SimpleData>
					<SimpleData name="USUARIO">ALBURQUEQUE CHAPILLIQUEN, CARLOS ENRIQUE</SimpleData>
					<SimpleData name="AP_PAT_USU">ALBURQUEQUE</SimpleData>
					<SimpleData name="AP_MAT_USU">CHAPILLIQUEN</SimpleData>
					<SimpleData name="NOM_USU">CARLOS ENRIQUE</SimpleData>
					<SimpleData name="TIPODOC">DNI</SimpleData>
					<SimpleData name="NUM_DOC">03630881</SimpleData>
					<SimpleData name="DESC_LIC">G.R.PIURA-420010-AACH-ATDRCH</SimpleData>
					<SimpleData name="PAR_AR_BR">0.6089</SimpleData>
					<SimpleData name="RES_ADM">126-2006-G.R.PIURA-420010-AACH-ATDRCH</SimpleData>
					<SimpleData name="TOMA">SOJO Y LAS MARIPOSAS</SimpleData>
				</SchemaData>
			</ExtendedData>
			<Polygon>
				<outerBoundaryIs>
					<LinearRing>
						<coordinates>
							-80.82587816993828,-4.900198977684616,0 -80.82584885736982,-4.900196346696708,0 -80.82550179677834,-4.900164414075641,0 -80.8253436896742,-4.900148813505105,0 -80.82430440197622,-4.900054190870257,0 -80.82428753599112,-4.900052648608579,0 -80.82429006240947,-4.900048849681067,0 -80.82432831915874,-4.899993041919175,0 -80.82437650076614,-4.899923666787036,0 -80.82442910841074,-4.899828781340377,0 -80.82445978995278,-4.89976844831676,0 -80.82448234987331,-4.899724216175949,0 -80.82450509024902,-4.899679712682179,0 -80.82587445044024,-4.899927849734405,0 -80.82587816993828,-4.900198977684616,0 -80.82587816993828,-4.900198977684616,0
						</coordinates>
					</LinearRing>
				</outerBoundaryIs>
			</Polygon>
		</Placemark>
		<Placemark>
			<name>35963</name>
			<visibility>0</visibility>
			<ExtendedData>
				<SchemaData schemaUrl="#S_BLOQUE_SOJO_Y_LAS_MARIPOSAS">
					<SimpleData name="AREA_HA">0.4465</SimpleData>
					<SimpleData name="NOM_LOC">SOJO</SimpleData>
					<SimpleData name="NOM_PRE">SOJO (P)</SimpleData>
					<SimpleData name="NOM_BLO">SOJO Y LAS MARIPOSAS</SimpleData>
					<SimpleData name="CODCAT">35963</SimpleData>
					<SimpleData name="USUARIO">CHAVEZ MORE, MAURICIO</SimpleData>
					<SimpleData name="AP_PAT_USU">CHAVEZ</SimpleData>
					<SimpleData name="AP_MAT_USU">MORE</SimpleData>
					<SimpleData name="NOM_USU">MAURICIO</SimpleData>
					<SimpleData name="TIPODOC">DNI</SimpleData>
					<SimpleData name="NUM_DOC">03629757</SimpleData>
					<SimpleData name="DESC_LIC">G.R.PIURA-420010-AACH-ATDRCH</SimpleData>
					<SimpleData name="PAR_AR_BR">0.4465</SimpleData>
					<SimpleData name="RES_ADM">126-2006-G.R.PIURA-420010-AACH-ATDRCH</SimpleData>
					<SimpleData name="TOMA">SOJO Y LAS MARIPOSAS</SimpleData>
				</SchemaData>
			</ExtendedData>
			<Polygon>
				<outerBoundaryIs>
					<LinearRing>
						<coordinates>
							-80.82587445044024,-4.899927849734405,0 -80.82450509024902,-4.899679712682179,0 -80.8245226869728,-4.899645249606746,0 -80.82457132652527,-4.899548372872711,0 -80.82459190358364,-4.899498531318307,0 -80.82459299515062,-4.899462345146928,0 -80.82586551272136,-4.899605154755666,0 -80.8258650558144,-4.899628585368157,0 -80.82587337640061,-4.899895100720224,0 -80.82587445044024,-4.899927849734405,0 -80.82587445044024,-4.899927849734405,0
						</coordinates>
					</LinearRing>
				</outerBoundaryIs>
			</Polygon>
		</Placemark>
		<Placemark>
			<name>35962</name>
			<visibility>0</visibility>
			<ExtendedData>
				<SchemaData schemaUrl="#S_BLOQUE_SOJO_Y_LAS_MARIPOSAS">
					<SimpleData name="AREA_HA">0.5204</SimpleData>
					<SimpleData name="NOM_LOC">SOJO</SimpleData>
					<SimpleData name="NOM_PRE">SOJO (P)</SimpleData>
					<SimpleData name="NOM_BLO">SOJO Y LAS MARIPOSAS</SimpleData>
					<SimpleData name="CODCAT">35962</SimpleData>
					<SimpleData name="USUARIO">CHAVEZ MORE, MAXIMO</SimpleData>
					<SimpleData name="AP_PAT_USU">CHAVEZ</SimpleData>
					<SimpleData name="AP_MAT_USU">MORE</SimpleData>
					<SimpleData name="NOM_USU">MAXIMO</SimpleData>
					<SimpleData name="TIPODOC">DNI</SimpleData>
					<SimpleData name="NUM_DOC">03629656</SimpleData>
					<SimpleData name="DESC_LIC">G.R.PIURA-420010-AACH-ATDRCH</SimpleData>
					<SimpleData name="PAR_AR_BR">0.5204</SimpleData>
					<SimpleData name="RES_ADM">126-2006-G.R.PIURA-420010-AACH-ATDRCH</SimpleData>
					<SimpleData name="TOMA">SOJO Y LAS MARIPOSAS</SimpleData>
				</SchemaData>
			</ExtendedData>
			<Polygon>
				<outerBoundaryIs>
					<LinearRing>
						<coordinates>
							-80.82587470727253,-4.899269889601068,0 -80.82586879929227,-4.899448920577932,0 -80.82586551272136,-4.899605154755666,0 -80.82459299515062,-4.899462345146928,0 -80.82459317734005,-4.899455288835632,0 -80.82458147096705,-4.899381194070768,0 -80.82455777356144,-4.89928818880612,0 -80.82452748381796,-4.899227116391454,0 -80.82445949807982,-4.899145408015588,0 -80.82587470727253,-4.899269889601068,0 -80.82587470727253,-4.899269889601068,0
						</coordinates>
					</LinearRing>
				</outerBoundaryIs>
			</Polygon>
		</Placemark>
		<Placemark>
			<name>35961</name>
			<visibility>0</visibility>
			<ExtendedData>
				<SchemaData schemaUrl="#S_BLOQUE_SOJO_Y_LAS_MARIPOSAS">
					<SimpleData name="AREA_HA">1.0607</SimpleData>
					<SimpleData name="NOM_LOC">SOJO</SimpleData>
					<SimpleData name="NOM_PRE">SOJO (P)</SimpleData>
					<SimpleData name="NOM_BLO">SOJO Y LAS MARIPOSAS</SimpleData>
					<SimpleData name="CODCAT">35961</SimpleData>
					<SimpleData name="USUARIO">YARLEQUE RUFINO, ALEJANDRO</SimpleData>
					<SimpleData name="AP_PAT_USU">YARLEQUE</SimpleData>
					<SimpleData name="AP_MAT_USU">RUFINO</SimpleData>
					<SimpleData name="NOM_USU">ALEJANDRO</SimpleData>
					<SimpleData name="TIPODOC">DNI</SimpleData>
					<SimpleData name="NUM_DOC">03631064</SimpleData>
					<SimpleData name="DESC_LIC">G.R.PIURA-420010-AACH-ATDRCH</SimpleData>
					<SimpleData name="PAR_AR_BR">1.0607</SimpleData>
					<SimpleData name="RES_ADM">126-2006-G.R.PIURA-420010-AACH-ATDRCH</SimpleData>
					<SimpleData name="TOMA">SOJO Y LAS MARIPOSAS</SimpleData>
				</SchemaData>
			</ExtendedData>
			<Polygon>
				<outerBoundaryIs>
					<LinearRing>
						<coordinates>
							-80.82587470727253,-4.899269889601068,0 -80.82445949807982,-4.899145408015588,0 -80.82441331957904,-4.899141325175663,0 -80.82441350098453,-4.899137344712623,0 -80.82444090403656,-4.898493775704338,0 -80.82444190280357,-4.898467812181306,0 -80.82453885463825,-4.898495519714894,0 -80.82467657367393,-4.898525770745435,0 -80.82482917347504,-4.898561182131678,0 -80.82495823471137,-4.898588174105274,0 -80.82509361179538,-4.898606392455662,0 -80.82523584151991,-4.898633025881627,0 -80.82538799100467,-4.898666084907584,0 -80.82553491471846,-4.898677521159129,0 -80.82570663759952,-4.898705880870208,0 -80.82582839501698,-4.898725543058466,0 -80.82586753359878,-4.898748350496984,0 -80.82588096559604,-4.89877585562446,0 -80.82588148607715,-4.898857546678721,0 -80.82588470416616,-4.898971715763087,0 -80.82588161345728,-4.899066885351258,0 -80.82587607061313,-4.899228727856615,0 -80.82587470727253,-4.899269889601068,0 -80.82587470727253,-4.899269889601068,0
						</coordinates>
					</LinearRing>
				</outerBoundaryIs>
			</Polygon>
		</Placemark>
		<Placemark>
			<name>35959</name>
			<visibility>0</visibility>
			<ExtendedData>
				<SchemaData schemaUrl="#S_BLOQUE_SOJO_Y_LAS_MARIPOSAS">
					<SimpleData name="AREA_HA">0.3401</SimpleData>
					<SimpleData name="NOM_LOC">SOJO</SimpleData>
					<SimpleData name="NOM_PRE">S/N</SimpleData>
					<SimpleData name="NOM_BLO">SOJO Y LAS MARIPOSAS</SimpleData>
					<SimpleData name="CODCAT">35959</SimpleData>
					<SimpleData name="USUARIO"></SimpleData>
					<SimpleData name="AP_PAT_USU"></SimpleData>
					<SimpleData name="AP_MAT_USU"></SimpleData>
					<SimpleData name="NOM_USU"></SimpleData>
					<SimpleData name="TIPODOC">SIN DATO</SimpleData>
					<SimpleData name="NUM_DOC"></SimpleData>
					<SimpleData name="DESC_LIC"></SimpleData>
					<SimpleData name="PAR_AR_BR">0.3401</SimpleData>
					<SimpleData name="RES_ADM"></SimpleData>
					<SimpleData name="TOMA">SOJO Y LAS MARIPOSAS</SimpleData>
				</SchemaData>
			</ExtendedData>
			<Polygon>
				<outerBoundaryIs>
					<LinearRing>
						<coordinates>
							-80.82459299515062,-4.899462345146928,0 -80.82459190358364,-4.899498531318307,0 -80.82457132652527,-4.899548372872711,0 -80.8245226869728,-4.899645249606746,0 -80.82450509024902,-4.899679712682179,0 -80.82448234987331,-4.899724216175949,0 -80.82446151619295,-4.899719325652963,0 -80.82401489980209,-4.899614812853947,0 -80.82409223897128,-4.899096280930728,0 -80.82439284713388,-4.899134715887506,0 -80.82441350098453,-4.899137344712623,0 -80.82441331957904,-4.899141325175663,0 -80.82445949807982,-4.899145408015588,0 -80.82452748381796,-4.899227116391454,0 -80.82455777356144,-4.89928818880612,0 -80.82458147096705,-4.899381194070768,0 -80.82459317734005,-4.899455288835632,0 -80.82459299515062,-4.899462345146928,0 -80.82459299515062,-4.899462345146928,0
						</coordinates>
					</LinearRing>
				</outerBoundaryIs>
			</Polygon>
		</Placemark>
		<Placemark>
			<name>35951</name>
			<visibility>0</visibility>
			<ExtendedData>
				<SchemaData schemaUrl="#S_BLOQUE_SOJO_Y_LAS_MARIPOSAS">
					<SimpleData name="AREA_HA">0.4005</SimpleData>
					<SimpleData name="NOM_LOC">SOJO</SimpleData>
					<SimpleData name="NOM_PRE">SOJO (P)</SimpleData>
					<SimpleData name="NOM_BLO">SOJO Y LAS MARIPOSAS</SimpleData>
					<SimpleData name="CODCAT">35951</SimpleData>
					<SimpleData name="USUARIO">ALCAS DIOSES, LUIS</SimpleData>
					<SimpleData name="AP_PAT_USU">ALCAS</SimpleData>
					<SimpleData name="AP_MAT_USU">DIOSES</SimpleData>
					<SimpleData name="NOM_USU">LUIS</SimpleData>
					<SimpleData name="TIPODOC">DNI</SimpleData>
					<SimpleData name="NUM_DOC">03628927</SimpleData>
					<SimpleData name="DESC_LIC">G.R.PIURA-420010-AACH-ATDRCH</SimpleData>
					<SimpleData name="PAR_AR_BR">0.4005</SimpleData>
					<SimpleData name="RES_ADM">126-2006-G.R.PIURA-420010-AACH-ATDRCH</SimpleData>
					<SimpleData name="TOMA">SOJO Y LAS MARIPOSAS</SimpleData>
				</SchemaData>
			</ExtendedData>
			<Polygon>
				<outerBoundaryIs>
					<LinearRing>
						<coordinates>
							-80.82409223897128,-4.899096280930728,0 -80.82401489980209,-4.899614812853947,0 -80.82334208948194,-4.899457228163691,0 -80.82331485240871,-4.899450798025669,0 -80.82329637650091,-4.899396513573655,0 -80.82324133525562,-4.899133785714646,0 -80.82326316258141,-4.899132705767615,0 -80.82409223897128,-4.899096280930728,0 -80.82409223897128,-4.899096280930728,0
						</coordinates>
					</LinearRing>
				</outerBoundaryIs>
			</Polygon>
		</Placemark>
		<Placemark>
			<name>35948</name>
			<visibility>0</visibility>
			<ExtendedData>
				<SchemaData schemaUrl="#S_BLOQUE_SOJO_Y_LAS_MARIPOSAS">
					<SimpleData name="AREA_HA">0.2816</SimpleData>
					<SimpleData name="NOM_LOC">SOJO</SimpleData>
					<SimpleData name="NOM_PRE">SOJO (P)</SimpleData>
					<SimpleData name="NOM_BLO">SOJO Y LAS MARIPOSAS</SimpleData>
					<SimpleData name="CODCAT">35948</SimpleData>
					<SimpleData name="USUARIO">SUC. RIOFRIO CARRASCO, JOSE LINO</SimpleData>
					<SimpleData name="AP_PAT_USU"></SimpleData>
					<SimpleData name="AP_MAT_USU"></SimpleData>
					<SimpleData name="NOM_USU"></SimpleData>
					<SimpleData name="TIPODOC">CODIGO PROFODUA</SimpleData>
					<SimpleData name="NUM_DOC">000000000651</SimpleData>
					<SimpleData name="DESC_LIC">G.R.PIURA-420010-AACH-ATDRCH</SimpleData>
					<SimpleData name="PAR_AR_BR">0.2816</SimpleData>
					<SimpleData name="RES_ADM">126-2006-G.R.PIURA-420010-AACH-ATDRCH</SimpleData>
					<SimpleData name="TOMA">SOJO Y LAS MARIPOSAS</SimpleData>
				</SchemaData>
			</ExtendedData>
			<Polygon>
				<outerBoundaryIs>
					<LinearRing>
						<coordinates>
							-80.82412467433245,-4.898879080106442,0 -80.82409223897128,-4.899096280930728,0 -80.82326316258141,-4.899132705767615,0 -80.82324133525562,-4.899133785714646,0 -80.82323277732577,-4.899092802346727,0 -80.82322488132803,-4.898932946663537,0 -80.82322490736108,-4.898831715077623,0 -80.82410456124083,-4.898878079802183,0 -80.82412467433245,-4.898879080106442,0 -80.82412467433245,-4.898879080106442,0
						</coordinates>
					</LinearRing>
				</outerBoundaryIs>
			</Polygon>
		</Placemark>
		<Placemark>
			<name>35946</name>
			<visibility>0</visibility>
			<ExtendedData>
				<SchemaData schemaUrl="#S_BLOQUE_SOJO_Y_LAS_MARIPOSAS">
					<SimpleData name="AREA_HA">0.2351</SimpleData>
					<SimpleData name="NOM_LOC">SOJO</SimpleData>
					<SimpleData name="NOM_PRE">S/N</SimpleData>
					<SimpleData name="NOM_BLO">SOJO Y LAS MARIPOSAS</SimpleData>
					<SimpleData name="CODCAT">35946</SimpleData>
					<SimpleData name="USUARIO"></SimpleData>
					<SimpleData name="AP_PAT_USU"></SimpleData>
					<SimpleData name="AP_MAT_USU"></SimpleData>
					<SimpleData name="NOM_USU"></SimpleData>
					<SimpleData name="TIPODOC">SIN DATO</SimpleData>
					<SimpleData name="NUM_DOC"></SimpleData>
					<SimpleData name="DESC_LIC"></SimpleData>
					<SimpleData name="PAR_AR_BR">0.2351</SimpleData>
					<SimpleData name="RES_ADM"></SimpleData>
					<SimpleData name="TOMA">SOJO Y LAS MARIPOSAS</SimpleData>
				</SchemaData>
			</ExtendedData>
			<Polygon>
				<outerBoundaryIs>
					<LinearRing>
						<coordinates>
							-80.82415286333962,-4.89869001315185,0 -80.82412467433245,-4.898879080106442,0 -80.82410456124083,-4.898878079802183,0 -80.82322490736108,-4.898831715077623,0 -80.82322492860123,-4.898749119511736,0 -80.82322496566007,-4.898605006985044,0 -80.82413347199349,-4.898688289305364,0 -80.82415286333962,-4.89869001315185,0 -80.82415286333962,-4.89869001315185,0
						</coordinates>
					</LinearRing>
				</outerBoundaryIs>
			</Polygon>
		</Placemark>
		<Placemark>
			<name>35950</name>
			<visibility>0</visibility>
			<ExtendedData>
				<SchemaData schemaUrl="#S_BLOQUE_SOJO_Y_LAS_MARIPOSAS">
					<SimpleData name="AREA_HA">0.3278</SimpleData>
					<SimpleData name="NOM_LOC">SOJO</SimpleData>
					<SimpleData name="NOM_PRE">S/N</SimpleData>
					<SimpleData name="NOM_BLO">SOJO Y LAS MARIPOSAS</SimpleData>
					<SimpleData name="CODCAT">35950</SimpleData>
					<SimpleData name="USUARIO"></SimpleData>
					<SimpleData name="AP_PAT_USU"></SimpleData>
					<SimpleData name="AP_MAT_USU"></SimpleData>
					<SimpleData name="NOM_USU"></SimpleData>
					<SimpleData name="TIPODOC">SIN DATO</SimpleData>
					<SimpleData name="NUM_DOC"></SimpleData>
					<SimpleData name="DESC_LIC"></SimpleData>
					<SimpleData name="PAR_AR_BR">0.3278</SimpleData>
					<SimpleData name="RES_ADM"></SimpleData>
					<SimpleData name="TOMA">SOJO Y LAS MARIPOSAS</SimpleData>
				</SchemaData>
			</ExtendedData>
			<Polygon>
				<outerBoundaryIs>
					<LinearRing>
						<coordinates>
							-80.82419397227859,-4.898414282965806,0 -80.82415286333962,-4.89869001315185,0 -80.82413347199349,-4.898688289305364,0 -80.82322496566007,-4.898605006985044,0 -80.82322498203727,-4.898541318837468,0 -80.82323531987744,-4.898324745608078,0 -80.82325786798711,-4.898326560762745,0 -80.82374391637723,-4.898360611093759,0 -80.82389904078369,-4.898398918256501,0 -80.82400853526678,-4.898404464896089,0 -80.82411803012265,-4.898408564059878,0 -80.82419397227859,-4.898414282965806,0 -80.82419397227859,-4.898414282965806,0
						</coordinates>
					</LinearRing>
				</outerBoundaryIs>
			</Polygon>
		</Placemark>
		<Placemark>
			<name>35960</name>
			<visibility>0</visibility>
			<ExtendedData>
				<SchemaData schemaUrl="#S_BLOQUE_SOJO_Y_LAS_MARIPOSAS">
					<SimpleData name="AREA_HA">0.2411</SimpleData>
					<SimpleData name="NOM_LOC">SOJO</SimpleData>
					<SimpleData name="NOM_PRE">SOJO (P)</SimpleData>
					<SimpleData name="NOM_BLO">SOJO Y LAS MARIPOSAS</SimpleData>
					<SimpleData name="CODCAT">35960</SimpleData>
					<SimpleData name="USUARIO">YARLEQUE RUFINO, ALEJANDRO</SimpleData>
					<SimpleData name="AP_PAT_USU">YARLEQUE</SimpleData>
					<SimpleData name="AP_MAT_USU">RUFINO</SimpleData>
					<SimpleData name="NOM_USU">ALEJANDRO</SimpleData>
					<SimpleData name="TIPODOC">DNI</SimpleData>
					<SimpleData name="NUM_DOC">03631064</SimpleData>
					<SimpleData name="DESC_LIC">G.R.PIURA-420010-AACH-ATDRCH</SimpleData>
					<SimpleData name="PAR_AR_BR">0.2411</SimpleData>
					<SimpleData name="RES_ADM">126-2006-G.R.PIURA-420010-AACH-ATDRCH</SimpleData>
					<SimpleData name="TOMA">SOJO Y LAS MARIPOSAS</SimpleData>
				</SchemaData>
			</ExtendedData>
			<Polygon>
				<outerBoundaryIs>
					<LinearRing>
						<coordinates>
							-80.82444190280357,-4.898467812181306,0 -80.82444090403656,-4.898493775704338,0 -80.82441350098453,-4.899137344712623,0 -80.82439284713388,-4.899134715887506,0 -80.82409223897128,-4.899096280930728,0 -80.82412467433245,-4.898879080106442,0 -80.82415286333962,-4.89869001315185,0 -80.82419397227859,-4.898414282965806,0 -80.82421516752656,-4.898415916808128,0 -80.82431699064567,-4.898440459311637,0 -80.82442936669342,-4.898464280781893,0 -80.82444190280357,-4.898467812181306,0 -80.82444190280357,-4.898467812181306,0
						</coordinates>
					</LinearRing>
				</outerBoundaryIs>
			</Polygon>
		</Placemark>
		<Placemark>
			<name>35944</name>
			<visibility>0</visibility>
			<ExtendedData>
				<SchemaData schemaUrl="#S_BLOQUE_SOJO_Y_LAS_MARIPOSAS">
					<SimpleData name="AREA_HA">0.0937</SimpleData>
					<SimpleData name="NOM_LOC">SOJO</SimpleData>
					<SimpleData name="NOM_PRE">SOJO (P)</SimpleData>
					<SimpleData name="NOM_BLO">SOJO Y LAS MARIPOSAS</SimpleData>
					<SimpleData name="CODCAT">35944</SimpleData>
					<SimpleData name="USUARIO">ACARO DE COLMENARES, CARMEN ROSA</SimpleData>
					<SimpleData name="AP_PAT_USU">ACARO</SimpleData>
					<SimpleData name="AP_MAT_USU">DE COLMENARES</SimpleData>
					<SimpleData name="NOM_USU">CARMEN ROSA</SimpleData>
					<SimpleData name="TIPODOC">DNI</SimpleData>
					<SimpleData name="NUM_DOC">03648430</SimpleData>
					<SimpleData name="DESC_LIC"></SimpleData>
					<SimpleData name="PAR_AR_BR">0.0937</SimpleData>
					<SimpleData name="RES_ADM"></SimpleData>
					<SimpleData name="TOMA">SOJO Y LAS MARIPOSAS</SimpleData>
				</SchemaData>
			</ExtendedData>
			<Polygon>
				<outerBoundaryIs>
					<LinearRing>
						<coordinates>
							-80.82374391637723,-4.898360611093759,0 -80.82325786798711,-4.898326560762745,0 -80.82323531987744,-4.898324745608078,0 -80.82324094253333,-4.898205693641133,0 -80.82324818796231,-4.898089446543226,0 -80.82331610122381,-4.898101224701154,0 -80.82340935422194,-4.898131916821001,0 -80.82354931829984,-4.898199893034638,0 -80.82364535335365,-4.898285136915652,0 -80.82374391637723,-4.898360611093759,0 -80.82374391637723,-4.898360611093759,0
						</coordinates>
					</LinearRing>
				</outerBoundaryIs>
			</Polygon>
		</Placemark>
		<Placemark>
			<name>35942</name>
			<visibility>0</visibility>
			<ExtendedData>
				<SchemaData schemaUrl="#S_BLOQUE_SOJO_Y_LAS_MARIPOSAS">
					<SimpleData name="AREA_HA">0.3235</SimpleData>
					<SimpleData name="NOM_LOC">SOJO</SimpleData>
					<SimpleData name="NOM_PRE">S/N</SimpleData>
					<SimpleData name="NOM_BLO">SOJO Y LAS MARIPOSAS</SimpleData>
					<SimpleData name="CODCAT">35942</SimpleData>
					<SimpleData name="USUARIO"></SimpleData>
					<SimpleData name="AP_PAT_USU"></SimpleData>
					<SimpleData name="AP_MAT_USU"></SimpleData>
					<SimpleData name="NOM_USU"></SimpleData>
					<SimpleData name="TIPODOC">SIN DATO</SimpleData>
					<SimpleData name="NUM_DOC"></SimpleData>
					<SimpleData name="DESC_LIC"></SimpleData>
					<SimpleData name="PAR_AR_BR">0.3235</SimpleData>
					<SimpleData name="RES_ADM"></SimpleData>
					<SimpleData name="TOMA">SOJO Y LAS MARIPOSAS</SimpleData>
				</SchemaData>
			</ExtendedData>
			<Polygon>
				<outerBoundaryIs>
					<LinearRing>
						<coordinates>
							-80.82222668722736,-4.897936384285777,0 -80.82099919898255,-4.898069863205414,0 -80.82097774031368,-4.898040817960006,0 -80.82089685118207,-4.897982807980245,0 -80.82086944260062,-4.897942633839651,0 -80.82084844052434,-4.897892057774675,0 -80.82084457228814,-4.897853246797064,0 -80.82083736842246,-4.897808464181148,0 -80.82088986145747,-4.897808477944119,0 -80.82106167671081,-4.897826706652362,0 -80.82118822393446,-4.897808556092567,0 -80.82137808749339,-4.897790422063528,0 -80.82150463940191,-4.897754178220881,0 -80.82161314538951,-4.897745159944716,0 -80.82169449822381,-4.89775422778993,0 -80.82181201188347,-4.897790535357962,0 -80.82197470578873,-4.897854175446382,0 -80.82220747777228,-4.897928961066079,0 -80.82222668722736,-4.897936384285777,0 -80.82222668722736,-4.897936384285777,0
						</coordinates>
					</LinearRing>
				</outerBoundaryIs>
			</Polygon>
		</Placemark>
		<Placemark>
			<name>35943</name>
			<visibility>0</visibility>
			<ExtendedData>
				<SchemaData schemaUrl="#S_BLOQUE_SOJO_Y_LAS_MARIPOSAS">
					<SimpleData name="AREA_HA">0.8137</SimpleData>
					<SimpleData name="NOM_LOC">SOJO</SimpleData>
					<SimpleData name="NOM_PRE">SOJO (P)</SimpleData>
					<SimpleData name="NOM_BLO">SOJO Y LAS MARIPOSAS</SimpleData>
					<SimpleData name="CODCAT">35943</SimpleData>
					<SimpleData name="USUARIO">ACARO DE COLMENARES, CARMEN ROSA</SimpleData>
					<SimpleData name="AP_PAT_USU">ACARO</SimpleData>
					<SimpleData name="AP_MAT_USU">DE COLMENARES</SimpleData>
					<SimpleData name="NOM_USU">CARMEN ROSA</SimpleData>
					<SimpleData name="TIPODOC">DNI</SimpleData>
					<SimpleData name="NUM_DOC">03648430</SimpleData>
					<SimpleData name="DESC_LIC">G.R.PIURA-420010-AACH-ATDRCH</SimpleData>
					<SimpleData name="PAR_AR_BR">0.8137</SimpleData>
					<SimpleData name="RES_ADM">126-2006-G.R.PIURA-420010-AACH-ATDRCH</SimpleData>
					<SimpleData name="TOMA">SOJO Y LAS MARIPOSAS</SimpleData>
				</SchemaData>
			</ExtendedData>
			<Polygon>
				<outerBoundaryIs>
					<LinearRing>
						<coordinates>
							-80.82320321245177,-4.898317952342688,0 -80.82314377492136,-4.89831594670779,0 -80.82299513788728,-4.898303604830209,0 -80.82289872109482,-4.898300051669824,0 -80.82280311425703,-4.898303464597085,0 -80.82269226378972,-4.898309949403616,0 -80.82258899045885,-4.898313269844758,0 -80.82249608676167,-4.898327087033872,0 -80.82231154242824,-4.898353364709626,0 -80.8221458541216,-4.898358659102591,0 -80.82200208373114,-4.898361245181143,0 -80.82189114462767,-4.898361668601221,0 -80.82179914717149,-4.898358840163237,0 -80.8217383570133,-4.898355748457286,0 -80.82160469582931,-4.898329659328688,0 -80.82152812698307,-4.89830611814117,0 -80.82143865723407,-4.898294605566996,0 -80.82135991835121,-4.898291780534048,0 -80.82121597020166,-4.898284324658791,0 -80.821083295753,-4.898279133358021,0 -80.82105743262811,-4.898192188647849,0 -80.82101921503981,-4.898097008283859,0 -80.82099919898255,-4.898069863205414,0 -80.82222668722736,-4.897936384285777,0 -80.82229378507895,-4.897962184583056,0 -80.82233247415533,-4.897978659477524,0 -80.82241643728908,-4.898008535123061,0 -80.8224884077012,-4.898026375648779,0 -80.82255235274319,-4.898036795860891,0 -80.82260421362417,-4.898039975640152,0 -80.82267492529255,-4.898042436578325,0 -80.82274662993827,-4.898041640986152,0 -80.82280020490838,-4.898043283270761,0 -80.82292187458802,-4.898052542353981,0 -80.82297995715335,-4.898062418209634,0 -80.82303975271306,-4.898075008487634,0 -80.82308565977809,-4.898082076731405,0 -80.82312029339876,-4.898085885273726,0 -80.82314563754555,-4.898087610689437,0 -80.82319407126214,-4.898089975341171,0 -80.82320741989741,-4.898090431125222,0 -80.82320741968803,-4.898091245320273,0 -80.82320486737905,-4.898195733035293,0 -80.82320394235813,-4.898285475192519,0 -80.82320321245177,-4.898317952342688,0 -80.82320321245177,-4.898317952342688,0
						</coordinates>
					</LinearRing>
				</outerBoundaryIs>
			</Polygon>
		</Placemark>
		<Placemark>
			<name>35949</name>
			<visibility>0</visibility>
			<ExtendedData>
				<SchemaData schemaUrl="#S_BLOQUE_SOJO_Y_LAS_MARIPOSAS">
					<SimpleData name="AREA_HA">0.6821</SimpleData>
					<SimpleData name="NOM_LOC">SOJO</SimpleData>
					<SimpleData name="NOM_PRE">S/N</SimpleData>
					<SimpleData name="NOM_BLO">SOJO Y LAS MARIPOSAS</SimpleData>
					<SimpleData name="CODCAT">35949</SimpleData>
					<SimpleData name="USUARIO"></SimpleData>
					<SimpleData name="AP_PAT_USU"></SimpleData>
					<SimpleData name="AP_MAT_USU"></SimpleData>
					<SimpleData name="NOM_USU"></SimpleData>
					<SimpleData name="TIPODOC">SIN DATO</SimpleData>
					<SimpleData name="NUM_DOC"></SimpleData>
					<SimpleData name="DESC_LIC"></SimpleData>
					<SimpleData name="PAR_AR_BR">0.6821</SimpleData>
					<SimpleData name="RES_ADM"></SimpleData>
					<SimpleData name="TOMA">SOJO Y LAS MARIPOSAS</SimpleData>
				</SchemaData>
			</ExtendedData>
			<Polygon>
				<outerBoundaryIs>
					<LinearRing>
						<coordinates>
							-80.82320321245177,-4.898317952342688,0 -80.82320165974562,-4.898393400689438,0 -80.82319865969527,-4.898485313496224,0 -80.82319575048948,-4.898574693274722,0 -80.82319529553914,-4.898590162864311,0 -80.82116240460357,-4.898593252421842,0 -80.82113457123845,-4.898452298928424,0 -80.82109816483488,-4.898328984081191,0 -80.821083295753,-4.898279133358021,0 -80.82121597020166,-4.898284324658791,0 -80.82135991835121,-4.898291780534048,0 -80.82143865723407,-4.898294605566996,0 -80.82152812698307,-4.89830611814117,0 -80.82160469582931,-4.898329659328688,0 -80.8217383570133,-4.898355748457286,0 -80.82179914717149,-4.898358840163237,0 -80.82189114462767,-4.898361668601221,0 -80.82200208373114,-4.898361245181143,0 -80.8221458541216,-4.898358659102591,0 -80.82231154242824,-4.898353364709626,0 -80.82249608676167,-4.898327087033872,0 -80.82258899045885,-4.898313269844758,0 -80.82269226378972,-4.898309949403616,0 -80.82280311425703,-4.898303464597085,0 -80.82289872109482,-4.898300051669824,0 -80.82299513788728,-4.898303604830209,0 -80.82314377492136,-4.89831594670779,0 -80.82320321245177,-4.898317952342688,0 -80.82320321245177,-4.898317952342688,0
						</coordinates>
					</LinearRing>
				</outerBoundaryIs>
			</Polygon>
		</Placemark>
		<Placemark>
			<name>35945</name>
			<visibility>0</visibility>
			<ExtendedData>
				<SchemaData schemaUrl="#S_BLOQUE_SOJO_Y_LAS_MARIPOSAS">
					<SimpleData name="AREA_HA">0.6437</SimpleData>
					<SimpleData name="NOM_LOC">SOJO</SimpleData>
					<SimpleData name="NOM_PRE">S/N</SimpleData>
					<SimpleData name="NOM_BLO">SOJO Y LAS MARIPOSAS</SimpleData>
					<SimpleData name="CODCAT">35945</SimpleData>
					<SimpleData name="USUARIO"></SimpleData>
					<SimpleData name="AP_PAT_USU"></SimpleData>
					<SimpleData name="AP_MAT_USU"></SimpleData>
					<SimpleData name="NOM_USU"></SimpleData>
					<SimpleData name="TIPODOC">SIN DATO</SimpleData>
					<SimpleData name="NUM_DOC"></SimpleData>
					<SimpleData name="DESC_LIC"></SimpleData>
					<SimpleData name="PAR_AR_BR">0.6437</SimpleData>
					<SimpleData name="RES_ADM"></SimpleData>
					<SimpleData name="TOMA">SOJO Y LAS MARIPOSAS</SimpleData>
				</SchemaData>
			</ExtendedData>
			<Polygon>
				<outerBoundaryIs>
					<LinearRing>
						<coordinates>
							-80.82319529553914,-4.898590162864311,0 -80.82319438577795,-4.898620559246742,0 -80.82319392552252,-4.898656655111299,0 -80.82319137678945,-4.898747211042174,0 -80.8231892863801,-4.898809179796222,0 -80.82210171497482,-4.898839022704486,0 -80.8211684521541,-4.898922460194304,0 -80.82117072412747,-4.898856691924374,0 -80.82117435956121,-4.898750395192058,0 -80.82116519693186,-4.898607456332829,0 -80.82116240460357,-4.898593252421842,0 -80.82319529553914,-4.898590162864311,0 -80.82319529553914,-4.898590162864311,0
						</coordinates>
					</LinearRing>
				</outerBoundaryIs>
			</Polygon>
		</Placemark>
		<Placemark>
			<name>35947</name>
			<visibility>0</visibility>
			<ExtendedData>
				<SchemaData schemaUrl="#S_BLOQUE_SOJO_Y_LAS_MARIPOSAS">
					<SimpleData name="AREA_HA">1.0096</SimpleData>
					<SimpleData name="NOM_LOC">SOJO</SimpleData>
					<SimpleData name="NOM_PRE">SOJO (P)</SimpleData>
					<SimpleData name="NOM_BLO">SOJO Y LAS MARIPOSAS</SimpleData>
					<SimpleData name="CODCAT">35947</SimpleData>
					<SimpleData name="USUARIO">SUC. RIOFRIO CARRASCO, JOSE LINO</SimpleData>
					<SimpleData name="AP_PAT_USU"></SimpleData>
					<SimpleData name="AP_MAT_USU"></SimpleData>
					<SimpleData name="NOM_USU"></SimpleData>
					<SimpleData name="TIPODOC">CODIGO PROFODUA</SimpleData>
					<SimpleData name="NUM_DOC">000000000651</SimpleData>
					<SimpleData name="DESC_LIC">G.R.PIURA-420010-AACH-ATDRCH</SimpleData>
					<SimpleData name="PAR_AR_BR">1</SimpleData>
					<SimpleData name="RES_ADM">126-2006-G.R.PIURA-420010-AACH-ATDRCH</SimpleData>
					<SimpleData name="TOMA">SOJO Y LAS MARIPOSAS</SimpleData>
				</SchemaData>
			</ExtendedData>
			<Polygon>
				<outerBoundaryIs>
					<LinearRing>
						<coordinates>
							-80.82320525546817,-4.899141646932383,0 -80.82296443013087,-4.899165919960131,0 -80.82291563367282,-4.899170882950889,0 -80.82131833055523,-4.899364154982269,0 -80.82129190276412,-4.899367314382371,0 -80.82122787721666,-4.899319260122259,0 -80.82118938288922,-4.899247419952665,0 -80.82117083678807,-4.899116962962495,0 -80.82116571630712,-4.899037803772812,0 -80.821168361536,-4.898924088560626,0 -80.8211684521541,-4.898922460194304,0 -80.82210171497482,-4.898839022704486,0 -80.8231892863801,-4.898809179796222,0 -80.82318655897829,-4.898893041187213,0 -80.82318382657222,-4.898996352793223,0 -80.82319967304826,-4.899104192512858,0 -80.82320525546817,-4.899141646932383,0 -80.82320525546817,-4.899141646932383,0
						</coordinates>
					</LinearRing>
				</outerBoundaryIs>
			</Polygon>
		</Placemark>
		<Placemark>
			<name>40363</name>
			<visibility>0</visibility>
			<ExtendedData>
				<SchemaData schemaUrl="#S_BLOQUE_SOJO_Y_LAS_MARIPOSAS">
					<SimpleData name="AREA_HA">0.8837</SimpleData>
					<SimpleData name="NOM_LOC">SOJO</SimpleData>
					<SimpleData name="NOM_PRE">SOJO (P)</SimpleData>
					<SimpleData name="NOM_BLO">SOJO Y LAS MARIPOSAS</SimpleData>
					<SimpleData name="CODCAT">40363</SimpleData>
					<SimpleData name="USUARIO">ATOCHA MONTERO, MIGUEL</SimpleData>
					<SimpleData name="AP_PAT_USU">ATOCHA</SimpleData>
					<SimpleData name="AP_MAT_USU">MONTERO</SimpleData>
					<SimpleData name="NOM_USU">MIGUEL</SimpleData>
					<SimpleData name="TIPODOC">DNI</SimpleData>
					<SimpleData name="NUM_DOC">03648418</SimpleData>
					<SimpleData name="DESC_LIC">G.R.PIURA-420010-AACH-ATDRCH</SimpleData>
					<SimpleData name="PAR_AR_BR">0.8837</SimpleData>
					<SimpleData name="RES_ADM">126-2006-G.R.PIURA-420010-AACH-ATDRCH</SimpleData>
					<SimpleData name="TOMA">SOJO Y LAS MARIPOSAS</SimpleData>
				</SchemaData>
			</ExtendedData>
			<Polygon>
				<outerBoundaryIs>
					<LinearRing>
						<coordinates>
							-80.82471735036503,-4.897429512597276,0 -80.82457531358226,-4.897354751135974,0 -80.82447791389298,-4.897315463832463,0 -80.82441631344598,-4.897306944196627,0 -80.82428544531348,-4.89729279785359,0 -80.82416097861368,-4.897287880677403,0 -80.8240435459271,-4.897287398129182,0 -80.82396741973695,-4.897296425142739,0 -80.82390518305276,-4.897306993650028,0 -80.82388064755206,-4.897317481400137,0 -80.82384700144303,-4.897331856845191,0 -80.82384474621804,-4.897333303722129,0 -80.82354983791177,-4.897229463006823,0 -80.82362516610989,-4.897166789419463,0 -80.82370257395415,-4.897083851946014,0 -80.82372901609338,-4.897024332050622,0 -80.82381613346959,-4.897063978674884,0 -80.82386873036533,-4.897010436278628,0 -80.82392430340387,-4.896957889771903,0 -80.82399502466912,-4.896922445259458,0 -80.82408036866521,-4.896842857029132,0 -80.82412629615627,-4.896769772209715,0 -80.82415869861806,-4.896680671402343,0 -80.82417936971341,-4.896615541101729,0 -80.82457677673976,-4.896568872190874,0 -80.82481847595399,-4.896650986947009,0 -80.82491100013857,-4.896709723170154,0 -80.82495635218099,-4.896770980357776,0 -80.82478101393147,-4.897482632539401,0 -80.82471735036503,-4.897429512597276,0
						</coordinates>
					</LinearRing>
				</outerBoundaryIs>
			</Polygon>
		</Placemark>
		<Placemark>
			<name>40375</name>
			<visibility>0</visibility>
			<ExtendedData>
				<SchemaData schemaUrl="#S_BLOQUE_SOJO_Y_LAS_MARIPOSAS">
					<SimpleData name="AREA_HA">0.1519</SimpleData>
					<SimpleData name="NOM_LOC">SOJO</SimpleData>
					<SimpleData name="NOM_PRE">SOJO (P)</SimpleData>
					<SimpleData name="NOM_BLO">SOJO Y LAS MARIPOSAS</SimpleData>
					<SimpleData name="CODCAT">40375</SimpleData>
					<SimpleData name="USUARIO">SANDOVAL DELGADO, SANTOS</SimpleData>
					<SimpleData name="AP_PAT_USU">SANDOVAL</SimpleData>
					<SimpleData name="AP_MAT_USU">DELGADO</SimpleData>
					<SimpleData name="NOM_USU">SANTOS</SimpleData>
					<SimpleData name="TIPODOC">DNI</SimpleData>
					<SimpleData name="NUM_DOC">03629904</SimpleData>
					<SimpleData name="DESC_LIC">G.R.PIURA-420010-AACH-ATDRCH</SimpleData>
					<SimpleData name="PAR_AR_BR">0.1519</SimpleData>
					<SimpleData name="RES_ADM">126-2006-G.R.PIURA-420010-AACH-ATDRCH</SimpleData>
					<SimpleData name="TOMA">SOJO Y LAS MARIPOSAS</SimpleData>
				</SchemaData>
			</ExtendedData>
			<Polygon>
				<outerBoundaryIs>
					<LinearRing>
						<coordinates>
							-80.82417936971341,-4.896615541101729,0 -80.82415869861806,-4.896680671402343,0 -80.82412629615627,-4.896769772209715,0 -80.82408036866521,-4.896842857029132,0 -80.82399502466912,-4.896922445259458,0 -80.82392430340387,-4.896957889771903,0 -80.82386873036533,-4.897010436278628,0 -80.82381613346959,-4.897063978674884,0 -80.82372901609338,-4.897024332050622,0 -80.82374778727613,-4.896982179673453,0 -80.82375043183968,-4.896869278622884,0 -80.82373034922952,-4.89674958675227,0 -80.82371584840946,-4.89666988235073,0 -80.823734158341,-4.896667806350878,0 -80.82417936971341,-4.896615541101729,0 -80.82417936971341,-4.896615541101729,0
						</coordinates>
					</LinearRing>
				</outerBoundaryIs>
			</Polygon>
		</Placemark>
		<Placemark>
			<name>40377</name>
			<visibility>0</visibility>
			<ExtendedData>
				<SchemaData schemaUrl="#S_BLOQUE_SOJO_Y_LAS_MARIPOSAS">
					<SimpleData name="AREA_HA">0.5042</SimpleData>
					<SimpleData name="NOM_LOC">SOJO</SimpleData>
					<SimpleData name="NOM_PRE">S/N</SimpleData>
					<SimpleData name="NOM_BLO">SOJO Y LAS MARIPOSAS</SimpleData>
					<SimpleData name="CODCAT">40377</SimpleData>
					<SimpleData name="USUARIO"></SimpleData>
					<SimpleData name="AP_PAT_USU"></SimpleData>
					<SimpleData name="AP_MAT_USU"></SimpleData>
					<SimpleData name="NOM_USU"></SimpleData>
					<SimpleData name="TIPODOC">SIN DATO</SimpleData>
					<SimpleData name="NUM_DOC"></SimpleData>
					<SimpleData name="DESC_LIC"></SimpleData>
					<SimpleData name="PAR_AR_BR">0.5042</SimpleData>
					<SimpleData name="RES_ADM"></SimpleData>
					<SimpleData name="TOMA">SOJO Y LAS MARIPOSAS</SimpleData>
				</SchemaData>
			</ExtendedData>
			<Polygon>
				<outerBoundaryIs>
					<LinearRing>
						<coordinates>
							-80.82417936971341,-4.896615541101729,0 -80.823734158341,-4.896667806350878,0 -80.82371584840946,-4.89666988235073,0 -80.82370224811869,-4.896595696615096,0 -80.82365871439696,-4.896478622212024,0 -80.82362645153434,-4.896374849235492,0 -80.82358562836983,-4.896239410902183,0 -80.8236219877884,-4.89619563467476,0 -80.82368170684798,-4.896154216589119,0 -80.82376605368488,-4.89609398789039,0 -80.82384165351955,-4.896026610102242,0 -80.82388432674402,-4.895981840358409,0 -80.82392510287887,-4.895948830720666,0 -80.8239704699206,-4.895950923122738,0 -80.82403792951382,-4.89597247142664,0 -80.82414849950378,-4.896003167892129,0 -80.82423968285693,-4.896014047272805,0 -80.82433898000015,-4.896039312841422,0 -80.82437938414006,-4.89605017915637,0 -80.8244304304809,-4.896063762185632,0 -80.8244634344681,-4.896091272364807,0 -80.82446316104669,-4.896102399629476,0 -80.82444808807377,-4.89614382925075,0 -80.82440604498598,-4.89619348436449,0 -80.82436670962986,-4.896235631481507,0 -80.82433242432589,-4.896280946208198,0 -80.82429804480249,-4.896342002016388,0 -80.82425969874549,-4.896395186249145,0 -80.82422748291889,-4.89645995172075,0 -80.82420438359947,-4.896497670160183,0 -80.82418840348078,-4.896559363955156,0 -80.82417936971341,-4.896615541101729,0 -80.82417936971341,-4.896615541101729,0
						</coordinates>
					</LinearRing>
				</outerBoundaryIs>
			</Polygon>
		</Placemark>
		<Placemark>
			<name>40378</name>
			<visibility>0</visibility>
			<ExtendedData>
				<SchemaData schemaUrl="#S_BLOQUE_SOJO_Y_LAS_MARIPOSAS">
					<SimpleData name="AREA_HA">0.1243</SimpleData>
					<SimpleData name="NOM_LOC">SOJO</SimpleData>
					<SimpleData name="NOM_PRE">S/N</SimpleData>
					<SimpleData name="NOM_BLO">SOJO Y LAS MARIPOSAS</SimpleData>
					<SimpleData name="CODCAT">40378</SimpleData>
					<SimpleData name="USUARIO"></SimpleData>
					<SimpleData name="AP_PAT_USU"></SimpleData>
					<SimpleData name="AP_MAT_USU"></SimpleData>
					<SimpleData name="NOM_USU"></SimpleData>
					<SimpleData name="TIPODOC">SIN DATO</SimpleData>
					<SimpleData name="NUM_DOC"></SimpleData>
					<SimpleData name="DESC_LIC"></SimpleData>
					<SimpleData name="PAR_AR_BR">0.1243</SimpleData>
					<SimpleData name="RES_ADM"></SimpleData>
					<SimpleData name="TOMA">SOJO Y LAS MARIPOSAS</SimpleData>
				</SchemaData>
			</ExtendedData>
			<Polygon>
				<outerBoundaryIs>
					<LinearRing>
						<coordinates>
							-80.82366083693294,-4.896642909255753,0 -80.82364072409476,-4.896641185210966,0 -80.82319283029803,-4.896602259546934,0 -80.82319427379851,-4.896600721996068,0 -80.82327682987066,-4.896489831867168,0 -80.82337399511934,-4.896387630249879,0 -80.82349722933752,-4.8962740366151,0 -80.82352925216254,-4.896258665639088,0 -80.82354684217879,-4.896250166362705,0 -80.82355369193492,-4.896269618349047,0 -80.82358740025309,-4.896364164156291,0 -80.82363111084078,-4.896494898995285,0 -80.82365507126202,-4.896616582124058,0 -80.82366083693294,-4.896642909255753,0 -80.82366083693294,-4.896642909255753,0
						</coordinates>
					</LinearRing>
				</outerBoundaryIs>
			</Polygon>
		</Placemark>
		<Placemark>
			<name>40376</name>
			<visibility>0</visibility>
			<ExtendedData>
				<SchemaData schemaUrl="#S_BLOQUE_SOJO_Y_LAS_MARIPOSAS">
					<SimpleData name="AREA_HA">0.177</SimpleData>
					<SimpleData name="NOM_LOC">SOJO</SimpleData>
					<SimpleData name="NOM_PRE">SOJO (P)</SimpleData>
					<SimpleData name="NOM_BLO">SOJO Y LAS MARIPOSAS</SimpleData>
					<SimpleData name="CODCAT">40376</SimpleData>
					<SimpleData name="USUARIO">SANDOVAL DELGADO, SANTOS</SimpleData>
					<SimpleData name="AP_PAT_USU">SANDOVAL</SimpleData>
					<SimpleData name="AP_MAT_USU">DELGADO</SimpleData>
					<SimpleData name="NOM_USU">SANTOS</SimpleData>
					<SimpleData name="TIPODOC">DNI</SimpleData>
					<SimpleData name="NUM_DOC">03629904</SimpleData>
					<SimpleData name="DESC_LIC">G.R.PIURA-420010-AACH-ATDRCH</SimpleData>
					<SimpleData name="PAR_AR_BR">0.177</SimpleData>
					<SimpleData name="RES_ADM">126-2006-G.R.PIURA-420010-AACH-ATDRCH</SimpleData>
					<SimpleData name="TOMA">SOJO Y LAS MARIPOSAS</SimpleData>
				</SchemaData>
			</ExtendedData>
			<Polygon>
				<outerBoundaryIs>
					<LinearRing>
						<coordinates>
							-80.82368302699217,-4.8969856911522,0 -80.82351303134077,-4.896906670351977,0 -80.82325834584302,-4.896818400073051,0 -80.82304631558294,-4.896755923589444,0 -80.82302367858964,-4.896749223235553,0 -80.82310396535928,-4.896694692941173,0 -80.82319283029803,-4.896602259546934,0 -80.82364072409476,-4.896641185210966,0 -80.82366083693294,-4.896642909255753,0 -80.82368678237609,-4.896761697979031,0 -80.82369450346924,-4.896900565482547,0 -80.82368302699217,-4.8969856911522,0 -80.82368302699217,-4.8969856911522,0
						</coordinates>
					</LinearRing>
				</outerBoundaryIs>
			</Polygon>
		</Placemark>
		<Placemark>
			<name>40365</name>
			<visibility>0</visibility>
			<ExtendedData>
				<SchemaData schemaUrl="#S_BLOQUE_SOJO_Y_LAS_MARIPOSAS">
					<SimpleData name="AREA_HA">0.2855</SimpleData>
					<SimpleData name="NOM_LOC">SOJO</SimpleData>
					<SimpleData name="NOM_PRE">SOJO (P)</SimpleData>
					<SimpleData name="NOM_BLO">SOJO Y LAS MARIPOSAS</SimpleData>
					<SimpleData name="CODCAT">40365</SimpleData>
					<SimpleData name="USUARIO">ATOCHA MONTERO, MIGUEL</SimpleData>
					<SimpleData name="AP_PAT_USU">ATOCHA</SimpleData>
					<SimpleData name="AP_MAT_USU">MONTERO</SimpleData>
					<SimpleData name="NOM_USU">MIGUEL</SimpleData>
					<SimpleData name="TIPODOC">DNI</SimpleData>
					<SimpleData name="NUM_DOC">03648418</SimpleData>
					<SimpleData name="DESC_LIC">G.R.PIURA-420010-AACH-ATDRCH</SimpleData>
					<SimpleData name="PAR_AR_BR">0.2855</SimpleData>
					<SimpleData name="RES_ADM">126-2006-G.R.PIURA-420010-AACH-ATDRCH</SimpleData>
					<SimpleData name="TOMA">SOJO Y LAS MARIPOSAS</SimpleData>
				</SchemaData>
			</ExtendedData>
			<Polygon>
				<outerBoundaryIs>
					<LinearRing>
						<coordinates>
							-80.82368302699217,-4.8969856911522,0 -80.82367923160245,-4.897013915606214,0 -80.82363222345678,-4.897080215153387,0 -80.82355761710096,-4.897141803334821,0 -80.82347885708656,-4.897221755059002,0 -80.82346974452774,-4.897233241904138,0 -80.82276332820892,-4.896944110283952,0 -80.82272743475387,-4.896929354997159,0 -80.8227478251287,-4.896904120235739,0 -80.82285724733585,-4.896839103456639,0 -80.82298804568464,-4.896773458931643,0 -80.82302367858964,-4.896749223235553,0 -80.82304631558294,-4.896755923589444,0 -80.82325834584302,-4.896818400073051,0 -80.82351303134077,-4.896906670351977,0 -80.82368302699217,-4.8969856911522,0 -80.82368302699217,-4.8969856911522,0
						</coordinates>
					</LinearRing>
				</outerBoundaryIs>
			</Polygon>
		</Placemark>
		<Placemark>
			<name>40373</name>
			<visibility>0</visibility>
			<ExtendedData>
				<SchemaData schemaUrl="#S_BLOQUE_SOJO_Y_LAS_MARIPOSAS">
					<SimpleData name="AREA_HA">0.2693</SimpleData>
					<SimpleData name="NOM_LOC">SOJO</SimpleData>
					<SimpleData name="NOM_PRE">SOJO (P)</SimpleData>
					<SimpleData name="NOM_BLO">SOJO Y LAS MARIPOSAS</SimpleData>
					<SimpleData name="CODCAT">40373</SimpleData>
					<SimpleData name="USUARIO">SOSA YAMUNAQUE, JOSE FRANCISCO</SimpleData>
					<SimpleData name="AP_PAT_USU">SOSA</SimpleData>
					<SimpleData name="AP_MAT_USU">YAMUNAQUE</SimpleData>
					<SimpleData name="NOM_USU">JOSE FRANCISCO</SimpleData>
					<SimpleData name="TIPODOC">DNI</SimpleData>
					<SimpleData name="NUM_DOC">03628809</SimpleData>
					<SimpleData name="DESC_LIC"></SimpleData>
					<SimpleData name="PAR_AR_BR">0.2693</SimpleData>
					<SimpleData name="RES_ADM"></SimpleData>
					<SimpleData name="TOMA">SOJO Y LAS MARIPOSAS</SimpleData>
				</SchemaData>
			</ExtendedData>
			<Polygon>
				<outerBoundaryIs>
					<LinearRing>
						<coordinates>
							-80.82346974452774,-4.897233241904138,0 -80.82342111408215,-4.897294746310925,0 -80.82334280744479,-4.897365199191135,0 -80.82331150132708,-4.897399206363393,0 -80.82328967577797,-4.897393591821042,0 -80.82246346099141,-4.897184129557028,0 -80.82250053729967,-4.897158899138134,0 -80.82255574601173,-4.8971205558367,0 -80.82266707569389,-4.897003792962091,0 -80.82272743475387,-4.896929354997159,0 -80.82276332820892,-4.896944110283952,0 -80.82346974452774,-4.897233241904138,0 -80.82346974452774,-4.897233241904138,0
						</coordinates>
					</LinearRing>
				</outerBoundaryIs>
			</Polygon>
		</Placemark>
		<Placemark>
			<name>40372</name>
			<visibility>0</visibility>
			<ExtendedData>
				<SchemaData schemaUrl="#S_BLOQUE_SOJO_Y_LAS_MARIPOSAS">
					<SimpleData name="AREA_HA">0.2062</SimpleData>
					<SimpleData name="NOM_LOC">SOJO</SimpleData>
					<SimpleData name="NOM_PRE">SOJO (P)</SimpleData>
					<SimpleData name="NOM_BLO">SOJO Y LAS MARIPOSAS</SimpleData>
					<SimpleData name="CODCAT">40372</SimpleData>
					<SimpleData name="USUARIO">MONTERO PERALTA, CARLOS</SimpleData>
					<SimpleData name="AP_PAT_USU">MONTERO</SimpleData>
					<SimpleData name="AP_MAT_USU">PERALTA</SimpleData>
					<SimpleData name="NOM_USU">CARLOS</SimpleData>
					<SimpleData name="TIPODOC">DNI</SimpleData>
					<SimpleData name="NUM_DOC">03628806</SimpleData>
					<SimpleData name="DESC_LIC">G.R.PIURA-420010-AACH-ATDRCH</SimpleData>
					<SimpleData name="PAR_AR_BR">0.2062</SimpleData>
					<SimpleData name="RES_ADM">126-2006-G.R.PIURA-420010-AACH-ATDRCH</SimpleData>
					<SimpleData name="TOMA">SOJO Y LAS MARIPOSAS</SimpleData>
				</SchemaData>
			</ExtendedData>
			<Polygon>
				<outerBoundaryIs>
					<LinearRing>
						<coordinates>
							-80.82331150132708,-4.897399206363393,0 -80.82328028542362,-4.897433123091219,0 -80.82326195082244,-4.897531093166951,0 -80.82325896957735,-4.897549909350603,0 -80.82323777508097,-4.897545471029272,0 -80.8222709460026,-4.897341490576403,0 -80.82234898445299,-4.897262172075696,0 -80.82246346099141,-4.897184129557028,0 -80.82328967577797,-4.897393591821042,0 -80.82331150132708,-4.897399206363393,0 -80.82331150132708,-4.897399206363393,0
						</coordinates>
					</LinearRing>
				</outerBoundaryIs>
			</Polygon>
		</Placemark>
		<Placemark>
			<name>40369</name>
			<visibility>0</visibility>
			<ExtendedData>
				<SchemaData schemaUrl="#S_BLOQUE_SOJO_Y_LAS_MARIPOSAS">
					<SimpleData name="AREA_HA">0.3155</SimpleData>
					<SimpleData name="NOM_LOC">SOJO</SimpleData>
					<SimpleData name="NOM_PRE">SOJO (P)</SimpleData>
					<SimpleData name="NOM_BLO">SOJO Y LAS MARIPOSAS</SimpleData>
					<SimpleData name="CODCAT">40369</SimpleData>
					<SimpleData name="USUARIO">PEÑA VIERA, ROSA</SimpleData>
					<SimpleData name="AP_PAT_USU">PEÑA</SimpleData>
					<SimpleData name="AP_MAT_USU">VIERA</SimpleData>
					<SimpleData name="NOM_USU">ROSA</SimpleData>
					<SimpleData name="TIPODOC">DNI</SimpleData>
					<SimpleData name="NUM_DOC">03629130</SimpleData>
					<SimpleData name="DESC_LIC">G.R.PIURA-420010-AACH-ATDRCH</SimpleData>
					<SimpleData name="PAR_AR_BR">0.3155</SimpleData>
					<SimpleData name="RES_ADM">126-2006-G.R.PIURA-420010-AACH-ATDRCH</SimpleData>
					<SimpleData name="TOMA">SOJO Y LAS MARIPOSAS</SimpleData>
				</SchemaData>
			</ExtendedData>
			<Polygon>
				<outerBoundaryIs>
					<LinearRing>
						<coordinates>
							-80.82325896957735,-4.897549909350603,0 -80.82324614088574,-4.897632049276844,0 -80.82323024102864,-4.897731919769059,0 -80.82322816291,-4.8977461224135,0 -80.82320173695679,-4.89774240646673,0 -80.8220901339517,-4.897584706932858,0 -80.82209429051632,-4.897555216059235,0 -80.82216232012608,-4.897465581838869,0 -80.82225750354091,-4.897355147465083,0 -80.8222709460026,-4.897341490576403,0 -80.82323777508097,-4.897545471029272,0 -80.82325896957735,-4.897549909350603,0 -80.82325896957735,-4.897549909350603,0
						</coordinates>
					</LinearRing>
				</outerBoundaryIs>
			</Polygon>
		</Placemark>
		<Placemark>
			<name>40368</name>
			<visibility>0</visibility>
			<ExtendedData>
				<SchemaData schemaUrl="#S_BLOQUE_SOJO_Y_LAS_MARIPOSAS">
					<SimpleData name="AREA_HA">0.3884</SimpleData>
					<SimpleData name="NOM_LOC">SOJO</SimpleData>
					<SimpleData name="NOM_PRE">SOJO (P)</SimpleData>
					<SimpleData name="NOM_BLO">SOJO Y LAS MARIPOSAS</SimpleData>
					<SimpleData name="CODCAT">40368</SimpleData>
					<SimpleData name="USUARIO">COBEÑAS RIOFRIO, PEDRO MIGUEL</SimpleData>
					<SimpleData name="AP_PAT_USU">COBEÑAS</SimpleData>
					<SimpleData name="AP_MAT_USU">RIOFRIO</SimpleData>
					<SimpleData name="NOM_USU">PEDRO MIGUEL</SimpleData>
					<SimpleData name="TIPODOC">DNI</SimpleData>
					<SimpleData name="NUM_DOC">03685330</SimpleData>
					<SimpleData name="DESC_LIC">G.R.PIURA-420010-AACH-ATDRCH</SimpleData>
					<SimpleData name="PAR_AR_BR">0.3884</SimpleData>
					<SimpleData name="RES_ADM">126-2006-G.R.PIURA-420010-AACH-ATDRCH</SimpleData>
					<SimpleData name="TOMA">SOJO Y LAS MARIPOSAS</SimpleData>
				</SchemaData>
			</ExtendedData>
			<Polygon>
				<outerBoundaryIs>
					<LinearRing>
						<coordinates>
							-80.82322816291,-4.8977461224135,0 -80.82321777210596,-4.897817949830574,0 -80.82321324478578,-4.897886431517355,0 -80.82321015422188,-4.897979610828063,0 -80.82317217902116,-4.897992899523766,0 -80.82306828143309,-4.897968808643176,0 -80.82295563011886,-4.897963713365277,0 -80.82285316653797,-4.897974995077941,0 -80.82271778174915,-4.897987444294618,0 -80.82255922294092,-4.897976999537539,0 -80.82241239675241,-4.897938060963694,0 -80.82226782943729,-4.897883653238868,0 -80.8221615045926,-4.897828893572687,0 -80.82208431624461,-4.897759666897374,0 -80.82207676072123,-4.897679331014389,0 -80.8220901339517,-4.897584706932858,0 -80.82320173695679,-4.89774240646673,0 -80.82322816291,-4.8977461224135,0 -80.82322816291,-4.8977461224135,0
						</coordinates>
					</LinearRing>
				</outerBoundaryIs>
			</Polygon>
		</Placemark>
		<Placemark>
			<name>40367</name>
			<visibility>0</visibility>
			<ExtendedData>
				<SchemaData schemaUrl="#S_BLOQUE_SOJO_Y_LAS_MARIPOSAS">
					<SimpleData name="AREA_HA">0.0987</SimpleData>
					<SimpleData name="NOM_LOC">SOJO</SimpleData>
					<SimpleData name="NOM_PRE">SOJO (P)</SimpleData>
					<SimpleData name="NOM_BLO">SOJO Y LAS MARIPOSAS</SimpleData>
					<SimpleData name="CODCAT">40367</SimpleData>
					<SimpleData name="USUARIO">COBEÑAS RIOFRIO, PEDRO MIGUEL</SimpleData>
					<SimpleData name="AP_PAT_USU">COBEÑAS</SimpleData>
					<SimpleData name="AP_MAT_USU">RIOFRIO</SimpleData>
					<SimpleData name="NOM_USU">PEDRO MIGUEL</SimpleData>
					<SimpleData name="TIPODOC">DNI</SimpleData>
					<SimpleData name="NUM_DOC">03685330</SimpleData>
					<SimpleData name="DESC_LIC">G.R.PIURA-420010-AACH-ATDRCH</SimpleData>
					<SimpleData name="PAR_AR_BR">0.0987</SimpleData>
					<SimpleData name="RES_ADM">126-2006-G.R.PIURA-420010-AACH-ATDRCH</SimpleData>
					<SimpleData name="TOMA">SOJO Y LAS MARIPOSAS</SimpleData>
				</SchemaData>
			</ExtendedData>
			<Polygon>
				<outerBoundaryIs>
					<LinearRing>
						<coordinates>
							-80.82351333117361,-4.897846975378119,0 -80.82348994362451,-4.897953086106364,0 -80.82347422889762,-4.898034592028475,0 -80.82347251090962,-4.89805132781825,0 -80.82347052161867,-4.898070867987931,0 -80.82343552949585,-4.89805819369058,0 -80.82331395734553,-4.898020347429735,0 -80.8232427959128,-4.898013182204181,0 -80.82323936864732,-4.898012728987117,0 -80.82323820903038,-4.89796251998704,0 -80.82323534123505,-4.897890870073079,0 -80.82324401997617,-4.897812709584198,0 -80.82325567810085,-4.897722970201192,0 -80.82325901826349,-4.897711391400654,0 -80.82355556299298,-4.897765476300513,0 -80.82351333117361,-4.897846975378119,0
						</coordinates>
					</LinearRing>
				</outerBoundaryIs>
			</Polygon>
		</Placemark>
		<Placemark>
			<name>40370</name>
			<visibility>0</visibility>
			<ExtendedData>
				<SchemaData schemaUrl="#S_BLOQUE_SOJO_Y_LAS_MARIPOSAS">
					<SimpleData name="AREA_HA">0.0591</SimpleData>
					<SimpleData name="NOM_LOC">SOJO</SimpleData>
					<SimpleData name="NOM_PRE">SOJO (P)</SimpleData>
					<SimpleData name="NOM_BLO">SOJO Y LAS MARIPOSAS</SimpleData>
					<SimpleData name="CODCAT">40370</SimpleData>
					<SimpleData name="USUARIO">PEÑA VIERA, ROSA</SimpleData>
					<SimpleData name="AP_PAT_USU">PEÑA</SimpleData>
					<SimpleData name="AP_MAT_USU">VIERA</SimpleData>
					<SimpleData name="NOM_USU">ROSA</SimpleData>
					<SimpleData name="TIPODOC">DNI</SimpleData>
					<SimpleData name="NUM_DOC">03629130</SimpleData>
					<SimpleData name="DESC_LIC">G.R.PIURA-420010-AACH-ATDRCH</SimpleData>
					<SimpleData name="PAR_AR_BR">0.0591</SimpleData>
					<SimpleData name="RES_ADM">126-2006-G.R.PIURA-420010-AACH-ATDRCH</SimpleData>
					<SimpleData name="TOMA">SOJO Y LAS MARIPOSAS</SimpleData>
				</SchemaData>
			</ExtendedData>
			<Polygon>
				<outerBoundaryIs>
					<LinearRing>
						<coordinates>
							-80.82361458129903,-4.897643543192263,0 -80.8235747838568,-4.897728480615717,0 -80.82355556299298,-4.897765476300513,0 -80.82325901826349,-4.897711391400654,0 -80.8232722887186,-4.89766507617508,0 -80.82329188048489,-4.897588727829094,0 -80.8232968485822,-4.897559870418813,0 -80.82362874529382,-4.897629886461836,0 -80.82361458129903,-4.897643543192263,0
						</coordinates>
					</LinearRing>
				</outerBoundaryIs>
			</Polygon>
		</Placemark>
		<Placemark>
			<name>40371</name>
			<visibility>0</visibility>
			<ExtendedData>
				<SchemaData schemaUrl="#S_BLOQUE_SOJO_Y_LAS_MARIPOSAS">
					<SimpleData name="AREA_HA">0.0726</SimpleData>
					<SimpleData name="NOM_LOC">SOJO</SimpleData>
					<SimpleData name="NOM_PRE">SOJO (P)</SimpleData>
					<SimpleData name="NOM_BLO">SOJO Y LAS MARIPOSAS</SimpleData>
					<SimpleData name="CODCAT">40371</SimpleData>
					<SimpleData name="USUARIO">MONTERO PERALTA, CARLOS</SimpleData>
					<SimpleData name="AP_PAT_USU">MONTERO</SimpleData>
					<SimpleData name="AP_MAT_USU">PERALTA</SimpleData>
					<SimpleData name="NOM_USU">CARLOS</SimpleData>
					<SimpleData name="TIPODOC">DNI</SimpleData>
					<SimpleData name="NUM_DOC">03628806</SimpleData>
					<SimpleData name="DESC_LIC">G.R.PIURA-420010-AACH-ATDRCH</SimpleData>
					<SimpleData name="PAR_AR_BR">0.0726</SimpleData>
					<SimpleData name="RES_ADM">126-2006-G.R.PIURA-420010-AACH-ATDRCH</SimpleData>
					<SimpleData name="TOMA">SOJO Y LAS MARIPOSAS</SimpleData>
				</SchemaData>
			</ExtendedData>
			<Polygon>
				<outerBoundaryIs>
					<LinearRing>
						<coordinates>
							-80.82372936736384,-4.897529255581167,0 -80.8237025424099,-4.897558708656586,0 -80.82362874529382,-4.897629886461836,0 -80.8232968485822,-4.897559870418813,0 -80.82329964883345,-4.897543406307479,0 -80.82332781334027,-4.897450323942443,0 -80.82334324560969,-4.897415046141182,0 -80.82334874968562,-4.897406362815424,0 -80.82374990769711,-4.897506702847007,0 -80.82372936736384,-4.897529255581167,0
						</coordinates>
					</LinearRing>
				</outerBoundaryIs>
			</Polygon>
		</Placemark>
		<Placemark>
			<name>40374</name>
			<visibility>0</visibility>
			<ExtendedData>
				<SchemaData schemaUrl="#S_BLOQUE_SOJO_Y_LAS_MARIPOSAS">
					<SimpleData name="AREA_HA">0.0986</SimpleData>
					<SimpleData name="NOM_LOC">SOJO</SimpleData>
					<SimpleData name="NOM_PRE">SOJO (P)</SimpleData>
					<SimpleData name="NOM_BLO">SOJO Y LAS MARIPOSAS</SimpleData>
					<SimpleData name="CODCAT">40374</SimpleData>
					<SimpleData name="USUARIO">SOSA YAMUNAQUE, JOSE FRANCISCO</SimpleData>
					<SimpleData name="AP_PAT_USU">SOSA</SimpleData>
					<SimpleData name="AP_MAT_USU">YAMUNAQUE</SimpleData>
					<SimpleData name="NOM_USU">JOSE FRANCISCO</SimpleData>
					<SimpleData name="TIPODOC">DNI</SimpleData>
					<SimpleData name="NUM_DOC">03628809</SimpleData>
					<SimpleData name="DESC_LIC">G.R.PIURA-420010-AACH-ATDRCH</SimpleData>
					<SimpleData name="PAR_AR_BR">0.0986</SimpleData>
					<SimpleData name="RES_ADM">126-2006-G.R.PIURA-420010-AACH-ATDRCH</SimpleData>
					<SimpleData name="TOMA">SOJO Y LAS MARIPOSAS</SimpleData>
				</SchemaData>
			</ExtendedData>
			<Polygon>
				<outerBoundaryIs>
					<LinearRing>
						<coordinates>
							-80.82386837523681,-4.897340547101525,0 -80.82385808814259,-4.897359904202827,0 -80.82379664145546,-4.897455330133884,0 -80.82374990769711,-4.897506702847007,0 -80.82334874968562,-4.897406362815424,0 -80.82336237460689,-4.897384563999651,0 -80.82340901426456,-4.897348480065631,0 -80.82344230237037,-4.897323339081137,0 -80.82349444500127,-4.897282823721829,0 -80.82354433490769,-4.897233984892749,0 -80.82354983791177,-4.897229463006823,0 -80.82384474621804,-4.897333303722129,0 -80.82384700144303,-4.897331856845191,0 -80.82388064755206,-4.897317481400137,0 -80.82386837523681,-4.897340547101525,0
						</coordinates>
					</LinearRing>
				</outerBoundaryIs>
			</Polygon>
		</Placemark>
		<Placemark>
			<name>35941</name>
			<visibility>0</visibility>
			<ExtendedData>
				<SchemaData schemaUrl="#S_BLOQUE_SOJO_Y_LAS_MARIPOSAS">
					<SimpleData name="AREA_HA">0.1796</SimpleData>
					<SimpleData name="NOM_LOC">SOJO</SimpleData>
					<SimpleData name="NOM_PRE">S/N</SimpleData>
					<SimpleData name="NOM_BLO">SOJO Y LAS MARIPOSAS</SimpleData>
					<SimpleData name="CODCAT">35941</SimpleData>
					<SimpleData name="USUARIO"></SimpleData>
					<SimpleData name="AP_PAT_USU"></SimpleData>
					<SimpleData name="AP_MAT_USU"></SimpleData>
					<SimpleData name="NOM_USU"></SimpleData>
					<SimpleData name="TIPODOC">SIN DATO</SimpleData>
					<SimpleData name="NUM_DOC"></SimpleData>
					<SimpleData name="DESC_LIC"></SimpleData>
					<SimpleData name="PAR_AR_BR">0.1796</SimpleData>
					<SimpleData name="RES_ADM"></SimpleData>
					<SimpleData name="TOMA">SOJO Y LAS MARIPOSAS</SimpleData>
				</SchemaData>
			</ExtendedData>
			<Polygon>
				<outerBoundaryIs>
					<LinearRing>
						<coordinates>
							-80.82136455869716,-4.897442033505685,0 -80.82140341762569,-4.897498856385547,0 -80.82145823971004,-4.897560387672593,0 -80.82150449582214,-4.897612417775399,0 -80.82151621235346,-4.897645983765986,0 -80.82146831538033,-4.897660807696889,0 -80.82136738172186,-4.897685207169731,0 -80.82126040690308,-4.897702458223496,0 -80.82117454079534,-4.897707139994547,0 -80.82107315979978,-4.897717517057176,0 -80.82097692201557,-4.897719663035391,0 -80.82086814876892,-4.897715925415858,0 -80.8207480156783,-4.897694453439961,0 -80.82074134680438,-4.897673373085558,0 -80.82074271023946,-4.897633025555961,0 -80.82074217634063,-4.897605161852456,0 -80.82074199597584,-4.89760507133902,0 -80.8207731138679,-4.897601641789915,0 -80.82079954680317,-4.897578489397492,0 -80.82084148684088,-4.897579495523075,0 -80.82088685784093,-4.897566751695801,0 -80.82094964013434,-4.897539356917296,0 -80.82099275705275,-4.897523627110099,0 -80.82102640391025,-4.897506628294044,0 -80.82108675130318,-4.89747787587268,0 -80.821167029485,-4.897457270612701,0 -80.82124865935158,-4.897441369934628,0 -80.82131558370874,-4.897440301844691,0 -80.82134255153088,-4.897441213557157,0 -80.82136455869716,-4.897442033505685,0 -80.82136455869716,-4.897442033505685,0
						</coordinates>
					</LinearRing>
				</outerBoundaryIs>
			</Polygon>
		</Placemark>
		<Placemark>
			<name>35940</name>
			<visibility>0</visibility>
			<ExtendedData>
				<SchemaData schemaUrl="#S_BLOQUE_SOJO_Y_LAS_MARIPOSAS">
					<SimpleData name="AREA_HA">0.0917</SimpleData>
					<SimpleData name="NOM_LOC">SOJO</SimpleData>
					<SimpleData name="NOM_PRE">S/N</SimpleData>
					<SimpleData name="NOM_BLO">SOJO Y LAS MARIPOSAS</SimpleData>
					<SimpleData name="CODCAT">35940</SimpleData>
					<SimpleData name="USUARIO"></SimpleData>
					<SimpleData name="AP_PAT_USU"></SimpleData>
					<SimpleData name="AP_MAT_USU"></SimpleData>
					<SimpleData name="NOM_USU"></SimpleData>
					<SimpleData name="TIPODOC">SIN DATO</SimpleData>
					<SimpleData name="NUM_DOC"></SimpleData>
					<SimpleData name="DESC_LIC"></SimpleData>
					<SimpleData name="PAR_AR_BR">0.0917</SimpleData>
					<SimpleData name="RES_ADM"></SimpleData>
					<SimpleData name="TOMA">SOJO Y LAS MARIPOSAS</SimpleData>
				</SchemaData>
			</ExtendedData>
			<Polygon>
				<outerBoundaryIs>
					<LinearRing>
						<coordinates>
							-80.82214087965488,-4.89736606352434,0 -80.82213925564504,-4.897368053356379,0 -80.82208737775323,-4.897430823341729,0 -80.82204840176432,-4.897477584178771,0 -80.82201312738519,-4.897510233262407,0 -80.82197045780543,-4.897540075967735,0 -80.82191534060333,-4.89757308174063,0 -80.82185688731246,-4.897601834731398,0 -80.8217850880191,-4.897619999700307,0 -80.82172880430626,-4.897629755360167,0 -80.82167414514356,-4.897635440463775,0 -80.82163112279231,-4.897634343641581,0 -80.82159071611996,-4.897633066567355,0 -80.82155914843236,-4.897631972731153,0 -80.82154084567981,-4.897606275573572,0 -80.82149278835942,-4.897543931865076,0 -80.82211174485629,-4.897374107426165,0 -80.82214087965488,-4.89736606352434,0 -80.82214087965488,-4.89736606352434,0
						</coordinates>
					</LinearRing>
				</outerBoundaryIs>
			</Polygon>
		</Placemark>
		<Placemark>
			<name>35939</name>
			<visibility>0</visibility>
			<ExtendedData>
				<SchemaData schemaUrl="#S_BLOQUE_SOJO_Y_LAS_MARIPOSAS">
					<SimpleData name="AREA_HA">0.1903</SimpleData>
					<SimpleData name="NOM_LOC">SOJO</SimpleData>
					<SimpleData name="NOM_PRE">SOJO (P)</SimpleData>
					<SimpleData name="NOM_BLO">SOJO Y LAS MARIPOSAS</SimpleData>
					<SimpleData name="CODCAT">35939</SimpleData>
					<SimpleData name="USUARIO">ATOCHA MONTERO, NESTOR ISIDRO</SimpleData>
					<SimpleData name="AP_PAT_USU">ATOCHA</SimpleData>
					<SimpleData name="AP_MAT_USU">MONTERO</SimpleData>
					<SimpleData name="NOM_USU">NESTOR ISIDRO</SimpleData>
					<SimpleData name="TIPODOC">DNI</SimpleData>
					<SimpleData name="NUM_DOC">03630696</SimpleData>
					<SimpleData name="DESC_LIC">G.R.PIURA-420010-AACH-ATDRCH</SimpleData>
					<SimpleData name="PAR_AR_BR">0.1903</SimpleData>
					<SimpleData name="RES_ADM">126-2006-G.R.PIURA-420010-AACH-ATDRCH</SimpleData>
					<SimpleData name="TOMA">SOJO Y LAS MARIPOSAS</SimpleData>
				</SchemaData>
			</ExtendedData>
			<Polygon>
				<outerBoundaryIs>
					<LinearRing>
						<coordinates>
							-80.82255857795803,-4.896981329204657,0 -80.82252285039402,-4.897022753413999,0 -80.82242172079927,-4.897107855770142,0 -80.8223343047095,-4.897177401501556,0 -80.82226619522454,-4.897227321093036,0 -80.82220367428143,-4.897290721583394,0 -80.82214087965488,-4.89736606352434,0 -80.82211174485629,-4.897374107426165,0 -80.82149278835942,-4.897543931865076,0 -80.82142624742181,-4.897457790734048,0 -80.82142534592656,-4.897456071642219,0 -80.82144735563116,-4.897447121247833,0 -80.82203205601982,-4.897208714606984,0 -80.82208446448253,-4.897186835450778,0 -80.82217133433271,-4.897137011225832,0 -80.82231007177926,-4.897064041148072,0 -80.82241579216863,-4.897014221790532,0 -80.82255857795803,-4.896981329204657,0 -80.82255857795803,-4.896981329204657,0
						</coordinates>
					</LinearRing>
				</outerBoundaryIs>
			</Polygon>
		</Placemark>
		<Placemark>
			<name>35938</name>
			<visibility>0</visibility>
			<ExtendedData>
				<SchemaData schemaUrl="#S_BLOQUE_SOJO_Y_LAS_MARIPOSAS">
					<SimpleData name="AREA_HA">0.1818</SimpleData>
					<SimpleData name="NOM_LOC">SOJO</SimpleData>
					<SimpleData name="NOM_PRE">S/N</SimpleData>
					<SimpleData name="NOM_BLO">SOJO Y LAS MARIPOSAS</SimpleData>
					<SimpleData name="CODCAT">35938</SimpleData>
					<SimpleData name="USUARIO"></SimpleData>
					<SimpleData name="AP_PAT_USU"></SimpleData>
					<SimpleData name="AP_MAT_USU"></SimpleData>
					<SimpleData name="NOM_USU"></SimpleData>
					<SimpleData name="TIPODOC">SIN DATO</SimpleData>
					<SimpleData name="NUM_DOC"></SimpleData>
					<SimpleData name="DESC_LIC"></SimpleData>
					<SimpleData name="PAR_AR_BR">0.1818</SimpleData>
					<SimpleData name="RES_ADM"></SimpleData>
					<SimpleData name="TOMA">SOJO Y LAS MARIPOSAS</SimpleData>
				</SchemaData>
			</ExtendedData>
			<Polygon>
				<outerBoundaryIs>
					<LinearRing>
						<coordinates>
							-80.82274396846901,-4.896819985737531,0 -80.82271185493973,-4.896837165973125,0 -80.82265069319251,-4.896876502871743,0 -80.82258862160811,-4.896946417078927,0 -80.82255857795803,-4.896981329204657,0 -80.82241579216863,-4.897014221790532,0 -80.82231007177926,-4.897064041148072,0 -80.82217133433271,-4.897137011225832,0 -80.82208446448253,-4.897186835450778,0 -80.82203205601982,-4.897208714606984,0 -80.82144735563116,-4.897447121247833,0 -80.82142534592656,-4.897456071642219,0 -80.82139316171931,-4.897397893516402,0 -80.82136665810401,-4.89734604950246,0 -80.82203209198724,-4.897069758651802,0 -80.82271185645574,-4.896831285675257,0 -80.82274396846901,-4.896819985737531,0 -80.82274396846901,-4.896819985737531,0
						</coordinates>
					</LinearRing>
				</outerBoundaryIs>
			</Polygon>
		</Placemark>
		<Placemark>
			<name>35937</name>
			<visibility>0</visibility>
			<ExtendedData>
				<SchemaData schemaUrl="#S_BLOQUE_SOJO_Y_LAS_MARIPOSAS">
					<SimpleData name="AREA_HA">0.7701</SimpleData>
					<SimpleData name="NOM_LOC">SOJO</SimpleData>
					<SimpleData name="NOM_PRE">SOJO (P)</SimpleData>
					<SimpleData name="NOM_BLO">SOJO Y LAS MARIPOSAS</SimpleData>
					<SimpleData name="CODCAT">35937</SimpleData>
					<SimpleData name="USUARIO">COLMENARES PEÑA, HUMBERTO</SimpleData>
					<SimpleData name="AP_PAT_USU">COLMENARES</SimpleData>
					<SimpleData name="AP_MAT_USU">PEÑA</SimpleData>
					<SimpleData name="NOM_USU">HUMBERTO</SimpleData>
					<SimpleData name="TIPODOC">DNI</SimpleData>
					<SimpleData name="NUM_DOC">03665058</SimpleData>
					<SimpleData name="DESC_LIC">G.R.PIURA-420010-AACH-ATDRCH</SimpleData>
					<SimpleData name="PAR_AR_BR">0.7701</SimpleData>
					<SimpleData name="RES_ADM">126-2006-G.R.PIURA-420010-AACH-ATDRCH</SimpleData>
					<SimpleData name="TOMA">SOJO Y LAS MARIPOSAS</SimpleData>
				</SchemaData>
			</ExtendedData>
			<Polygon>
				<outerBoundaryIs>
					<LinearRing>
						<coordinates>
							-80.82341885892791,-4.896242081833259,0 -80.82336734150738,-4.896306842275468,0 -80.82331808248351,-4.896357761978802,0 -80.82326629718206,-4.896411937805787,0 -80.82316542891,-4.896533769598981,0 -80.82309722314317,-4.896607843712284,0 -80.82301377384034,-4.896684718321382,0 -80.82292699444193,-4.896733999887431,0 -80.82283065692805,-4.896773689554863,0 -80.82274396846901,-4.896819985737531,0 -80.82271185645574,-4.896831285675257,0 -80.82203209198724,-4.897069758651802,0 -80.82136665810401,-4.89734604950246,0 -80.82211555200448,-4.89660342751052,0 -80.82213657260309,-4.896582625772108,0 -80.8221364823856,-4.896582716214741,0 -80.82220197620856,-4.896532705486982,0 -80.8222243455501,-4.896528007066729,0 -80.82244758800307,-4.896480932239193,0 -80.8225109977113,-4.896468192982804,0 -80.82261797433817,-4.896443071167475,0 -80.8227268460119,-4.896414150248796,0 -80.82288731593519,-4.896357017250104,0 -80.82305130065306,-4.896310560124936,0 -80.82320951067658,-4.896272876680092,0 -80.82335617175994,-4.896251112252492,0 -80.82339225069283,-4.896245965003945,0 -80.82341885892791,-4.896242081833259,0 -80.82341885892791,-4.896242081833259,0
						</coordinates>
					</LinearRing>
				</outerBoundaryIs>
			</Polygon>
		</Placemark>
		<Placemark>
			<name>35932</name>
			<visibility>0</visibility>
			<ExtendedData>
				<SchemaData schemaUrl="#S_BLOQUE_SOJO_Y_LAS_MARIPOSAS">
					<SimpleData name="AREA_HA">0.6072</SimpleData>
					<SimpleData name="NOM_LOC">SOJO</SimpleData>
					<SimpleData name="NOM_PRE">S/N</SimpleData>
					<SimpleData name="NOM_BLO">SOJO Y LAS MARIPOSAS</SimpleData>
					<SimpleData name="CODCAT">35932</SimpleData>
					<SimpleData name="USUARIO"></SimpleData>
					<SimpleData name="AP_PAT_USU"></SimpleData>
					<SimpleData name="AP_MAT_USU"></SimpleData>
					<SimpleData name="NOM_USU"></SimpleData>
					<SimpleData name="TIPODOC">SIN DATO</SimpleData>
					<SimpleData name="NUM_DOC"></SimpleData>
					<SimpleData name="DESC_LIC"></SimpleData>
					<SimpleData name="PAR_AR_BR">0.6072</SimpleData>
					<SimpleData name="RES_ADM"></SimpleData>
					<SimpleData name="TOMA">SOJO Y LAS MARIPOSAS</SimpleData>
				</SchemaData>
			</ExtendedData>
			<Polygon>
				<outerBoundaryIs>
					<LinearRing>
						<coordinates>
							-80.82221759931907,-4.896108242488073,0 -80.82220954824481,-4.896200334910721,0 -80.82221232094162,-4.896290530359531,0 -80.82221049301801,-4.89638352906141,0 -80.82219991893739,-4.896466212349766,0 -80.82213657260309,-4.896582625772108,0 -80.82211555200448,-4.89660342751052,0 -80.82136665810401,-4.89734604950246,0 -80.82133860395895,-4.897360516747263,0 -80.82136437837931,-4.89744176206016,0 -80.82136455869716,-4.897442033505685,0 -80.82134255153088,-4.897441213557157,0 -80.82131558370874,-4.897440301844691,0 -80.82124865935158,-4.897441369934628,0 -80.821167029485,-4.897457270612701,0 -80.82108675130318,-4.89747787587268,0 -80.82102640391025,-4.897506628294044,0 -80.82099275705275,-4.897523627110099,0 -80.82094964013434,-4.897539356917296,0 -80.82088685784093,-4.897566751695801,0 -80.82084148684088,-4.897579495523075,0 -80.82079954680317,-4.897578489397492,0 -80.82080324561386,-4.89757523358739,0 -80.82081669581973,-4.89753199431153,0 -80.82081923693822,-4.897471835010889,0 -80.82083962600851,-4.897451937811781,0 -80.82219630815624,-4.896129044159578,0 -80.82221759931907,-4.896108242488073,0 -80.82221759931907,-4.896108242488073,0
						</coordinates>
					</LinearRing>
				</outerBoundaryIs>
			</Polygon>
		</Placemark>
		<Placemark>
			<name>35931</name>
			<visibility>0</visibility>
			<ExtendedData>
				<SchemaData schemaUrl="#S_BLOQUE_SOJO_Y_LAS_MARIPOSAS">
					<SimpleData name="AREA_HA">0.5368</SimpleData>
					<SimpleData name="NOM_LOC">SOJO</SimpleData>
					<SimpleData name="NOM_PRE">SOJO (P)</SimpleData>
					<SimpleData name="NOM_BLO">SOJO Y LAS MARIPOSAS</SimpleData>
					<SimpleData name="CODCAT">35931</SimpleData>
					<SimpleData name="USUARIO">QUEVEDO AVALO, JOSE</SimpleData>
					<SimpleData name="AP_PAT_USU">QUEVEDO</SimpleData>
					<SimpleData name="AP_MAT_USU">AVALO</SimpleData>
					<SimpleData name="NOM_USU">JOSE</SimpleData>
					<SimpleData name="TIPODOC">DNI</SimpleData>
					<SimpleData name="NUM_DOC">03630809</SimpleData>
					<SimpleData name="DESC_LIC">G.R.PIURA-420010-AACH-ATDRCH</SimpleData>
					<SimpleData name="PAR_AR_BR">0.5368</SimpleData>
					<SimpleData name="RES_ADM">126-2006-G.R.PIURA-420010-AACH-ATDRCH</SimpleData>
					<SimpleData name="TOMA">SOJO Y LAS MARIPOSAS</SimpleData>
				</SchemaData>
			</ExtendedData>
			<Polygon>
				<outerBoundaryIs>
					<LinearRing>
						<coordinates>
							-80.82221759931907,-4.896108242488073,0 -80.82219630815624,-4.896129044159578,0 -80.82083962600851,-4.897451937811781,0 -80.82081923693822,-4.897471835010889,0 -80.82081950924214,-4.897465231055826,0 -80.8207895966634,-4.897342913022385,0 -80.82075110892873,-4.897246375581263,0 -80.82077510691518,-4.897222046490781,0 -80.82147871583487,-4.896510443230165,0 -80.82205394365589,-4.895928715112328,0 -80.82211166346937,-4.89594546636797,0 -80.82220211165503,-4.896008816187001,0 -80.82221922786239,-4.896088702228303,0 -80.82221759931907,-4.896108242488073,0 -80.82221759931907,-4.896108242488073,0
						</coordinates>
					</LinearRing>
				</outerBoundaryIs>
			</Polygon>
		</Placemark>
		<Placemark>
			<name>35924</name>
			<visibility>0</visibility>
			<ExtendedData>
				<SchemaData schemaUrl="#S_BLOQUE_SOJO_Y_LAS_MARIPOSAS">
					<SimpleData name="AREA_HA">0.3149</SimpleData>
					<SimpleData name="NOM_LOC">SOJO</SimpleData>
					<SimpleData name="NOM_PRE">SOJO (P)</SimpleData>
					<SimpleData name="NOM_BLO">SOJO Y LAS MARIPOSAS</SimpleData>
					<SimpleData name="CODCAT">35924</SimpleData>
					<SimpleData name="USUARIO">QUEVEDO DE CHECA, ANGELITA</SimpleData>
					<SimpleData name="AP_PAT_USU">QUEVEDO</SimpleData>
					<SimpleData name="AP_MAT_USU">DE CHECA</SimpleData>
					<SimpleData name="NOM_USU">ANGELITA</SimpleData>
					<SimpleData name="TIPODOC">DNI</SimpleData>
					<SimpleData name="NUM_DOC">03630311</SimpleData>
					<SimpleData name="DESC_LIC">G.R.PIURA-420010-AACH-ATDRCH</SimpleData>
					<SimpleData name="PAR_AR_BR">0.3149</SimpleData>
					<SimpleData name="RES_ADM">126-2006-G.R.PIURA-420010-AACH-ATDRCH</SimpleData>
					<SimpleData name="TOMA">SOJO Y LAS MARIPOSAS</SimpleData>
				</SchemaData>
			</ExtendedData>
			<Polygon>
				<outerBoundaryIs>
					<LinearRing>
						<coordinates>
							-80.82147871583487,-4.896510443230165,0 -80.82077510691518,-4.897222046490781,0 -80.82075110892873,-4.897246375581263,0 -80.82071045789039,-4.897144681001806,0 -80.82064925343886,-4.897001457078465,0 -80.82063807855084,-4.896966262826112,0 -80.82067100761115,-4.89693478925992,0 -80.82127906729387,-4.896352346739605,0 -80.82130359501403,-4.896371803368873,0 -80.82145698353263,-4.896493248990312,0 -80.82147871583487,-4.896510443230165,0 -80.82147871583487,-4.896510443230165,0
						</coordinates>
					</LinearRing>
				</outerBoundaryIs>
			</Polygon>
		</Placemark>
		<Placemark>
			<name>35925</name>
			<visibility>0</visibility>
			<ExtendedData>
				<SchemaData schemaUrl="#S_BLOQUE_SOJO_Y_LAS_MARIPOSAS">
					<SimpleData name="AREA_HA">0.2304</SimpleData>
					<SimpleData name="NOM_LOC">SOJO</SimpleData>
					<SimpleData name="NOM_PRE">SOJO (P)</SimpleData>
					<SimpleData name="NOM_BLO">SOJO Y LAS MARIPOSAS</SimpleData>
					<SimpleData name="CODCAT">35925</SimpleData>
					<SimpleData name="USUARIO">QUEVEDO AVALO, ELDA</SimpleData>
					<SimpleData name="AP_PAT_USU">QUEVEDO</SimpleData>
					<SimpleData name="AP_MAT_USU">AVALO</SimpleData>
					<SimpleData name="NOM_USU">ELDA</SimpleData>
					<SimpleData name="TIPODOC">DNI</SimpleData>
					<SimpleData name="NUM_DOC">03648510</SimpleData>
					<SimpleData name="DESC_LIC">G.R.PIURA-420010-AACH-ATDRCH</SimpleData>
					<SimpleData name="PAR_AR_BR">0.2304</SimpleData>
					<SimpleData name="RES_ADM">126-2006-G.R.PIURA-420010-AACH-ATDRCH</SimpleData>
					<SimpleData name="TOMA">SOJO Y LAS MARIPOSAS</SimpleData>
				</SchemaData>
			</ExtendedData>
			<Polygon>
				<outerBoundaryIs>
					<LinearRing>
						<coordinates>
							-80.82205394365589,-4.895928715112328,0 -80.82147871583487,-4.896510443230165,0 -80.82145698353263,-4.896493248990312,0 -80.82130359501403,-4.896371803368873,0 -80.82127906729387,-4.896352346739605,0 -80.82180782575475,-4.8958458744969,0 -80.82186121472095,-4.895868504942918,0 -80.8219844995192,-4.895908523085977,0 -80.82205394365589,-4.895928715112328,0 -80.82205394365589,-4.895928715112328,0
						</coordinates>
					</LinearRing>
				</outerBoundaryIs>
			</Polygon>
		</Placemark>
		<Placemark>
			<name>35923</name>
			<visibility>0</visibility>
			<ExtendedData>
				<SchemaData schemaUrl="#S_BLOQUE_SOJO_Y_LAS_MARIPOSAS">
					<SimpleData name="AREA_HA">0.3152</SimpleData>
					<SimpleData name="NOM_LOC">SOJO</SimpleData>
					<SimpleData name="NOM_PRE">SOJO (P)</SimpleData>
					<SimpleData name="NOM_BLO">SOJO Y LAS MARIPOSAS</SimpleData>
					<SimpleData name="CODCAT">35923</SimpleData>
					<SimpleData name="USUARIO">CARRASCO ZAPATA, RICARDO</SimpleData>
					<SimpleData name="AP_PAT_USU">CARRASCO</SimpleData>
					<SimpleData name="AP_MAT_USU">ZAPATA</SimpleData>
					<SimpleData name="NOM_USU">RICARDO</SimpleData>
					<SimpleData name="TIPODOC">DNI</SimpleData>
					<SimpleData name="NUM_DOC">03629529</SimpleData>
					<SimpleData name="DESC_LIC">G.R.PIURA-420010-AACH-ATDRCH</SimpleData>
					<SimpleData name="PAR_AR_BR">0.3152</SimpleData>
					<SimpleData name="RES_ADM">126-2006-G.R.PIURA-420010-AACH-ATDRCH</SimpleData>
					<SimpleData name="TOMA">SOJO Y LAS MARIPOSAS</SimpleData>
				</SchemaData>
			</ExtendedData>
			<Polygon>
				<outerBoundaryIs>
					<LinearRing>
						<coordinates>
							-80.82180782575475,-4.8958458744969,0 -80.82127906729387,-4.896352346739605,0 -80.82067100761115,-4.89693478925992,0 -80.82063807855084,-4.896966262826112,0 -80.82059400994352,-4.896827114370814,0 -80.82058076288725,-4.896783144360222,0 -80.82165559723634,-4.89577300956819,0 -80.82170538063782,-4.895787135269898,0 -80.82176823496717,-4.895829037476402,0 -80.82180782575475,-4.8958458744969,0 -80.82180782575475,-4.8958458744969,0
						</coordinates>
					</LinearRing>
				</outerBoundaryIs>
			</Polygon>
		</Placemark>
		<Placemark>
			<name>35918</name>
			<visibility>0</visibility>
			<ExtendedData>
				<SchemaData schemaUrl="#S_BLOQUE_SOJO_Y_LAS_MARIPOSAS">
					<SimpleData name="AREA_HA">0.4122</SimpleData>
					<SimpleData name="NOM_LOC">SOJO</SimpleData>
					<SimpleData name="NOM_PRE">S/N</SimpleData>
					<SimpleData name="NOM_BLO">SOJO Y LAS MARIPOSAS</SimpleData>
					<SimpleData name="CODCAT">35918</SimpleData>
					<SimpleData name="USUARIO"></SimpleData>
					<SimpleData name="AP_PAT_USU"></SimpleData>
					<SimpleData name="AP_MAT_USU"></SimpleData>
					<SimpleData name="NOM_USU"></SimpleData>
					<SimpleData name="TIPODOC">SIN DATO</SimpleData>
					<SimpleData name="NUM_DOC"></SimpleData>
					<SimpleData name="DESC_LIC"></SimpleData>
					<SimpleData name="PAR_AR_BR">0.4122</SimpleData>
					<SimpleData name="RES_ADM"></SimpleData>
					<SimpleData name="TOMA">SOJO Y LAS MARIPOSAS</SimpleData>
				</SchemaData>
			</ExtendedData>
			<Polygon>
				<outerBoundaryIs>
					<LinearRing>
						<coordinates>
							-80.82165559723634,-4.89577300956819,0 -80.82058076288725,-4.896783144360222,0 -80.82054354498955,-4.896659557872378,0 -80.82051181529049,-4.896588262239421,0 -80.8204831505419,-4.896523300038382,0 -80.82142689399328,-4.895662762123756,0 -80.82145845400223,-4.89569307651883,0 -80.82153149808605,-4.895743213825416,0 -80.82161266806084,-4.895760875906254,0 -80.82165559723634,-4.89577300956819,0 -80.82165559723634,-4.89577300956819,0
						</coordinates>
					</LinearRing>
				</outerBoundaryIs>
			</Polygon>
		</Placemark>
		<Placemark>
			<name>35917</name>
			<visibility>0</visibility>
			<ExtendedData>
				<SchemaData schemaUrl="#S_BLOQUE_SOJO_Y_LAS_MARIPOSAS">
					<SimpleData name="AREA_HA">0.2875</SimpleData>
					<SimpleData name="NOM_LOC">SOJO</SimpleData>
					<SimpleData name="NOM_PRE">SOJO (P)</SimpleData>
					<SimpleData name="NOM_BLO">SOJO Y LAS MARIPOSAS</SimpleData>
					<SimpleData name="CODCAT">35917</SimpleData>
					<SimpleData name="USUARIO">CHORRES ALBURQUEQUE, HORACIO</SimpleData>
					<SimpleData name="AP_PAT_USU">CHORRES</SimpleData>
					<SimpleData name="AP_MAT_USU">ALBURQUEQUE</SimpleData>
					<SimpleData name="NOM_USU">HORACIO</SimpleData>
					<SimpleData name="TIPODOC">DNI</SimpleData>
					<SimpleData name="NUM_DOC">03629099</SimpleData>
					<SimpleData name="DESC_LIC">G.R.PIURA-420010-AACH-ATDRCH</SimpleData>
					<SimpleData name="PAR_AR_BR">0.2875</SimpleData>
					<SimpleData name="RES_ADM">126-2006-G.R.PIURA-420010-AACH-ATDRCH</SimpleData>
					<SimpleData name="TOMA">SOJO Y LAS MARIPOSAS</SimpleData>
				</SchemaData>
			</ExtendedData>
			<Polygon>
				<outerBoundaryIs>
					<LinearRing>
						<coordinates>
							-80.82142689399328,-4.895662762123756,0 -80.8204831505419,-4.896523300038382,0 -80.82045619854034,-4.896461956930828,0 -80.82040896909791,-4.896338548737765,0 -80.82036678479281,-4.896237125134069,0 -80.82048791512972,-4.896237971156401,0 -80.82052336519963,-4.896223324955789,0 -80.82057216761604,-4.896194750476665,0 -80.82073293188859,-4.896046880558735,0 -80.82090506213227,-4.895892861880943,0 -80.82111372677431,-4.895716055254584,0 -80.82129975599584,-4.895526305985786,0 -80.82135133239224,-4.895582227530801,0 -80.82139190746364,-4.895629190051514,0 -80.82142689399328,-4.895662762123756,0 -80.82142689399328,-4.895662762123756,0
						</coordinates>
					</LinearRing>
				</outerBoundaryIs>
			</Polygon>
		</Placemark>
		<Placemark>
			<name>35913</name>
			<visibility>0</visibility>
			<ExtendedData>
				<SchemaData schemaUrl="#S_BLOQUE_SOJO_Y_LAS_MARIPOSAS">
					<SimpleData name="AREA_HA">0.2968</SimpleData>
					<SimpleData name="NOM_LOC">SOJO</SimpleData>
					<SimpleData name="NOM_PRE">SOJO (P)</SimpleData>
					<SimpleData name="NOM_BLO">SOJO Y LAS MARIPOSAS</SimpleData>
					<SimpleData name="CODCAT">35913</SimpleData>
					<SimpleData name="USUARIO">CHORRES DE FLORES, MARIA ANGELA</SimpleData>
					<SimpleData name="AP_PAT_USU">CHORRES</SimpleData>
					<SimpleData name="AP_MAT_USU">DE FLORES</SimpleData>
					<SimpleData name="NOM_USU">MARIA ANGELA</SimpleData>
					<SimpleData name="TIPODOC">DNI</SimpleData>
					<SimpleData name="NUM_DOC">03630894</SimpleData>
					<SimpleData name="DESC_LIC">G.R.PIURA-420010-AACH-ATDRCH</SimpleData>
					<SimpleData name="PAR_AR_BR">0.2968</SimpleData>
					<SimpleData name="RES_ADM">126-2006-G.R.PIURA-420010-AACH-ATDRCH</SimpleData>
					<SimpleData name="TOMA">SOJO Y LAS MARIPOSAS</SimpleData>
				</SchemaData>
			</ExtendedData>
			<Polygon>
				<outerBoundaryIs>
					<LinearRing>
						<coordinates>
							-80.82114720148654,-4.895320184260918,0 -80.82128082404267,-4.895492557172483,0 -80.82052472854717,-4.89618333928977,0 -80.82044814644789,-4.89621163506937,0 -80.82042099793506,-4.896212080266928,0 -80.82032178526585,-4.896209249740755,0 -80.82030356621948,-4.896208702153899,0 -80.82030582728774,-4.896184910159684,0 -80.82030817980291,-4.896156323485316,0 -80.82030873342667,-4.896108647987267,0 -80.82114720148654,-4.895320184260918,0 -80.82114720148654,-4.895320184260918,0
						</coordinates>
					</LinearRing>
				</outerBoundaryIs>
			</Polygon>
		</Placemark>
		<Placemark>
			<name>31993</name>
			<visibility>0</visibility>
			<ExtendedData>
				<SchemaData schemaUrl="#S_BLOQUE_SOJO_Y_LAS_MARIPOSAS">
					<SimpleData name="AREA_HA">0.3118</SimpleData>
					<SimpleData name="NOM_LOC">SOJO</SimpleData>
					<SimpleData name="NOM_PRE">SOJO (P)</SimpleData>
					<SimpleData name="NOM_BLO">SOJO Y LAS MARIPOSAS</SimpleData>
					<SimpleData name="CODCAT">31993</SimpleData>
					<SimpleData name="USUARIO">CHORRES HERRERA, JUAN ANTONIO</SimpleData>
					<SimpleData name="AP_PAT_USU">CHORRES</SimpleData>
					<SimpleData name="AP_MAT_USU">HERRERA</SimpleData>
					<SimpleData name="NOM_USU">JUAN ANTONIO</SimpleData>
					<SimpleData name="TIPODOC">DNI</SimpleData>
					<SimpleData name="NUM_DOC">03629521</SimpleData>
					<SimpleData name="DESC_LIC">G.R.PIURA-420010-AACH-ATDRCH</SimpleData>
					<SimpleData name="PAR_AR_BR">0.3118</SimpleData>
					<SimpleData name="RES_ADM">126-2006-G.R.PIURA-420010-AACH-ATDRCH</SimpleData>
					<SimpleData name="TOMA">SOJO Y LAS MARIPOSAS</SimpleData>
				</SchemaData>
			</ExtendedData>
			<Polygon>
				<outerBoundaryIs>
					<LinearRing>
						<coordinates>
							-80.82114720148654,-4.895320184260918,0 -80.82030873342667,-4.896108647987267,0 -80.82041853871971,-4.895613193919135,0 -80.82043721283023,-4.895598000517158,0 -80.82100321016499,-4.895134510089441,0 -80.82114720148654,-4.895320184260918,0 -80.82114720148654,-4.895320184260918,0
						</coordinates>
					</LinearRing>
				</outerBoundaryIs>
			</Polygon>
		</Placemark>
		<Placemark>
			<name>31987</name>
			<visibility>0</visibility>
			<ExtendedData>
				<SchemaData schemaUrl="#S_BLOQUE_SOJO_Y_LAS_MARIPOSAS">
					<SimpleData name="AREA_HA">0.1491</SimpleData>
					<SimpleData name="NOM_LOC">SOJO</SimpleData>
					<SimpleData name="NOM_PRE">SOJO</SimpleData>
					<SimpleData name="NOM_BLO">SOJO Y LAS MARIPOSAS</SimpleData>
					<SimpleData name="CODCAT">31987</SimpleData>
					<SimpleData name="USUARIO">BURGOS PEÑA, TEODORO</SimpleData>
					<SimpleData name="AP_PAT_USU">BURGOS</SimpleData>
					<SimpleData name="AP_MAT_USU">PEÑA</SimpleData>
					<SimpleData name="NOM_USU">TEODORO</SimpleData>
					<SimpleData name="TIPODOC">DNI</SimpleData>
					<SimpleData name="NUM_DOC">03629180</SimpleData>
					<SimpleData name="DESC_LIC">G.R.PIURA-420010-DRA.P-AACH-S.ATDRCH</SimpleData>
					<SimpleData name="PAR_AR_BR">0.14</SimpleData>
					<SimpleData name="RES_ADM">518-2005-G.R.PIURA-420010-DRA.P-AACH-S.ATDRCH</SimpleData>
					<SimpleData name="TOMA">SOJO Y LAS MARIPOSAS</SimpleData>
				</SchemaData>
			</ExtendedData>
			<Polygon>
				<outerBoundaryIs>
					<LinearRing>
						<coordinates>
							-80.82100321016499,-4.895134510089441,0 -80.82043721283023,-4.895598000517158,0 -80.82041853871971,-4.895613193919135,0 -80.82048445788466,-4.895315939565923,0 -80.82050863515785,-4.895295591037801,0 -80.8208738202157,-4.894987649681526,0 -80.82099626756872,-4.89512555212543,0 -80.82100321016499,-4.895134510089441,0 -80.82100321016499,-4.895134510089441,0
						</coordinates>
					</LinearRing>
				</outerBoundaryIs>
			</Polygon>
		</Placemark>
		<Placemark>
			<name>31995</name>
			<visibility>0</visibility>
			<ExtendedData>
				<SchemaData schemaUrl="#S_BLOQUE_SOJO_Y_LAS_MARIPOSAS">
					<SimpleData name="AREA_HA">0.0921</SimpleData>
					<SimpleData name="NOM_LOC">SOJO</SimpleData>
					<SimpleData name="NOM_PRE">S/N</SimpleData>
					<SimpleData name="NOM_BLO">SOJO Y LAS MARIPOSAS</SimpleData>
					<SimpleData name="CODCAT">31995</SimpleData>
					<SimpleData name="USUARIO"></SimpleData>
					<SimpleData name="AP_PAT_USU"></SimpleData>
					<SimpleData name="AP_MAT_USU"></SimpleData>
					<SimpleData name="NOM_USU"></SimpleData>
					<SimpleData name="TIPODOC">SIN DATO</SimpleData>
					<SimpleData name="NUM_DOC"></SimpleData>
					<SimpleData name="DESC_LIC"></SimpleData>
					<SimpleData name="PAR_AR_BR">0.0921</SimpleData>
					<SimpleData name="RES_ADM"></SimpleData>
					<SimpleData name="TOMA">SOJO Y LAS MARIPOSAS</SimpleData>
				</SchemaData>
			</ExtendedData>
			<Polygon>
				<outerBoundaryIs>
					<LinearRing>
						<coordinates>
							-80.8208738202157,-4.894987649681526,0 -80.82050863515785,-4.895295591037801,0 -80.82048445788466,-4.895315939565923,0 -80.82055588530233,-4.894993808464029,0 -80.82058673817983,-4.894968576514081,0 -80.82074343816699,-4.894840879456012,0 -80.8208738202157,-4.894987649681526,0 -80.8208738202157,-4.894987649681526,0
						</coordinates>
					</LinearRing>
				</outerBoundaryIs>
			</Polygon>
		</Placemark>
		<Placemark>
			<name>31996</name>
			<visibility>0</visibility>
			<ExtendedData>
				<SchemaData schemaUrl="#S_BLOQUE_SOJO_Y_LAS_MARIPOSAS">
					<SimpleData name="AREA_HA">0.0276</SimpleData>
					<SimpleData name="NOM_LOC">SOJO</SimpleData>
					<SimpleData name="NOM_PRE">S/N</SimpleData>
					<SimpleData name="NOM_BLO">SOJO Y LAS MARIPOSAS</SimpleData>
					<SimpleData name="CODCAT">31996</SimpleData>
					<SimpleData name="USUARIO"></SimpleData>
					<SimpleData name="AP_PAT_USU"></SimpleData>
					<SimpleData name="AP_MAT_USU"></SimpleData>
					<SimpleData name="NOM_USU"></SimpleData>
					<SimpleData name="TIPODOC">SIN DATO</SimpleData>
					<SimpleData name="NUM_DOC"></SimpleData>
					<SimpleData name="DESC_LIC"></SimpleData>
					<SimpleData name="PAR_AR_BR">0.0276</SimpleData>
					<SimpleData name="RES_ADM"></SimpleData>
					<SimpleData name="TOMA">SOJO Y LAS MARIPOSAS</SimpleData>
				</SchemaData>
			</ExtendedData>
			<Polygon>
				<outerBoundaryIs>
					<LinearRing>
						<coordinates>
							-80.82074343816699,-4.894840879456012,0 -80.82058673817983,-4.894968576514081,0 -80.82055588530233,-4.894993808464029,0 -80.82062044989581,-4.89470243402989,0 -80.82074343816699,-4.894840879456012,0 -80.82074343816699,-4.894840879456012,0
						</coordinates>
					</LinearRing>
				</outerBoundaryIs>
			</Polygon>
		</Placemark>
		<Placemark>
			<name>35933</name>
			<visibility>0</visibility>
			<ExtendedData>
				<SchemaData schemaUrl="#S_BLOQUE_SOJO_Y_LAS_MARIPOSAS">
					<SimpleData name="AREA_HA">0.4636</SimpleData>
					<SimpleData name="NOM_LOC">SOJO</SimpleData>
					<SimpleData name="NOM_PRE">S/N</SimpleData>
					<SimpleData name="NOM_BLO">SOJO Y LAS MARIPOSAS</SimpleData>
					<SimpleData name="CODCAT">35933</SimpleData>
					<SimpleData name="USUARIO"></SimpleData>
					<SimpleData name="AP_PAT_USU"></SimpleData>
					<SimpleData name="AP_MAT_USU"></SimpleData>
					<SimpleData name="NOM_USU"></SimpleData>
					<SimpleData name="TIPODOC">SIN DATO</SimpleData>
					<SimpleData name="NUM_DOC"></SimpleData>
					<SimpleData name="DESC_LIC"></SimpleData>
					<SimpleData name="PAR_AR_BR">0.4636</SimpleData>
					<SimpleData name="RES_ADM"></SimpleData>
					<SimpleData name="TOMA">SOJO Y LAS MARIPOSAS</SimpleData>
				</SchemaData>
			</ExtendedData>
			<Polygon>
				<outerBoundaryIs>
					<LinearRing>
						<coordinates>
							-80.82315220134242,-4.895711790911086,0 -80.82270788568592,-4.896140213894855,0 -80.82259358440024,-4.896238973254066,0 -80.82250156761425,-4.896312136464975,0 -80.82239042801409,-4.896391717788986,0 -80.82230698284577,-4.896452398872984,0 -80.82223292191313,-4.896497341280739,0 -80.82226035914231,-4.89642678483767,0 -80.82227508578734,-4.896329989911996,0 -80.82227015373297,-4.896219258091124,0 -80.82226368321459,-4.896128518883936,0 -80.82226622772436,-4.896054699186101,0 -80.82226596195854,-4.89603606309487,0 -80.82285777848971,-4.895477226481626,0 -80.82287744553874,-4.89545868601974,0 -80.82291035627918,-4.895497685447148,0 -80.82298880946122,-4.895558046671987,0 -80.82307916285873,-4.895639399110053,0 -80.82315220134242,-4.895711790911086,0 -80.82315220134242,-4.895711790911086,0
						</coordinates>
					</LinearRing>
				</outerBoundaryIs>
			</Polygon>
		</Placemark>
		<Placemark>
			<name>35930</name>
			<visibility>0</visibility>
			<ExtendedData>
				<SchemaData schemaUrl="#S_BLOQUE_SOJO_Y_LAS_MARIPOSAS">
					<SimpleData name="AREA_HA">0.2446</SimpleData>
					<SimpleData name="NOM_LOC">SOJO</SimpleData>
					<SimpleData name="NOM_PRE">SOJO (P)</SimpleData>
					<SimpleData name="NOM_BLO">SOJO Y LAS MARIPOSAS</SimpleData>
					<SimpleData name="CODCAT">35930</SimpleData>
					<SimpleData name="USUARIO">QUEVEDO AVALO, JOSE</SimpleData>
					<SimpleData name="AP_PAT_USU">QUEVEDO</SimpleData>
					<SimpleData name="AP_MAT_USU">AVALO</SimpleData>
					<SimpleData name="NOM_USU">JOSE</SimpleData>
					<SimpleData name="TIPODOC">DNI</SimpleData>
					<SimpleData name="NUM_DOC">03630809</SimpleData>
					<SimpleData name="DESC_LIC">G.R.PIURA-420010-AACH-ATDRCH</SimpleData>
					<SimpleData name="PAR_AR_BR">0.2446</SimpleData>
					<SimpleData name="RES_ADM">126-2006-G.R.PIURA-420010-AACH-ATDRCH</SimpleData>
					<SimpleData name="TOMA">SOJO Y LAS MARIPOSAS</SimpleData>
				</SchemaData>
			</ExtendedData>
			<Polygon>
				<outerBoundaryIs>
					<LinearRing>
						<coordinates>
							-80.82287744553874,-4.89545868601974,0 -80.82285777848971,-4.895477226481626,0 -80.82226596195854,-4.89603606309487,0 -80.82226596216896,-4.896035248899779,0 -80.8222338629071,-4.895997335246283,0 -80.82220437850239,-4.895962407653565,0 -80.82214531415067,-4.895913269182652,0 -80.8220882269371,-4.895891723389902,0 -80.82220758384179,-4.89577460080749,0 -80.8227144215755,-4.895277711506905,0 -80.82272812594091,-4.895297527142796,0 -80.82278456944098,-4.895366929296861,0 -80.82285418261479,-4.895431087823033,0 -80.82287744553874,-4.89545868601974,0 -80.82287744553874,-4.89545868601974,0
						</coordinates>
					</LinearRing>
				</outerBoundaryIs>
			</Polygon>
		</Placemark>
		<Placemark>
			<name>35926</name>
			<visibility>0</visibility>
			<ExtendedData>
				<SchemaData schemaUrl="#S_BLOQUE_SOJO_Y_LAS_MARIPOSAS">
					<SimpleData name="AREA_HA">0.0621</SimpleData>
					<SimpleData name="NOM_LOC">SOJO</SimpleData>
					<SimpleData name="NOM_PRE">SOJO (P)</SimpleData>
					<SimpleData name="NOM_BLO">SOJO Y LAS MARIPOSAS</SimpleData>
					<SimpleData name="CODCAT">35926</SimpleData>
					<SimpleData name="USUARIO">QUEVEDO AVALO, ELDA</SimpleData>
					<SimpleData name="AP_PAT_USU">QUEVEDO</SimpleData>
					<SimpleData name="AP_MAT_USU">AVALO</SimpleData>
					<SimpleData name="NOM_USU">ELDA</SimpleData>
					<SimpleData name="TIPODOC">DNI</SimpleData>
					<SimpleData name="NUM_DOC">03648510</SimpleData>
					<SimpleData name="DESC_LIC">G.R.PIURA-420010-AACH-ATDRCH</SimpleData>
					<SimpleData name="PAR_AR_BR">0.0621</SimpleData>
					<SimpleData name="RES_ADM">126-2006-G.R.PIURA-420010-AACH-ATDRCH</SimpleData>
					<SimpleData name="TOMA">SOJO Y LAS MARIPOSAS</SimpleData>
				</SchemaData>
			</ExtendedData>
			<Polygon>
				<outerBoundaryIs>
					<LinearRing>
						<coordinates>
							-80.82220758384179,-4.89577460080749,0 -80.8220882269371,-4.895891723389902,0 -80.82207226417295,-4.895885658004888,0 -80.82198451099327,-4.895864194687285,0 -80.82191903600881,-4.895841651568754,0 -80.82185581653403,-4.895816575980227,0 -80.82184400285992,-4.895809878408251,0 -80.82186258724346,-4.895792785153579,0 -80.82204491278512,-4.895624475178122,0 -80.82218531124481,-4.895754059203872,0 -80.82220758384179,-4.89577460080749,0 -80.82220758384179,-4.89577460080749,0
						</coordinates>
					</LinearRing>
				</outerBoundaryIs>
			</Polygon>
		</Placemark>
		<Placemark>
			<name>35927</name>
			<visibility>0</visibility>
			<ExtendedData>
				<SchemaData schemaUrl="#S_BLOQUE_SOJO_Y_LAS_MARIPOSAS">
					<SimpleData name="AREA_HA">0.1898</SimpleData>
					<SimpleData name="NOM_LOC">SOJO</SimpleData>
					<SimpleData name="NOM_PRE">S/N</SimpleData>
					<SimpleData name="NOM_BLO">SOJO Y LAS MARIPOSAS</SimpleData>
					<SimpleData name="CODCAT">35927</SimpleData>
					<SimpleData name="USUARIO"></SimpleData>
					<SimpleData name="AP_PAT_USU"></SimpleData>
					<SimpleData name="AP_MAT_USU"></SimpleData>
					<SimpleData name="NOM_USU"></SimpleData>
					<SimpleData name="TIPODOC">SIN DATO</SimpleData>
					<SimpleData name="NUM_DOC"></SimpleData>
					<SimpleData name="DESC_LIC"></SimpleData>
					<SimpleData name="PAR_AR_BR">0.1898</SimpleData>
					<SimpleData name="RES_ADM"></SimpleData>
					<SimpleData name="TOMA">SOJO Y LAS MARIPOSAS</SimpleData>
				</SchemaData>
			</ExtendedData>
			<Polygon>
				<outerBoundaryIs>
					<LinearRing>
						<coordinates>
							-80.8227144215755,-4.895277711506905,0 -80.82220758384179,-4.89577460080749,0 -80.82218531124481,-4.895754059203872,0 -80.82204491278512,-4.895624475178122,0 -80.82260587227364,-4.895106521433608,0 -80.82261128173599,-4.895114936187182,0 -80.82263634329179,-4.895162799271757,0 -80.82268493922734,-4.895234822915886,0 -80.8227144215755,-4.895277711506905,0 -80.8227144215755,-4.895277711506905,0
						</coordinates>
					</LinearRing>
				</outerBoundaryIs>
			</Polygon>
		</Placemark>
		<Placemark>
			<name>35922</name>
			<visibility>0</visibility>
			<ExtendedData>
				<SchemaData schemaUrl="#S_BLOQUE_SOJO_Y_LAS_MARIPOSAS">
					<SimpleData name="AREA_HA">0.2126</SimpleData>
					<SimpleData name="NOM_LOC">SOJO</SimpleData>
					<SimpleData name="NOM_PRE">SOJO (P)</SimpleData>
					<SimpleData name="NOM_BLO">SOJO Y LAS MARIPOSAS</SimpleData>
					<SimpleData name="CODCAT">35922</SimpleData>
					<SimpleData name="USUARIO">CARRASCO ZAPATA, RICARDO</SimpleData>
					<SimpleData name="AP_PAT_USU">CARRASCO</SimpleData>
					<SimpleData name="AP_MAT_USU">ZAPATA</SimpleData>
					<SimpleData name="NOM_USU">RICARDO</SimpleData>
					<SimpleData name="TIPODOC">DNI</SimpleData>
					<SimpleData name="NUM_DOC">03629529</SimpleData>
					<SimpleData name="DESC_LIC">G.R.PIURA-420010-AACH-ATDRCH</SimpleData>
					<SimpleData name="PAR_AR_BR">0.2126</SimpleData>
					<SimpleData name="RES_ADM">126-2006-G.R.PIURA-420010-AACH-ATDRCH</SimpleData>
					<SimpleData name="TOMA">SOJO Y LAS MARIPOSAS</SimpleData>
				</SchemaData>
			</ExtendedData>
			<Polygon>
				<outerBoundaryIs>
					<LinearRing>
						<coordinates>
							-80.82260587227364,-4.895106521433608,0 -80.82204491278512,-4.895624475178122,0 -80.82186258724346,-4.895792785153579,0 -80.82184400285992,-4.895809878408251,0 -80.82180621712448,-4.895788518554185,0 -80.82172604469096,-4.89574995908179,0 -80.8216854611679,-4.895735473917022,0 -80.82252428239576,-4.894968629877914,0 -80.82252437256628,-4.89496872036745,0 -80.82256277710727,-4.895038660653592,0 -80.82260587227364,-4.895106521433608,0 -80.82260587227364,-4.895106521433608,0
						</coordinates>
					</LinearRing>
				</outerBoundaryIs>
			</Polygon>
		</Placemark>
		<Placemark>
			<name>35919</name>
			<visibility>0</visibility>
			<ExtendedData>
				<SchemaData schemaUrl="#S_BLOQUE_SOJO_Y_LAS_MARIPOSAS">
					<SimpleData name="AREA_HA">0.2715</SimpleData>
					<SimpleData name="NOM_LOC">SOJO</SimpleData>
					<SimpleData name="NOM_PRE">S/N</SimpleData>
					<SimpleData name="NOM_BLO">SOJO Y LAS MARIPOSAS</SimpleData>
					<SimpleData name="CODCAT">35919</SimpleData>
					<SimpleData name="USUARIO"></SimpleData>
					<SimpleData name="AP_PAT_USU"></SimpleData>
					<SimpleData name="AP_MAT_USU"></SimpleData>
					<SimpleData name="NOM_USU"></SimpleData>
					<SimpleData name="TIPODOC">SIN DATO</SimpleData>
					<SimpleData name="NUM_DOC"></SimpleData>
					<SimpleData name="DESC_LIC"></SimpleData>
					<SimpleData name="PAR_AR_BR">0.2715</SimpleData>
					<SimpleData name="RES_ADM"></SimpleData>
					<SimpleData name="TOMA">SOJO Y LAS MARIPOSAS</SimpleData>
				</SchemaData>
			</ExtendedData>
			<Polygon>
				<outerBoundaryIs>
					<LinearRing>
						<coordinates>
							-80.82252428239576,-4.894968629877914,0 -80.8216854611679,-4.895735473917022,0 -80.8216345964757,-4.895717367422359,0 -80.82155487174452,-4.895691473304249,0 -80.82147956964586,-4.895653548337342,0 -80.82145260842418,-4.895627487052252,0 -80.82210901035108,-4.895044242114926,0 -80.82214372523094,-4.895081975521725,0 -80.82221036369219,-4.895139257912435,0 -80.82236904628947,-4.895016988947962,0 -80.82241803810889,-4.89495286118702,0 -80.82245204555417,-4.894935952851749,0 -80.82248857272936,-4.894941118904715,0 -80.82252428239576,-4.894968629877914,0 -80.82252428239576,-4.894968629877914,0
						</coordinates>
					</LinearRing>
				</outerBoundaryIs>
			</Polygon>
		</Placemark>
		<Placemark>
			<name>35916</name>
			<visibility>0</visibility>
			<ExtendedData>
				<SchemaData schemaUrl="#S_BLOQUE_SOJO_Y_LAS_MARIPOSAS">
					<SimpleData name="AREA_HA">0.221</SimpleData>
					<SimpleData name="NOM_LOC">SOJO</SimpleData>
					<SimpleData name="NOM_PRE">SOJO (P)</SimpleData>
					<SimpleData name="NOM_BLO">SOJO Y LAS MARIPOSAS</SimpleData>
					<SimpleData name="CODCAT">35916</SimpleData>
					<SimpleData name="USUARIO">CHORRES ALBURQUEQUE, HORACIO</SimpleData>
					<SimpleData name="AP_PAT_USU">CHORRES</SimpleData>
					<SimpleData name="AP_MAT_USU">ALBURQUEQUE</SimpleData>
					<SimpleData name="NOM_USU">HORACIO</SimpleData>
					<SimpleData name="TIPODOC">DNI</SimpleData>
					<SimpleData name="NUM_DOC">03629099</SimpleData>
					<SimpleData name="DESC_LIC">G.R.PIURA-420010-AACH-ATDRCH</SimpleData>
					<SimpleData name="PAR_AR_BR">0.221</SimpleData>
					<SimpleData name="RES_ADM">126-2006-G.R.PIURA-420010-AACH-ATDRCH</SimpleData>
					<SimpleData name="TOMA">SOJO Y LAS MARIPOSAS</SimpleData>
				</SchemaData>
			</ExtendedData>
			<Polygon>
				<outerBoundaryIs>
					<LinearRing>
						<coordinates>
							-80.82210901035108,-4.895044242114926,0 -80.82145260842418,-4.895627487052252,0 -80.82143421349002,-4.89560966042106,0 -80.82137515016687,-4.895556903240196,0 -80.82133358557653,-4.895499898720212,0 -80.82131997294748,-4.895474293249289,0 -80.8219715938079,-4.894893942109404,0 -80.82200026849431,-4.894920818015065,0 -80.82206951651155,-4.895001441359625,0 -80.82210901035108,-4.895044242114926,0 -80.82210901035108,-4.895044242114926,0
						</coordinates>
					</LinearRing>
				</outerBoundaryIs>
			</Polygon>
		</Placemark>
		<Placemark>
			<name>35915</name>
			<visibility>0</visibility>
			<ExtendedData>
				<SchemaData schemaUrl="#S_BLOQUE_SOJO_Y_LAS_MARIPOSAS">
					<SimpleData name="AREA_HA">0.1102</SimpleData>
					<SimpleData name="NOM_LOC">SOJO</SimpleData>
					<SimpleData name="NOM_PRE">SOJO (P)</SimpleData>
					<SimpleData name="NOM_BLO">SOJO Y LAS MARIPOSAS</SimpleData>
					<SimpleData name="CODCAT">35915</SimpleData>
					<SimpleData name="USUARIO">CHORRES ALBURQUEQUE, HORACIO</SimpleData>
					<SimpleData name="AP_PAT_USU">CHORRES</SimpleData>
					<SimpleData name="AP_MAT_USU">ALBURQUEQUE</SimpleData>
					<SimpleData name="NOM_USU">HORACIO</SimpleData>
					<SimpleData name="TIPODOC">DNI</SimpleData>
					<SimpleData name="NUM_DOC">03629099</SimpleData>
					<SimpleData name="DESC_LIC">G.R.PIURA-420010-AACH-ATDRCH</SimpleData>
					<SimpleData name="PAR_AR_BR">0.1102</SimpleData>
					<SimpleData name="RES_ADM">126-2006-G.R.PIURA-420010-AACH-ATDRCH</SimpleData>
					<SimpleData name="TOMA">SOJO Y LAS MARIPOSAS</SimpleData>
				</SchemaData>
			</ExtendedData>
			<Polygon>
				<outerBoundaryIs>
					<LinearRing>
						<coordinates>
							-80.82250217028988,-4.894675694805216,0 -80.8221538465904,-4.895005986606124,0 -80.82213219475652,-4.895026516785261,0 -80.82199180190869,-4.894875854144997,0 -80.82228274397335,-4.894616744362228,0 -80.8224707849462,-4.89466754470604,0 -80.82250217028988,-4.894675694805216,0 -80.82250217028988,-4.894675694805216,0
						</coordinates>
					</LinearRing>
				</outerBoundaryIs>
			</Polygon>
		</Placemark>
		<Placemark>
			<name>35920</name>
			<visibility>0</visibility>
			<ExtendedData>
				<SchemaData schemaUrl="#S_BLOQUE_SOJO_Y_LAS_MARIPOSAS">
					<SimpleData name="AREA_HA">0.1165</SimpleData>
					<SimpleData name="NOM_LOC">SOJO</SimpleData>
					<SimpleData name="NOM_PRE">S/N</SimpleData>
					<SimpleData name="NOM_BLO">SOJO Y LAS MARIPOSAS</SimpleData>
					<SimpleData name="CODCAT">35920</SimpleData>
					<SimpleData name="USUARIO"></SimpleData>
					<SimpleData name="AP_PAT_USU"></SimpleData>
					<SimpleData name="AP_MAT_USU"></SimpleData>
					<SimpleData name="NOM_USU"></SimpleData>
					<SimpleData name="TIPODOC">SIN DATO</SimpleData>
					<SimpleData name="NUM_DOC"></SimpleData>
					<SimpleData name="DESC_LIC"></SimpleData>
					<SimpleData name="PAR_AR_BR">0.1165</SimpleData>
					<SimpleData name="RES_ADM"></SimpleData>
					<SimpleData name="TOMA">SOJO Y LAS MARIPOSAS</SimpleData>
				</SchemaData>
			</ExtendedData>
			<Polygon>
				<outerBoundaryIs>
					<LinearRing>
						<coordinates>
							-80.82282262376265,-4.894695680457168,0 -80.82254494080046,-4.894953075064937,0 -80.82252880200701,-4.894930182945236,0 -80.82246441221976,-4.894896784228044,0 -80.82243140281693,-4.894890804892178,0 -80.82219495227983,-4.895093839908098,0 -80.82213219475652,-4.895026516785261,0 -80.8221538465904,-4.895005986606124,0 -80.82250217028988,-4.894675694805216,0 -80.82260651752655,-4.894702861721891,0 -80.82272791678803,-4.894709135366615,0 -80.82282262376265,-4.894695680457168,0 -80.82282262376265,-4.894695680457168,0
						</coordinates>
					</LinearRing>
				</outerBoundaryIs>
			</Polygon>
		</Placemark>
		<Placemark>
			<name>35921</name>
			<visibility>0</visibility>
			<ExtendedData>
				<SchemaData schemaUrl="#S_BLOQUE_SOJO_Y_LAS_MARIPOSAS">
					<SimpleData name="AREA_HA">0.0851</SimpleData>
					<SimpleData name="NOM_LOC">SOJO</SimpleData>
					<SimpleData name="NOM_PRE">SOJO (P)</SimpleData>
					<SimpleData name="NOM_BLO">SOJO Y LAS MARIPOSAS</SimpleData>
					<SimpleData name="CODCAT">35921</SimpleData>
					<SimpleData name="USUARIO">CARRASCO ZAPATA, RICARDO</SimpleData>
					<SimpleData name="AP_PAT_USU">CARRASCO</SimpleData>
					<SimpleData name="AP_MAT_USU">ZAPATA</SimpleData>
					<SimpleData name="NOM_USU">RICARDO</SimpleData>
					<SimpleData name="TIPODOC">DNI</SimpleData>
					<SimpleData name="NUM_DOC">03629529</SimpleData>
					<SimpleData name="DESC_LIC">G.R.PIURA-420010-AACH-ATDRCH</SimpleData>
					<SimpleData name="PAR_AR_BR">0.0851</SimpleData>
					<SimpleData name="RES_ADM">126-2006-G.R.PIURA-420010-AACH-ATDRCH</SimpleData>
					<SimpleData name="TOMA">SOJO Y LAS MARIPOSAS</SimpleData>
				</SchemaData>
			</ExtendedData>
			<Polygon>
				<outerBoundaryIs>
					<LinearRing>
						<coordinates>
							-80.82307364593581,-4.894645989073441,0 -80.82305388862964,-4.894664891383798,0 -80.82264990120017,-4.895050986650196,0 -80.82262833952656,-4.89507169780155,0 -80.82260661080797,-4.895040662281756,0 -80.82254494080046,-4.894953075064937,0 -80.82282262376265,-4.894695680457168,0 -80.82293780549712,-4.894679245453311,0 -80.82297181140322,-4.894668217388809,0 -80.82303404936594,-4.894651768660769,0 -80.82307364593581,-4.894645989073441,0 -80.82307364593581,-4.894645989073441,0
						</coordinates>
					</LinearRing>
				</outerBoundaryIs>
			</Polygon>
		</Placemark>
		<Placemark>
			<name>35928</name>
			<visibility>0</visibility>
			<ExtendedData>
				<SchemaData schemaUrl="#S_BLOQUE_SOJO_Y_LAS_MARIPOSAS">
					<SimpleData name="AREA_HA">0.179</SimpleData>
					<SimpleData name="NOM_LOC">SOJO</SimpleData>
					<SimpleData name="NOM_PRE">S/N</SimpleData>
					<SimpleData name="NOM_BLO">SOJO Y LAS MARIPOSAS</SimpleData>
					<SimpleData name="CODCAT">35928</SimpleData>
					<SimpleData name="USUARIO"></SimpleData>
					<SimpleData name="AP_PAT_USU"></SimpleData>
					<SimpleData name="AP_MAT_USU"></SimpleData>
					<SimpleData name="NOM_USU"></SimpleData>
					<SimpleData name="TIPODOC">SIN DATO</SimpleData>
					<SimpleData name="NUM_DOC"></SimpleData>
					<SimpleData name="DESC_LIC"></SimpleData>
					<SimpleData name="PAR_AR_BR">0.179</SimpleData>
					<SimpleData name="RES_ADM"></SimpleData>
					<SimpleData name="TOMA">SOJO Y LAS MARIPOSAS</SimpleData>
				</SchemaData>
			</ExtendedData>
			<Polygon>
				<outerBoundaryIs>
					<LinearRing>
						<coordinates>
							-80.82331264871945,-4.894688117616854,0 -80.82327890749661,-4.894722124165611,0 -80.82274906178647,-4.895255375353198,0 -80.82268117370411,-4.895147069792138,0 -80.82262833952656,-4.89507169780155,0 -80.82264990120017,-4.895050986650196,0 -80.82305388862964,-4.894664891383798,0 -80.82307364593581,-4.894645989073441,0 -80.82309385011592,-4.894643008917758,0 -80.82315373533802,-4.894656503860442,0 -80.82320252398102,-4.894680670933164,0 -80.82324671762368,-4.894685838926418,0 -80.82328712410289,-4.894687206360525,0 -80.82331264871945,-4.894688117616854,0 -80.82331264871945,-4.894688117616854,0
						</coordinates>
					</LinearRing>
				</outerBoundaryIs>
			</Polygon>
		</Placemark>
		<Placemark>
			<name>35929</name>
			<visibility>0</visibility>
			<ExtendedData>
				<SchemaData schemaUrl="#S_BLOQUE_SOJO_Y_LAS_MARIPOSAS">
					<SimpleData name="AREA_HA">0.2644</SimpleData>
					<SimpleData name="NOM_LOC">SOJO</SimpleData>
					<SimpleData name="NOM_PRE">SOJO (P)</SimpleData>
					<SimpleData name="NOM_BLO">SOJO Y LAS MARIPOSAS</SimpleData>
					<SimpleData name="CODCAT">35929</SimpleData>
					<SimpleData name="USUARIO">QUEVEDO AVALO, JOSE</SimpleData>
					<SimpleData name="AP_PAT_USU">QUEVEDO</SimpleData>
					<SimpleData name="AP_MAT_USU">AVALO</SimpleData>
					<SimpleData name="NOM_USU">JOSE</SimpleData>
					<SimpleData name="TIPODOC">DNI</SimpleData>
					<SimpleData name="NUM_DOC">03630809</SimpleData>
					<SimpleData name="DESC_LIC">G.R.PIURA-420010-AACH-ATDRCH</SimpleData>
					<SimpleData name="PAR_AR_BR">0.2644</SimpleData>
					<SimpleData name="RES_ADM">126-2006-G.R.PIURA-420010-AACH-ATDRCH</SimpleData>
					<SimpleData name="TOMA">SOJO Y LAS MARIPOSAS</SimpleData>
				</SchemaData>
			</ExtendedData>
			<Polygon>
				<outerBoundaryIs>
					<LinearRing>
						<coordinates>
							-80.82363527507357,-4.894676168895822,0 -80.82291001117771,-4.895436801651223,0 -80.82289423062069,-4.895423679974817,0 -80.82283688344127,-4.895360972089073,0 -80.82276510967847,-4.895281071894393,0 -80.82274906178647,-4.895255375353198,0 -80.82327890749661,-4.894722124165611,0 -80.82331264871945,-4.894688117616854,0 -80.82336469006158,-4.894690030848947,0 -80.82342349721712,-4.894686970186424,0 -80.82351702792283,-4.894688079922426,0 -80.82357114439657,-4.894687370156021,0 -80.82363527507357,-4.894676168895822,0 -80.82363527507357,-4.894676168895822,0
						</coordinates>
					</LinearRing>
				</outerBoundaryIs>
			</Polygon>
		</Placemark>
		<Placemark>
			<name>35934</name>
			<visibility>0</visibility>
			<ExtendedData>
				<SchemaData schemaUrl="#S_BLOQUE_SOJO_Y_LAS_MARIPOSAS">
					<SimpleData name="AREA_HA">0.4298</SimpleData>
					<SimpleData name="NOM_LOC">SOJO</SimpleData>
					<SimpleData name="NOM_PRE">S/N</SimpleData>
					<SimpleData name="NOM_BLO">SOJO Y LAS MARIPOSAS</SimpleData>
					<SimpleData name="CODCAT">35934</SimpleData>
					<SimpleData name="USUARIO"></SimpleData>
					<SimpleData name="AP_PAT_USU"></SimpleData>
					<SimpleData name="AP_MAT_USU"></SimpleData>
					<SimpleData name="NOM_USU"></SimpleData>
					<SimpleData name="TIPODOC">SIN DATO</SimpleData>
					<SimpleData name="NUM_DOC"></SimpleData>
					<SimpleData name="DESC_LIC"></SimpleData>
					<SimpleData name="PAR_AR_BR">0.4298</SimpleData>
					<SimpleData name="RES_ADM"></SimpleData>
					<SimpleData name="TOMA">SOJO Y LAS MARIPOSAS</SimpleData>
				</SchemaData>
			</ExtendedData>
			<Polygon>
				<outerBoundaryIs>
					<LinearRing>
						<coordinates>
							-80.8238967802419,-4.894898511581964,0 -80.8231334644249,-4.895620686669416,0 -80.82308693570802,-4.895576527159506,0 -80.82298359371819,-4.895497794877932,0 -80.82291001117771,-4.895436801651223,0 -80.82363527507357,-4.894676168895822,0 -80.82365060871732,-4.894673458865661,0 -80.82371789381121,-4.894671485956845,0 -80.82377669630755,-4.894686608955738,0 -80.82383206050895,-4.894744431081046,0 -80.82386289385063,-4.894795009593745,0 -80.82388858010459,-4.894869198441749,0 -80.8238967802419,-4.894898511581964,0 -80.8238967802419,-4.894898511581964,0
						</coordinates>
					</LinearRing>
				</outerBoundaryIs>
			</Polygon>
		</Placemark>
		<Placemark>
			<name>35914</name>
			<visibility>0</visibility>
			<ExtendedData>
				<SchemaData schemaUrl="#S_BLOQUE_SOJO_Y_LAS_MARIPOSAS">
					<SimpleData name="AREA_HA">0.3463</SimpleData>
					<SimpleData name="NOM_LOC">SOJO</SimpleData>
					<SimpleData name="NOM_PRE">SOJO (P)</SimpleData>
					<SimpleData name="NOM_BLO">SOJO Y LAS MARIPOSAS</SimpleData>
					<SimpleData name="CODCAT">35914</SimpleData>
					<SimpleData name="USUARIO">CHORRES DE FLORES, MARIA ANGELA</SimpleData>
					<SimpleData name="AP_PAT_USU">CHORRES</SimpleData>
					<SimpleData name="AP_MAT_USU">DE FLORES</SimpleData>
					<SimpleData name="NOM_USU">MARIA ANGELA</SimpleData>
					<SimpleData name="TIPODOC">DNI</SimpleData>
					<SimpleData name="NUM_DOC">03630894</SimpleData>
					<SimpleData name="DESC_LIC">G.R.PIURA-420010-AACH-ATDRCH</SimpleData>
					<SimpleData name="PAR_AR_BR">0.3463</SimpleData>
					<SimpleData name="RES_ADM">126-2006-G.R.PIURA-420010-AACH-ATDRCH</SimpleData>
					<SimpleData name="TOMA">SOJO Y LAS MARIPOSAS</SimpleData>
				</SchemaData>
			</ExtendedData>
			<Polygon>
				<outerBoundaryIs>
					<LinearRing>
						<coordinates>
							-80.82228274397335,-4.894616744362228,0 -80.82199180190869,-4.894875854144997,0 -80.8219715938079,-4.894893942109404,0 -80.82131997294748,-4.895474293249289,0 -80.82131952218947,-4.895473478936372,0 -80.82128400323303,-4.895406343787832,0 -80.82123928055648,-4.895354404539689,0 -80.82119041077917,-4.895295498312513,0 -80.82202787949606,-4.894527026141955,0 -80.82205963524287,-4.894497904312367,0 -80.82208984606525,-4.894513743745912,0 -80.82217984727814,-4.894560900009846,0 -80.82227652102196,-4.894615114354539,0 -80.82228274397335,-4.894616744362228,0 -80.82228274397335,-4.894616744362228,0
						</coordinates>
					</LinearRing>
				</outerBoundaryIs>
			</Polygon>
		</Placemark>
		<Placemark>
			<name>31992</name>
			<visibility>0</visibility>
			<ExtendedData>
				<SchemaData schemaUrl="#S_BLOQUE_SOJO_Y_LAS_MARIPOSAS">
					<SimpleData name="AREA_HA">0.3</SimpleData>
					<SimpleData name="NOM_LOC">SOJO</SimpleData>
					<SimpleData name="NOM_PRE">SOJO (P)</SimpleData>
					<SimpleData name="NOM_BLO">SOJO Y LAS MARIPOSAS</SimpleData>
					<SimpleData name="CODCAT">31992</SimpleData>
					<SimpleData name="USUARIO">CHORRES HERRERA, JUAN ANTONIO</SimpleData>
					<SimpleData name="AP_PAT_USU">CHORRES</SimpleData>
					<SimpleData name="AP_MAT_USU">HERRERA</SimpleData>
					<SimpleData name="NOM_USU">JUAN ANTONIO</SimpleData>
					<SimpleData name="TIPODOC">DNI</SimpleData>
					<SimpleData name="NUM_DOC">03629521</SimpleData>
					<SimpleData name="DESC_LIC"></SimpleData>
					<SimpleData name="PAR_AR_BR">0.3</SimpleData>
					<SimpleData name="RES_ADM"></SimpleData>
					<SimpleData name="TOMA">SOJO Y LAS MARIPOSAS</SimpleData>
				</SchemaData>
			</ExtendedData>
			<Polygon>
				<outerBoundaryIs>
					<LinearRing>
						<coordinates>
							-80.82205963524287,-4.894497904312367,0 -80.82202787949606,-4.894527026141955,0 -80.82119041077917,-4.895295498312513,0 -80.82116570539438,-4.895265728495481,0 -80.82111188035537,-4.895186104224345,0 -80.82105633825626,-4.895119506621493,0 -80.82104488726115,-4.895105571841063,0 -80.82187557374682,-4.894405128608348,0 -80.8219356356074,-4.894432917352893,0 -80.82205963524287,-4.894497904312367,0 -80.82205963524287,-4.894497904312367,0
						</coordinates>
					</LinearRing>
				</outerBoundaryIs>
			</Polygon>
		</Placemark>
		<Placemark>
			<name>40417</name>
			<visibility>0</visibility>
			<ExtendedData>
				<SchemaData schemaUrl="#S_BLOQUE_SOJO_Y_LAS_MARIPOSAS">
					<SimpleData name="AREA_HA">0.2754</SimpleData>
					<SimpleData name="NOM_LOC">SOJO</SimpleData>
					<SimpleData name="NOM_PRE">SOJO</SimpleData>
					<SimpleData name="NOM_BLO">SOJO Y LAS MARIPOSAS</SimpleData>
					<SimpleData name="CODCAT">40417</SimpleData>
					<SimpleData name="USUARIO">BURGOS PEÑA, TEODORO</SimpleData>
					<SimpleData name="AP_PAT_USU">BURGOS</SimpleData>
					<SimpleData name="AP_MAT_USU">PEÑA</SimpleData>
					<SimpleData name="NOM_USU">TEODORO</SimpleData>
					<SimpleData name="TIPODOC">DNI</SimpleData>
					<SimpleData name="NUM_DOC">03629180</SimpleData>
					<SimpleData name="DESC_LIC">G.R.PIURA-420010-DRA.P-AACH-S.ATDRCH</SimpleData>
					<SimpleData name="PAR_AR_BR">0.27</SimpleData>
					<SimpleData name="RES_ADM">518-2005-G.R.PIURA-420010-DRA.P-AACH-S.ATDRCH</SimpleData>
					<SimpleData name="TOMA">SOJO Y LAS MARIPOSAS</SimpleData>
				</SchemaData>
			</ExtendedData>
			<Polygon>
				<outerBoundaryIs>
					<LinearRing>
						<coordinates>
							-80.82187557374682,-4.894405128608348,0 -80.82104488726115,-4.895105571841063,0 -80.82098240265069,-4.895029744870501,0 -80.82091892408472,-4.894960973991649,0 -80.82091279252913,-4.894954730222986,0 -80.82090070973535,-4.894942514131109,0 -80.82166761339698,-4.894302938145696,0 -80.82171279500444,-4.894324028535271,0 -80.82184987159208,-4.894393270849813,0 -80.82187557374682,-4.894405128608348,0 -80.82187557374682,-4.894405128608348,0
						</coordinates>
					</LinearRing>
				</outerBoundaryIs>
			</Polygon>
		</Placemark>
		<Placemark>
			<name>31990</name>
			<visibility>0</visibility>
			<ExtendedData>
				<SchemaData schemaUrl="#S_BLOQUE_SOJO_Y_LAS_MARIPOSAS">
					<SimpleData name="AREA_HA">0.2134</SimpleData>
					<SimpleData name="NOM_LOC">SOJO</SimpleData>
					<SimpleData name="NOM_PRE">S/N</SimpleData>
					<SimpleData name="NOM_BLO">SOJO Y LAS MARIPOSAS</SimpleData>
					<SimpleData name="CODCAT">31990</SimpleData>
					<SimpleData name="USUARIO"></SimpleData>
					<SimpleData name="AP_PAT_USU"></SimpleData>
					<SimpleData name="AP_MAT_USU"></SimpleData>
					<SimpleData name="NOM_USU"></SimpleData>
					<SimpleData name="TIPODOC">SIN DATO</SimpleData>
					<SimpleData name="NUM_DOC"></SimpleData>
					<SimpleData name="DESC_LIC"></SimpleData>
					<SimpleData name="PAR_AR_BR">0.2134</SimpleData>
					<SimpleData name="RES_ADM"></SimpleData>
					<SimpleData name="TOMA">SOJO Y LAS MARIPOSAS</SimpleData>
				</SchemaData>
			</ExtendedData>
			<Polygon>
				<outerBoundaryIs>
					<LinearRing>
						<coordinates>
							-80.82166761339698,-4.894302938145696,0 -80.82090070973535,-4.894942514131109,0 -80.82082253227912,-4.894863426254741,0 -80.8207720351479,-4.894819627414826,0 -80.82147624190473,-4.89422716806093,0 -80.82149672036756,-4.894209894376587,0 -80.82153179991191,-4.89423233913278,0 -80.82158626850972,-4.894264830686527,0 -80.82166761339698,-4.894302938145696,0 -80.82166761339698,-4.894302938145696,0
						</coordinates>
					</LinearRing>
				</outerBoundaryIs>
			</Polygon>
		</Placemark>
		<Placemark>
			<name>31989</name>
			<visibility>0</visibility>
			<ExtendedData>
				<SchemaData schemaUrl="#S_BLOQUE_SOJO_Y_LAS_MARIPOSAS">
					<SimpleData name="AREA_HA">0.1908</SimpleData>
					<SimpleData name="NOM_LOC">SOJO</SimpleData>
					<SimpleData name="NOM_PRE">S/N</SimpleData>
					<SimpleData name="NOM_BLO">SOJO Y LAS MARIPOSAS</SimpleData>
					<SimpleData name="CODCAT">31989</SimpleData>
					<SimpleData name="USUARIO"></SimpleData>
					<SimpleData name="AP_PAT_USU"></SimpleData>
					<SimpleData name="AP_MAT_USU"></SimpleData>
					<SimpleData name="NOM_USU"></SimpleData>
					<SimpleData name="TIPODOC">SIN DATO</SimpleData>
					<SimpleData name="NUM_DOC"></SimpleData>
					<SimpleData name="DESC_LIC"></SimpleData>
					<SimpleData name="PAR_AR_BR">0.1908</SimpleData>
					<SimpleData name="RES_ADM"></SimpleData>
					<SimpleData name="TOMA">SOJO Y LAS MARIPOSAS</SimpleData>
				</SchemaData>
			</ExtendedData>
			<Polygon>
				<outerBoundaryIs>
					<LinearRing>
						<coordinates>
							-80.82149672036756,-4.894209894376587,0 -80.82147624190473,-4.89422716806093,0 -80.8207720351479,-4.894819627414826,0 -80.82076437041799,-4.894812930912313,0 -80.82066292879371,-4.894711582252509,0 -80.82129650878551,-4.894138554774461,0 -80.82131626584115,-4.894120738110397,0 -80.82134286911401,-4.894135671972544,0 -80.82148427569734,-4.894201930108602,0 -80.82149672036756,-4.894209894376587,0 -80.82149672036756,-4.894209894376587,0
						</coordinates>
					</LinearRing>
				</outerBoundaryIs>
			</Polygon>
		</Placemark>
		<Placemark>
			<name>31988</name>
			<visibility>0</visibility>
			<ExtendedData>
				<SchemaData schemaUrl="#S_BLOQUE_SOJO_Y_LAS_MARIPOSAS">
					<SimpleData name="AREA_HA">0.1751</SimpleData>
					<SimpleData name="NOM_LOC">SOJO</SimpleData>
					<SimpleData name="NOM_PRE">S/N</SimpleData>
					<SimpleData name="NOM_BLO">SOJO Y LAS MARIPOSAS</SimpleData>
					<SimpleData name="CODCAT">31988</SimpleData>
					<SimpleData name="USUARIO"></SimpleData>
					<SimpleData name="AP_PAT_USU"></SimpleData>
					<SimpleData name="AP_MAT_USU"></SimpleData>
					<SimpleData name="NOM_USU"></SimpleData>
					<SimpleData name="TIPODOC">SIN DATO</SimpleData>
					<SimpleData name="NUM_DOC"></SimpleData>
					<SimpleData name="DESC_LIC"></SimpleData>
					<SimpleData name="PAR_AR_BR">0.1751</SimpleData>
					<SimpleData name="RES_ADM"></SimpleData>
					<SimpleData name="TOMA">SOJO Y LAS MARIPOSAS</SimpleData>
				</SchemaData>
			</ExtendedData>
			<Polygon>
				<outerBoundaryIs>
					<LinearRing>
						<coordinates>
							-80.82131626584115,-4.894120738110397,0 -80.82129650878551,-4.894138554774461,0 -80.82066292879371,-4.894711582252509,0 -80.82062649998194,-4.894675205314427,0 -80.82067137901471,-4.894473025303094,0 -80.82110378659648,-4.894054642281727,0 -80.82113085150935,-4.894028504651367,0 -80.82118360678962,-4.894059457864479,0 -80.82127261847042,-4.894096119916953,0 -80.82131626584115,-4.894120738110397,0 -80.82131626584115,-4.894120738110397,0
						</coordinates>
					</LinearRing>
				</outerBoundaryIs>
			</Polygon>
		</Placemark>
		<Placemark>
			<name>31991</name>
			<visibility>0</visibility>
			<ExtendedData>
				<SchemaData schemaUrl="#S_BLOQUE_SOJO_Y_LAS_MARIPOSAS">
					<SimpleData name="AREA_HA">0.1379</SimpleData>
					<SimpleData name="NOM_LOC">SOJO</SimpleData>
					<SimpleData name="NOM_PRE">S/N</SimpleData>
					<SimpleData name="NOM_BLO">SOJO Y LAS MARIPOSAS</SimpleData>
					<SimpleData name="CODCAT">31991</SimpleData>
					<SimpleData name="USUARIO"></SimpleData>
					<SimpleData name="AP_PAT_USU"></SimpleData>
					<SimpleData name="AP_MAT_USU"></SimpleData>
					<SimpleData name="NOM_USU"></SimpleData>
					<SimpleData name="TIPODOC">SIN DATO</SimpleData>
					<SimpleData name="NUM_DOC"></SimpleData>
					<SimpleData name="DESC_LIC"></SimpleData>
					<SimpleData name="PAR_AR_BR">0.1379</SimpleData>
					<SimpleData name="RES_ADM"></SimpleData>
					<SimpleData name="TOMA">SOJO Y LAS MARIPOSAS</SimpleData>
				</SchemaData>
			</ExtendedData>
			<Polygon>
				<outerBoundaryIs>
					<LinearRing>
						<coordinates>
							-80.82113085150935,-4.894028504651367,0 -80.82110378659648,-4.894054642281727,0 -80.82067137901471,-4.894473025303094,0 -80.82077323728164,-4.894013665032593,0 -80.82077332761675,-4.894013122259507,0 -80.82072907572328,-4.893885643889067,0 -80.82072150508783,-4.893864020500307,0 -80.82082476790865,-4.893898424693822,0 -80.82095797048105,-4.893950387140087,0 -80.82108494992066,-4.894001533737164,0 -80.82113085150935,-4.894028504651367,0 -80.82113085150935,-4.894028504651367,0
						</coordinates>
					</LinearRing>
				</outerBoundaryIs>
			</Polygon>
		</Placemark>
		<Placemark>
			<name>31997</name>
			<visibility>0</visibility>
			<ExtendedData>
				<SchemaData schemaUrl="#S_BLOQUE_SOJO_Y_LAS_MARIPOSAS">
					<SimpleData name="AREA_HA">1.2731</SimpleData>
					<SimpleData name="NOM_LOC">SOJO</SimpleData>
					<SimpleData name="NOM_PRE">EL PRADO</SimpleData>
					<SimpleData name="NOM_BLO">SOJO Y LAS MARIPOSAS</SimpleData>
					<SimpleData name="CODCAT">31997</SimpleData>
					<SimpleData name="USUARIO">JIMENEZ TALLEDO, JOSE VICENTE</SimpleData>
					<SimpleData name="AP_PAT_USU">JIMENEZ</SimpleData>
					<SimpleData name="AP_MAT_USU">TALLEDO</SimpleData>
					<SimpleData name="NOM_USU">JOSE VICENTE</SimpleData>
					<SimpleData name="TIPODOC">DNI</SimpleData>
					<SimpleData name="NUM_DOC">03630039</SimpleData>
					<SimpleData name="DESC_LIC">G.R.PIURA-420010-DRA.P-AACH-S.ATDRCH</SimpleData>
					<SimpleData name="PAR_AR_BR">1.27</SimpleData>
					<SimpleData name="RES_ADM">518-2005-G.R.PIURA-420010-DRA.P-AACH-S.ATDRCH</SimpleData>
					<SimpleData name="TOMA">SOJO Y LAS MARIPOSAS</SimpleData>
				</SchemaData>
			</ExtendedData>
			<Polygon>
				<outerBoundaryIs>
					<LinearRing>
						<coordinates>
							-80.82014025703664,-4.895740949371692,0 -80.82010571290057,-4.895740397483676,0 -80.81974538964218,-4.895734512716103,0 -80.81971237747601,-4.895739027314299,0 -80.81969415870441,-4.895737484584095,0 -80.8188465349555,-4.895665792199246,0 -80.81881136011309,-4.895662797492404,0 -80.81881669025633,-4.895629778775144,0 -80.81883783005418,-4.895499151315075,0 -80.8188509263797,-4.895430038677462,0 -80.81887460443669,-4.895250650653306,0 -80.81888249822343,-4.895072524969923,0 -80.81889263331594,-4.894945784631459,0 -80.81892663922284,-4.894935028173794,0 -80.81972014054338,-4.894682566053865,0 -80.81986241907705,-4.894863083467103,0 -80.81992244784213,-4.895017072616435,0 -80.81995399335094,-4.895102390475352,0 -80.81998760972672,-4.895201459728154,0 -80.82005088413128,-4.895360787222332,0 -80.82009116110628,-4.89551250950413,0 -80.82012918362871,-4.895662783732351,0 -80.82013629832394,-4.895703404891327,0 -80.82014025703664,-4.895740949371692,0 -80.82014025703664,-4.895740949371692,0
						</coordinates>
					</LinearRing>
				</outerBoundaryIs>
			</Polygon>
		</Placemark>
		<Placemark>
			<name>31999</name>
			<visibility>0</visibility>
			<ExtendedData>
				<SchemaData schemaUrl="#S_BLOQUE_SOJO_Y_LAS_MARIPOSAS">
					<SimpleData name="AREA_HA">0.6658</SimpleData>
					<SimpleData name="NOM_LOC">SOJO</SimpleData>
					<SimpleData name="NOM_PRE">SOJO (P)</SimpleData>
					<SimpleData name="NOM_BLO">SOJO Y LAS MARIPOSAS</SimpleData>
					<SimpleData name="CODCAT">31999</SimpleData>
					<SimpleData name="USUARIO">FLORES MORETO, ALEJANDRO</SimpleData>
					<SimpleData name="AP_PAT_USU">FLORES</SimpleData>
					<SimpleData name="AP_MAT_USU">MORETO</SimpleData>
					<SimpleData name="NOM_USU">ALEJANDRO</SimpleData>
					<SimpleData name="TIPODOC">DNI</SimpleData>
					<SimpleData name="NUM_DOC">03629568</SimpleData>
					<SimpleData name="DESC_LIC">G.R.PIURA-420010-AACH-ATDRCH</SimpleData>
					<SimpleData name="PAR_AR_BR">0.6658</SimpleData>
					<SimpleData name="RES_ADM">126-2006-G.R.PIURA-420010-AACH-ATDRCH</SimpleData>
					<SimpleData name="TOMA">SOJO Y LAS MARIPOSAS</SimpleData>
				</SchemaData>
			</ExtendedData>
			<Polygon>
				<outerBoundaryIs>
					<LinearRing>
						<coordinates>
							-80.81971237747601,-4.895739027314299,0 -80.81971372621015,-4.895754949706324,0 -80.81975229745723,-4.896220136641036,0 -80.81973695539244,-4.896254781115806,0 -80.81870973590557,-4.896254509362185,0 -80.81872022047692,-4.896170830993272,0 -80.81873800954085,-4.896091768333113,0 -80.81875778999888,-4.895985656833566,0 -80.81876304309496,-4.895902791270355,0 -80.81879184653684,-4.895783021779209,0 -80.81881136011309,-4.895662797492404,0 -80.8188465349555,-4.895665792199246,0 -80.81969415870441,-4.895737484584095,0 -80.81971237747601,-4.895739027314299,0 -80.81971237747601,-4.895739027314299,0
						</coordinates>
					</LinearRing>
				</outerBoundaryIs>
			</Polygon>
		</Placemark>
		<Placemark>
			<name>31998</name>
			<visibility>0</visibility>
			<ExtendedData>
				<SchemaData schemaUrl="#S_BLOQUE_SOJO_Y_LAS_MARIPOSAS">
					<SimpleData name="AREA_HA">0.2838</SimpleData>
					<SimpleData name="NOM_LOC">SOJO</SimpleData>
					<SimpleData name="NOM_PRE">SOJO (P)</SimpleData>
					<SimpleData name="NOM_BLO">SOJO Y LAS MARIPOSAS</SimpleData>
					<SimpleData name="CODCAT">31998</SimpleData>
					<SimpleData name="USUARIO">FLORES MORETO, ALEJANDRO</SimpleData>
					<SimpleData name="AP_PAT_USU">FLORES</SimpleData>
					<SimpleData name="AP_MAT_USU">MORETO</SimpleData>
					<SimpleData name="NOM_USU">ALEJANDRO</SimpleData>
					<SimpleData name="TIPODOC">DNI</SimpleData>
					<SimpleData name="NUM_DOC">03629568</SimpleData>
					<SimpleData name="DESC_LIC">G.R.PIURA-420010-AACH-ATDRCH</SimpleData>
					<SimpleData name="PAR_AR_BR">0.2838</SimpleData>
					<SimpleData name="RES_ADM">126-2006-G.R.PIURA-420010-AACH-ATDRCH</SimpleData>
					<SimpleData name="TOMA">SOJO Y LAS MARIPOSAS</SimpleData>
				</SchemaData>
			</ExtendedData>
			<Polygon>
				<outerBoundaryIs>
					<LinearRing>
						<coordinates>
							-80.82030873342667,-4.896108647987267,0 -80.82030817980291,-4.896156323485316,0 -80.82030582728774,-4.896184910159684,0 -80.82030356621948,-4.896208702153899,0 -80.81979089650547,-4.896235345127986,0 -80.81974538964218,-4.895734512716103,0 -80.82010571290057,-4.895740397483676,0 -80.82014025703664,-4.895740949371692,0 -80.82015990909352,-4.895780035905542,0 -80.82022895692494,-4.895935836724307,0 -80.82030873342667,-4.896108647987267,0 -80.82030873342667,-4.896108647987267,0
						</coordinates>
					</LinearRing>
				</outerBoundaryIs>
			</Polygon>
		</Placemark>
		<Placemark>
			<name>32000</name>
			<visibility>0</visibility>
			<ExtendedData>
				<SchemaData schemaUrl="#S_BLOQUE_SOJO_Y_LAS_MARIPOSAS">
					<SimpleData name="AREA_HA">0.4461</SimpleData>
					<SimpleData name="NOM_LOC">SOJO</SimpleData>
					<SimpleData name="NOM_PRE">SOJO (P)</SimpleData>
					<SimpleData name="NOM_BLO">SOJO Y LAS MARIPOSAS</SimpleData>
					<SimpleData name="CODCAT">32000</SimpleData>
					<SimpleData name="USUARIO">FLORES IPANAQUE, CRUZ</SimpleData>
					<SimpleData name="AP_PAT_USU">FLORES</SimpleData>
					<SimpleData name="AP_MAT_USU">IPANAQUE</SimpleData>
					<SimpleData name="NOM_USU">CRUZ</SimpleData>
					<SimpleData name="TIPODOC">DNI</SimpleData>
					<SimpleData name="NUM_DOC">03630013</SimpleData>
					<SimpleData name="DESC_LIC">G.R.PIURA-420010-AACH-ATDRCH</SimpleData>
					<SimpleData name="PAR_AR_BR">0.4461</SimpleData>
					<SimpleData name="RES_ADM">126-2006-G.R.PIURA-420010-AACH-ATDRCH</SimpleData>
					<SimpleData name="TOMA">SOJO Y LAS MARIPOSAS</SimpleData>
				</SchemaData>
			</ExtendedData>
			<Polygon>
				<outerBoundaryIs>
					<LinearRing>
						<coordinates>
							-80.82027352350583,-4.896239724131865,0 -80.82026305002783,-4.896281697655443,0 -80.82023525735768,-4.896331084844741,0 -80.82016985590521,-4.896372320186801,0 -80.82011032155414,-4.896396368504639,0 -80.82000505633978,-4.896429903715407,0 -80.81997140875517,-4.896449797397169,0 -80.81993748814598,-4.896479009014934,0 -80.8199134931201,-4.896492029812293,0 -80.81986324989757,-4.896511647716276,0 -80.81983889212523,-4.896532177102646,0 -80.81981886703248,-4.89653986144239,0 -80.81979162750665,-4.896543382437786,0 -80.81976690895486,-4.896563911726255,0 -80.81974958586285,-4.896586161820721,0 -80.81972766427275,-4.896603073200878,0 -80.81970512119329,-4.896582350513432,0 -80.81967762119208,-4.896547332871366,0 -80.81965733189909,-4.896530681752182,0 -80.81962414267582,-4.896522350109727,0 -80.81958292483068,-4.89651917291434,0 -80.81957390554552,-4.896518718202351,0 -80.81866465480807,-4.896536118394039,0 -80.8186740507861,-4.896476232324356,0 -80.81870630135208,-4.896281738749631,0 -80.81870720510537,-4.896274863565169,0 -80.81974542544572,-4.896285994159255,0 -80.81974578629291,-4.896285722856115,0 -80.81976409923416,-4.896272157769261,0 -80.81978186776182,-4.896270986395943,0 -80.8200700426826,-4.896251702582357,0 -80.82027352350583,-4.896239724131865,0 -80.82027352350583,-4.896239724131865,0
						</coordinates>
					</LinearRing>
				</outerBoundaryIs>
			</Polygon>
		</Placemark>
		<Placemark>
			<name>35912</name>
			<visibility>0</visibility>
			<ExtendedData>
				<SchemaData schemaUrl="#S_BLOQUE_SOJO_Y_LAS_MARIPOSAS">
					<SimpleData name="AREA_HA">0.865</SimpleData>
					<SimpleData name="NOM_LOC">SOJO</SimpleData>
					<SimpleData name="NOM_PRE">S/N</SimpleData>
					<SimpleData name="NOM_BLO">SOJO Y LAS MARIPOSAS</SimpleData>
					<SimpleData name="CODCAT">35912</SimpleData>
					<SimpleData name="USUARIO"></SimpleData>
					<SimpleData name="AP_PAT_USU"></SimpleData>
					<SimpleData name="AP_MAT_USU"></SimpleData>
					<SimpleData name="NOM_USU"></SimpleData>
					<SimpleData name="TIPODOC">SIN DATO</SimpleData>
					<SimpleData name="NUM_DOC"></SimpleData>
					<SimpleData name="DESC_LIC"></SimpleData>
					<SimpleData name="PAR_AR_BR">0.865</SimpleData>
					<SimpleData name="RES_ADM"></SimpleData>
					<SimpleData name="TOMA">SOJO Y LAS MARIPOSAS</SimpleData>
				</SchemaData>
			</ExtendedData>
			<Polygon>
				<outerBoundaryIs>
					<LinearRing>
						<coordinates>
							-80.82081923693822,-4.897471835010889,0 -80.82081669581973,-4.89753199431153,0 -80.82080324561386,-4.89757523358739,0 -80.82079954680317,-4.897578489397492,0 -80.8207731138679,-4.897601641789915,0 -80.82074199597584,-4.89760507133902,0 -80.82062872451398,-4.897557365969425,0 -80.8204673828571,-4.897497073161978,0 -80.82037638343637,-4.897472171063376,0 -80.82033482993405,-4.897372647412855,0 -80.82023977915628,-4.897319609269777,0 -80.82010251583075,-4.897273073560791,0 -80.82001160693373,-4.897247085844532,0 -80.81999420034148,-4.89724373401274,0 -80.8199910003311,-4.89706433886838,0 -80.81993748814598,-4.896479009014934,0 -80.81997140875517,-4.896449797397169,0 -80.82000505633978,-4.896429903715407,0 -80.82011032155414,-4.896396368504639,0 -80.82016985590521,-4.896372320186801,0 -80.82023525735768,-4.896331084844741,0 -80.82026305002783,-4.896281697655443,0 -80.82027352350583,-4.896239724131865,0 -80.82032141727919,-4.896236841809644,0 -80.82036678479281,-4.896237125134069,0 -80.82040896909791,-4.896338548737765,0 -80.82045619854034,-4.896461956930828,0 -80.8204831505419,-4.896523300038382,0 -80.82051181529049,-4.896588262239421,0 -80.82054354498955,-4.896659557872378,0 -80.82058076288725,-4.896783144360222,0 -80.82059400994352,-4.896827114370814,0 -80.82063807855084,-4.896966262826112,0 -80.82064925343886,-4.897001457078465,0 -80.82071045789039,-4.897144681001806,0 -80.82075110892873,-4.897246375581263,0 -80.8207895966634,-4.897342913022385,0 -80.82081950924214,-4.897465231055826,0 -80.82081923693822,-4.897471835010889,0 -80.82081923693822,-4.897471835010889,0
						</coordinates>
					</LinearRing>
				</outerBoundaryIs>
			</Polygon>
		</Placemark>
		<Placemark>
			<name>35911</name>
			<visibility>0</visibility>
			<ExtendedData>
				<SchemaData schemaUrl="#S_BLOQUE_SOJO_Y_LAS_MARIPOSAS">
					<SimpleData name="AREA_HA">0.2161</SimpleData>
					<SimpleData name="NOM_LOC">SOJO</SimpleData>
					<SimpleData name="NOM_PRE">S/N</SimpleData>
					<SimpleData name="NOM_BLO">SOJO Y LAS MARIPOSAS</SimpleData>
					<SimpleData name="CODCAT">35911</SimpleData>
					<SimpleData name="USUARIO"></SimpleData>
					<SimpleData name="AP_PAT_USU"></SimpleData>
					<SimpleData name="AP_MAT_USU"></SimpleData>
					<SimpleData name="NOM_USU"></SimpleData>
					<SimpleData name="TIPODOC">SIN DATO</SimpleData>
					<SimpleData name="NUM_DOC"></SimpleData>
					<SimpleData name="DESC_LIC"></SimpleData>
					<SimpleData name="PAR_AR_BR">0.2161</SimpleData>
					<SimpleData name="RES_ADM"></SimpleData>
					<SimpleData name="TOMA">SOJO Y LAS MARIPOSAS</SimpleData>
				</SchemaData>
			</ExtendedData>
			<Polygon>
				<outerBoundaryIs>
					<LinearRing>
						<coordinates>
							-80.81999420034148,-4.89724373401274,0 -80.81997174311468,-4.897239476188586,0 -80.81990221035603,-4.897213041759181,0 -80.81981662790938,-4.897168057537473,0 -80.81973646179549,-4.897105252910254,0 -80.81970020912281,-4.897084798003486,0 -80.8196772098607,-4.897083887272795,0 -80.81967866426304,-4.897040825787657,0 -80.8196813902581,-4.89696393031235,0 -80.81968375348249,-4.896894633894466,0 -80.81968909472441,-4.896819186566662,0 -80.81969966038723,-4.896769794857498,0 -80.81970508415614,-4.896723568105292,0 -80.81972025329556,-4.896660517227214,0 -80.81972766427275,-4.896603073200878,0 -80.81974958586285,-4.896586161820721,0 -80.81976690895486,-4.896563911726255,0 -80.81979162750665,-4.896543382437786,0 -80.81981886703248,-4.89653986144239,0 -80.81983889212523,-4.896532177102646,0 -80.81986324989757,-4.896511647716276,0 -80.8199134931201,-4.896492029812293,0 -80.81993748814598,-4.896479009014934,0 -80.8199910003311,-4.89706433886838,0 -80.81999420034148,-4.89724373401274,0 -80.81999420034148,-4.89724373401274,0
						</coordinates>
					</LinearRing>
				</outerBoundaryIs>
			</Polygon>
		</Placemark>
		<Placemark>
			<name>35910</name>
			<visibility>0</visibility>
			<ExtendedData>
				<SchemaData schemaUrl="#S_BLOQUE_SOJO_Y_LAS_MARIPOSAS">
					<SimpleData name="AREA_HA">0.2053</SimpleData>
					<SimpleData name="NOM_LOC">SOJO</SimpleData>
					<SimpleData name="NOM_PRE">S/N</SimpleData>
					<SimpleData name="NOM_BLO">SOJO Y LAS MARIPOSAS</SimpleData>
					<SimpleData name="CODCAT">35910</SimpleData>
					<SimpleData name="USUARIO"></SimpleData>
					<SimpleData name="AP_PAT_USU"></SimpleData>
					<SimpleData name="AP_MAT_USU"></SimpleData>
					<SimpleData name="NOM_USU"></SimpleData>
					<SimpleData name="TIPODOC">SIN DATO</SimpleData>
					<SimpleData name="NUM_DOC"></SimpleData>
					<SimpleData name="DESC_LIC"></SimpleData>
					<SimpleData name="PAR_AR_BR">0.2053</SimpleData>
					<SimpleData name="RES_ADM"></SimpleData>
					<SimpleData name="TOMA">SOJO Y LAS MARIPOSAS</SimpleData>
				</SchemaData>
			</ExtendedData>
			<Polygon>
				<outerBoundaryIs>
					<LinearRing>
						<coordinates>
							-80.82037638343637,-4.897472171063376,0 -80.82030973469782,-4.897453969849559,0 -80.82012195257177,-4.89744577848729,0 -80.81995951259526,-4.897446821294431,0 -80.81981401799987,-4.897490297137457,0 -80.8196480459855,-4.897546432798016,0 -80.81964834790999,-4.897083246392127,0 -80.81965790850991,-4.897083158449613,0 -80.8196772098607,-4.897083887272795,0 -80.81970020912281,-4.897084798003486,0 -80.81973646179549,-4.897105252910254,0 -80.81981662790938,-4.897168057537473,0 -80.81990221035603,-4.897213041759181,0 -80.81997174311468,-4.897239476188586,0 -80.81999420034148,-4.89724373401274,0 -80.82001160693373,-4.897247085844532,0 -80.82010251583075,-4.897273073560791,0 -80.82023977915628,-4.897319609269777,0 -80.82033482993405,-4.897372647412855,0 -80.82037638343637,-4.897472171063376,0 -80.82037638343637,-4.897472171063376,0
						</coordinates>
					</LinearRing>
				</outerBoundaryIs>
			</Polygon>
		</Placemark>
		<Placemark>
			<name>35901</name>
			<visibility>0</visibility>
			<ExtendedData>
				<SchemaData schemaUrl="#S_BLOQUE_SOJO_Y_LAS_MARIPOSAS">
					<SimpleData name="AREA_HA">0.8244</SimpleData>
					<SimpleData name="NOM_LOC">SOJO</SimpleData>
					<SimpleData name="NOM_PRE">SOJO (P)</SimpleData>
					<SimpleData name="NOM_BLO">SOJO Y LAS MARIPOSAS</SimpleData>
					<SimpleData name="CODCAT">35901</SimpleData>
					<SimpleData name="USUARIO">SOJO ALBURQUEQUE, JOSE MANUEL</SimpleData>
					<SimpleData name="AP_PAT_USU">SOJO</SimpleData>
					<SimpleData name="AP_MAT_USU">ALBURQUEQUE</SimpleData>
					<SimpleData name="NOM_USU">JOSE MANUEL</SimpleData>
					<SimpleData name="TIPODOC">DNI</SimpleData>
					<SimpleData name="NUM_DOC">03629273</SimpleData>
					<SimpleData name="DESC_LIC">G.R.PIURA-420010-AACH-ATDRCH</SimpleData>
					<SimpleData name="PAR_AR_BR">0.8244</SimpleData>
					<SimpleData name="RES_ADM">126-2006-G.R.PIURA-420010-AACH-ATDRCH</SimpleData>
					<SimpleData name="TOMA">SOJO Y LAS MARIPOSAS</SimpleData>
				</SchemaData>
			</ExtendedData>
			<Polygon>
				<outerBoundaryIs>
					<LinearRing>
						<coordinates>
							-80.81972766427275,-4.896603073200878,0 -80.81972025329556,-4.896660517227214,0 -80.81970508415614,-4.896723568105292,0 -80.81969966038723,-4.896769794857498,0 -80.81968909472441,-4.896819186566662,0 -80.81968375348249,-4.896894633894466,0 -80.8196813902581,-4.89696393031235,0 -80.81967866426304,-4.897040825787657,0 -80.8196772098607,-4.897083887272795,0 -80.81965790850991,-4.897083158449613,0 -80.81964834790999,-4.897083246392127,0 -80.81954056553914,-4.89708475585676,0 -80.8194394577468,-4.897085452872945,0 -80.81942421491775,-4.897085539310582,0 -80.81926817624644,-4.897096353984757,0 -80.81926258416372,-4.89709653343763,0 -80.81923498455048,-4.897097340330843,0 -80.81923407792227,-4.897115161914392,0 -80.81921685497234,-4.897442373271382,0 -80.81899641229597,-4.897473254308329,0 -80.81899749962936,-4.897454256713951,0 -80.81901644361615,-4.897099544125889,0 -80.81897143708694,-4.897098265676243,0 -80.81886293738334,-4.89708376234055,0 -80.81883452723989,-4.897079955230844,0 -80.81874109384793,-4.897050709895289,0 -80.81864829306447,-4.897016760477353,0 -80.81862655857798,-4.897008069961326,0 -80.8186025694545,-4.896998564650968,0 -80.81860934387245,-4.896961203947816,0 -80.81861342848667,-4.896863139773016,0 -80.81865426499908,-4.896602427293251,0 -80.81866465480807,-4.896536118394039,0 -80.81957390554552,-4.896518718202351,0 -80.81958292483068,-4.89651917291434,0 -80.81962414267582,-4.896522350109727,0 -80.81965733189909,-4.896530681752182,0 -80.81967762119208,-4.896547332871366,0 -80.81970512119329,-4.896582350513432,0 -80.81972766427275,-4.896603073200878,0 -80.81972766427275,-4.896603073200878,0
						</coordinates>
					</LinearRing>
				</outerBoundaryIs>
			</Polygon>
		</Placemark>
		<Placemark>
			<name>35909</name>
			<visibility>0</visibility>
			<ExtendedData>
				<SchemaData schemaUrl="#S_BLOQUE_SOJO_Y_LAS_MARIPOSAS">
					<SimpleData name="AREA_HA">0.127</SimpleData>
					<SimpleData name="NOM_LOC">SOJO</SimpleData>
					<SimpleData name="NOM_PRE">S/N</SimpleData>
					<SimpleData name="NOM_BLO">SOJO Y LAS MARIPOSAS</SimpleData>
					<SimpleData name="CODCAT">35909</SimpleData>
					<SimpleData name="USUARIO"></SimpleData>
					<SimpleData name="AP_PAT_USU"></SimpleData>
					<SimpleData name="AP_MAT_USU"></SimpleData>
					<SimpleData name="NOM_USU"></SimpleData>
					<SimpleData name="TIPODOC">SIN DATO</SimpleData>
					<SimpleData name="NUM_DOC"></SimpleData>
					<SimpleData name="DESC_LIC"></SimpleData>
					<SimpleData name="PAR_AR_BR">0.127</SimpleData>
					<SimpleData name="RES_ADM"></SimpleData>
					<SimpleData name="TOMA">SOJO Y LAS MARIPOSAS</SimpleData>
				</SchemaData>
			</ExtendedData>
			<Polygon>
				<outerBoundaryIs>
					<LinearRing>
						<coordinates>
							-80.81964834790999,-4.897083246392127,0 -80.8196480459855,-4.897546432798016,0 -80.81958779093232,-4.897566771763248,0 -80.81943499538556,-4.897591880973719,0 -80.81942859100444,-4.897594140933639,0 -80.8194305225166,-4.897451657322788,0 -80.81943079837546,-4.897431573919509,0 -80.8195293843701,-4.897417215857849,0 -80.81952740492073,-4.897398850714703,0 -80.81943125440868,-4.897412304758801,0 -80.81943900185698,-4.897104179237264,0 -80.8194394577468,-4.897085452872945,0 -80.81954056553914,-4.89708475585676,0 -80.81964834790999,-4.897083246392127,0 -80.81964834790999,-4.897083246392127,0
						</coordinates>
					</LinearRing>
				</outerBoundaryIs>
			</Polygon>
		</Placemark>
		<Placemark>
			<name>35908</name>
			<visibility>0</visibility>
			<ExtendedData>
				<SchemaData schemaUrl="#S_BLOQUE_SOJO_Y_LAS_MARIPOSAS">
					<SimpleData name="AREA_HA">0.0863</SimpleData>
					<SimpleData name="NOM_LOC">SOJO</SimpleData>
					<SimpleData name="NOM_PRE">EL PRADO</SimpleData>
					<SimpleData name="NOM_BLO">SOJO Y LAS MARIPOSAS</SimpleData>
					<SimpleData name="CODCAT">35908</SimpleData>
					<SimpleData name="USUARIO">SOJO ALBURQUEQUE, JUAN ANTONIO</SimpleData>
					<SimpleData name="AP_PAT_USU">SOJO</SimpleData>
					<SimpleData name="AP_MAT_USU">ALBURQUEQUE</SimpleData>
					<SimpleData name="NOM_USU">JUAN ANTONIO</SimpleData>
					<SimpleData name="TIPODOC">DNI</SimpleData>
					<SimpleData name="NUM_DOC">03630588</SimpleData>
					<SimpleData name="DESC_LIC">G.R.PIURA-420010-AACH-ATDRCH</SimpleData>
					<SimpleData name="PAR_AR_BR">0.0863</SimpleData>
					<SimpleData name="RES_ADM">126-2006-G.R.PIURA-420010-AACH-ATDRCH</SimpleData>
					<SimpleData name="TOMA">SOJO Y LAS MARIPOSAS</SimpleData>
				</SchemaData>
			</ExtendedData>
			<Polygon>
				<outerBoundaryIs>
					<LinearRing>
						<coordinates>
							-80.8194394577468,-4.897085452872945,0 -80.81943900185698,-4.897104179237264,0 -80.81943125440868,-4.897412304758801,0 -80.81921685497234,-4.897442373271382,0 -80.81923407792227,-4.897115161914392,0 -80.81923498455048,-4.897097340330843,0 -80.81926258416372,-4.89709653343763,0 -80.81926817624644,-4.897096353984757,0 -80.81942421491775,-4.897085539310582,0 -80.8194394577468,-4.897085452872945,0 -80.8194394577468,-4.897085452872945,0
						</coordinates>
					</LinearRing>
				</outerBoundaryIs>
			</Polygon>
		</Placemark>
		<Placemark>
			<name>35907</name>
			<visibility>0</visibility>
			<ExtendedData>
				<SchemaData schemaUrl="#S_BLOQUE_SOJO_Y_LAS_MARIPOSAS">
					<SimpleData name="AREA_HA">0.0483</SimpleData>
					<SimpleData name="NOM_LOC">SOJO</SimpleData>
					<SimpleData name="NOM_PRE">EL PRADO</SimpleData>
					<SimpleData name="NOM_BLO">SOJO Y LAS MARIPOSAS</SimpleData>
					<SimpleData name="CODCAT">35907</SimpleData>
					<SimpleData name="USUARIO">SOJO ALBURQUEQUE, JUAN ANTONIO</SimpleData>
					<SimpleData name="AP_PAT_USU">SOJO</SimpleData>
					<SimpleData name="AP_MAT_USU">ALBURQUEQUE</SimpleData>
					<SimpleData name="NOM_USU">JUAN ANTONIO</SimpleData>
					<SimpleData name="TIPODOC">DNI</SimpleData>
					<SimpleData name="NUM_DOC">03630588</SimpleData>
					<SimpleData name="DESC_LIC">G.R.PIURA-420010-AACH-ATDRCH</SimpleData>
					<SimpleData name="PAR_AR_BR">0.0483</SimpleData>
					<SimpleData name="RES_ADM">126-2006-G.R.PIURA-420010-AACH-ATDRCH</SimpleData>
					<SimpleData name="TOMA">SOJO Y LAS MARIPOSAS</SimpleData>
				</SchemaData>
			</ExtendedData>
			<Polygon>
				<outerBoundaryIs>
					<LinearRing>
						<coordinates>
							-80.81943079837546,-4.897431573919509,0 -80.8194305225166,-4.897451657322788,0 -80.81942859100444,-4.897594140933639,0 -80.81935218949363,-4.897620898702879,0 -80.81920822919805,-4.897660303842011,0 -80.81921494842561,-4.897489777007397,0 -80.81921594731963,-4.897464084897079,0 -80.81943079837546,-4.897431573919509,0 -80.81943079837546,-4.897431573919509,0
						</coordinates>
					</LinearRing>
				</outerBoundaryIs>
			</Polygon>
		</Placemark>
		<Placemark>
			<name>35906</name>
			<visibility>0</visibility>
			<ExtendedData>
				<SchemaData schemaUrl="#S_BLOQUE_SOJO_Y_LAS_MARIPOSAS">
					<SimpleData name="AREA_HA">0.0544</SimpleData>
					<SimpleData name="NOM_LOC">SOJO</SimpleData>
					<SimpleData name="NOM_PRE">SOJO (P)</SimpleData>
					<SimpleData name="NOM_BLO">SOJO Y LAS MARIPOSAS</SimpleData>
					<SimpleData name="CODCAT">35906</SimpleData>
					<SimpleData name="USUARIO">SOJO ALBURQUEQUE, JOSE MANUEL</SimpleData>
					<SimpleData name="AP_PAT_USU">SOJO</SimpleData>
					<SimpleData name="AP_MAT_USU">ALBURQUEQUE</SimpleData>
					<SimpleData name="NOM_USU">JOSE MANUEL</SimpleData>
					<SimpleData name="TIPODOC">DNI</SimpleData>
					<SimpleData name="NUM_DOC">03629273</SimpleData>
					<SimpleData name="DESC_LIC">G.R.PIURA-420010-AACH-ATDRCH</SimpleData>
					<SimpleData name="PAR_AR_BR">0.0544</SimpleData>
					<SimpleData name="RES_ADM">126-2006-G.R.PIURA-420010-AACH-ATDRCH</SimpleData>
					<SimpleData name="TOMA">SOJO Y LAS MARIPOSAS</SimpleData>
				</SchemaData>
			</ExtendedData>
			<Polygon>
				<outerBoundaryIs>
					<LinearRing>
						<coordinates>
							-80.81921594731963,-4.897464084897079,0 -80.81921494842561,-4.897489777007397,0 -80.81920822919805,-4.897660303842011,0 -80.81918703204012,-4.897666088062613,0 -80.81909079024268,-4.897683522540555,0 -80.81898778492463,-4.897696974703559,0 -80.81899243724814,-4.897497950502219,0 -80.81921594731963,-4.897464084897079,0 -80.81921594731963,-4.897464084897079,0
						</coordinates>
					</LinearRing>
				</outerBoundaryIs>
			</Polygon>
		</Placemark>
		<Placemark>
			<name>35905</name>
			<visibility>0</visibility>
			<ExtendedData>
				<SchemaData schemaUrl="#S_BLOQUE_SOJO_Y_LAS_MARIPOSAS">
					<SimpleData name="AREA_HA">0.0368</SimpleData>
					<SimpleData name="NOM_LOC">SOJO</SimpleData>
					<SimpleData name="NOM_PRE">EL PRADO</SimpleData>
					<SimpleData name="NOM_BLO">SOJO Y LAS MARIPOSAS</SimpleData>
					<SimpleData name="CODCAT">35905</SimpleData>
					<SimpleData name="USUARIO">SOJO ALBURQUEQUE, JUAN ANTONIO</SimpleData>
					<SimpleData name="AP_PAT_USU">SOJO</SimpleData>
					<SimpleData name="AP_MAT_USU">ALBURQUEQUE</SimpleData>
					<SimpleData name="NOM_USU">JUAN ANTONIO</SimpleData>
					<SimpleData name="TIPODOC">DNI</SimpleData>
					<SimpleData name="NUM_DOC">03630588</SimpleData>
					<SimpleData name="DESC_LIC">G.R.PIURA-420010-AACH-ATDRCH</SimpleData>
					<SimpleData name="PAR_AR_BR">0.0368</SimpleData>
					<SimpleData name="RES_ADM">126-2006-G.R.PIURA-420010-AACH-ATDRCH</SimpleData>
					<SimpleData name="TOMA">SOJO Y LAS MARIPOSAS</SimpleData>
				</SchemaData>
			</ExtendedData>
			<Polygon>
				<outerBoundaryIs>
					<LinearRing>
						<coordinates>
							-80.81899243724814,-4.897497950502219,0 -80.81898778492463,-4.897696974703559,0 -80.81888973723207,-4.897722007826532,0 -80.81884734090401,-4.897741175398862,0 -80.81884707029756,-4.897741265793194,0 -80.81884478350689,-4.897520256490795,0 -80.81899243724814,-4.897497950502219,0 -80.81899243724814,-4.897497950502219,0
						</coordinates>
					</LinearRing>
				</outerBoundaryIs>
			</Polygon>
		</Placemark>
		<Placemark>
			<name>35903</name>
			<visibility>0</visibility>
			<ExtendedData>
				<SchemaData schemaUrl="#S_BLOQUE_SOJO_Y_LAS_MARIPOSAS">
					<SimpleData name="AREA_HA">0.0842</SimpleData>
					<SimpleData name="NOM_LOC">SOJO</SimpleData>
					<SimpleData name="NOM_PRE">EL PRADO</SimpleData>
					<SimpleData name="NOM_BLO">SOJO Y LAS MARIPOSAS</SimpleData>
					<SimpleData name="CODCAT">35903</SimpleData>
					<SimpleData name="USUARIO">GARRIDO DE SOJO, GLORIA</SimpleData>
					<SimpleData name="AP_PAT_USU">GARRIDO</SimpleData>
					<SimpleData name="AP_MAT_USU">DE SOJO</SimpleData>
					<SimpleData name="NOM_USU">GLORIA</SimpleData>
					<SimpleData name="TIPODOC">DNI</SimpleData>
					<SimpleData name="NUM_DOC">03630024</SimpleData>
					<SimpleData name="DESC_LIC">G.R.PIURA-420010-AACH-ATDRCH</SimpleData>
					<SimpleData name="PAR_AR_BR">0.0842</SimpleData>
					<SimpleData name="RES_ADM">126-2006-G.R.PIURA-420010-AACH-ATDRCH</SimpleData>
					<SimpleData name="TOMA">SOJO Y LAS MARIPOSAS</SimpleData>
				</SchemaData>
			</ExtendedData>
			<Polygon>
				<outerBoundaryIs>
					<LinearRing>
						<coordinates>
							-80.81884707029756,-4.897741265793194,0 -80.81873341463023,-4.897782850050532,0 -80.8186857865051,-4.897804006478221,0 -80.81862723912332,-4.897846962334134,0 -80.81858925441563,-4.897895984875101,0 -80.81858513944324,-4.897767340982662,0 -80.81857966843008,-4.897650547789246,0 -80.81858266876817,-4.897559901549551,0 -80.81884478350689,-4.897520256490795,0 -80.81884707029756,-4.897741265793194,0 -80.81884707029756,-4.897741265793194,0
						</coordinates>
					</LinearRing>
				</outerBoundaryIs>
			</Polygon>
		</Placemark>
		<Placemark>
			<name>35902</name>
			<visibility>0</visibility>
			<ExtendedData>
				<SchemaData schemaUrl="#S_BLOQUE_SOJO_Y_LAS_MARIPOSAS">
					<SimpleData name="AREA_HA">0.1573</SimpleData>
					<SimpleData name="NOM_LOC">SOJO</SimpleData>
					<SimpleData name="NOM_PRE">EL PRADO</SimpleData>
					<SimpleData name="NOM_BLO">SOJO Y LAS MARIPOSAS</SimpleData>
					<SimpleData name="CODCAT">35902</SimpleData>
					<SimpleData name="USUARIO">GARRIDO DE SOJO, GLORIA</SimpleData>
					<SimpleData name="AP_PAT_USU">GARRIDO</SimpleData>
					<SimpleData name="AP_MAT_USU">DE SOJO</SimpleData>
					<SimpleData name="NOM_USU">GLORIA</SimpleData>
					<SimpleData name="TIPODOC">DNI</SimpleData>
					<SimpleData name="NUM_DOC">03630024</SimpleData>
					<SimpleData name="DESC_LIC">G.R.PIURA-420010-AACH-ATDRCH</SimpleData>
					<SimpleData name="PAR_AR_BR">0.15</SimpleData>
					<SimpleData name="RES_ADM">126-2006-G.R.PIURA-420010-AACH-ATDRCH</SimpleData>
					<SimpleData name="TOMA">SOJO Y LAS MARIPOSAS</SimpleData>
				</SchemaData>
			</ExtendedData>
			<Polygon>
				<outerBoundaryIs>
					<LinearRing>
						<coordinates>
							-80.81886293738334,-4.89708376234055,0 -80.81884948726733,-4.897468420659427,0 -80.81884857860121,-4.897493931860359,0 -80.81858366852238,-4.897531043127719,0 -80.81858585047246,-4.897465546247419,0 -80.81857813812293,-4.897297548642352,0 -80.81858042662421,-4.897170082507705,0 -80.8185924530783,-4.897054017687729,0 -80.8186025694545,-4.896998564650968,0 -80.81862655857798,-4.897008069961326,0 -80.81864829306447,-4.897016760477353,0 -80.81874109384793,-4.897050709895289,0 -80.81883452723989,-4.897079955230844,0 -80.81886293738334,-4.89708376234055,0 -80.81886293738334,-4.89708376234055,0
						</coordinates>
					</LinearRing>
				</outerBoundaryIs>
			</Polygon>
		</Placemark>
		<Placemark>
			<name>35904</name>
			<visibility>0</visibility>
			<ExtendedData>
				<SchemaData schemaUrl="#S_BLOQUE_SOJO_Y_LAS_MARIPOSAS">
					<SimpleData name="AREA_HA">0.0724</SimpleData>
					<SimpleData name="NOM_LOC">SOJO</SimpleData>
					<SimpleData name="NOM_PRE">EL PRADO</SimpleData>
					<SimpleData name="NOM_BLO">SOJO Y LAS MARIPOSAS</SimpleData>
					<SimpleData name="CODCAT">35904</SimpleData>
					<SimpleData name="USUARIO">SOJO ALBURQUEQUE, JUAN ANTONIO</SimpleData>
					<SimpleData name="AP_PAT_USU">SOJO</SimpleData>
					<SimpleData name="AP_MAT_USU">ALBURQUEQUE</SimpleData>
					<SimpleData name="NOM_USU">JUAN ANTONIO</SimpleData>
					<SimpleData name="TIPODOC">DNI</SimpleData>
					<SimpleData name="NUM_DOC">03630588</SimpleData>
					<SimpleData name="DESC_LIC">G.R.PIURA-420010-AACH-ATDRCH</SimpleData>
					<SimpleData name="PAR_AR_BR">0.0724</SimpleData>
					<SimpleData name="RES_ADM">126-2006-G.R.PIURA-420010-AACH-ATDRCH</SimpleData>
					<SimpleData name="TOMA">SOJO Y LAS MARIPOSAS</SimpleData>
				</SchemaData>
			</ExtendedData>
			<Polygon>
				<outerBoundaryIs>
					<LinearRing>
						<coordinates>
							-80.81901644361615,-4.897099544125889,0 -80.81899749962936,-4.897454256713951,0 -80.81899641229597,-4.897473254308329,0 -80.81884857860121,-4.897493931860359,0 -80.81884948726733,-4.897468420659427,0 -80.81886293738334,-4.89708376234055,0 -80.81897143708694,-4.897098265676243,0 -80.81901644361615,-4.897099544125889,0 -80.81901644361615,-4.897099544125889,0
						</coordinates>
					</LinearRing>
				</outerBoundaryIs>
			</Polygon>
		</Placemark>
		<Placemark>
			<name>31938</name>
			<visibility>0</visibility>
			<ExtendedData>
				<SchemaData schemaUrl="#S_BLOQUE_SOJO_Y_LAS_MARIPOSAS">
					<SimpleData name="AREA_HA">1.9295</SimpleData>
					<SimpleData name="NOM_LOC">SOJO</SimpleData>
					<SimpleData name="NOM_PRE">S/N</SimpleData>
					<SimpleData name="NOM_BLO">SOJO Y LAS MARIPOSAS</SimpleData>
					<SimpleData name="CODCAT">31938</SimpleData>
					<SimpleData name="USUARIO"></SimpleData>
					<SimpleData name="AP_PAT_USU"></SimpleData>
					<SimpleData name="AP_MAT_USU"></SimpleData>
					<SimpleData name="NOM_USU"></SimpleData>
					<SimpleData name="TIPODOC">SIN DATO</SimpleData>
					<SimpleData name="NUM_DOC"></SimpleData>
					<SimpleData name="DESC_LIC"></SimpleData>
					<SimpleData name="PAR_AR_BR">1.9295</SimpleData>
					<SimpleData name="RES_ADM"></SimpleData>
					<SimpleData name="TOMA">SOJO Y LAS MARIPOSAS</SimpleData>
				</SchemaData>
			</ExtendedData>
			<Polygon>
				<outerBoundaryIs>
					<LinearRing>
						<coordinates>
							-80.81802826274863,-4.897834047298593,0 -80.81790080713768,-4.897876260997769,0 -80.81786698459582,-4.897875166385967,0 -80.81759632807433,-4.897813667674345,0 -80.81740089733773,-4.897737985794062,0 -80.81728699941948,-4.897672729276453,0 -80.81716210043463,-4.897597699456675,0 -80.81701032390748,-4.8975215768205,0 -80.81685907731965,-4.897487701959983,0 -80.81667256348408,-4.897458883701265,0 -80.81641380497797,-4.897426970127241,0 -80.81622971993971,-4.897422397312134,0 -80.81619643723609,-4.897426368863302,0 -80.81622440630129,-4.897393175334257,0 -80.8164030471911,-4.897181804120086,0 -80.81657960879522,-4.896988073183033,0 -80.81675022294135,-4.896773895260875,0 -80.81688872469712,-4.896571740673645,0 -80.81698086549305,-4.896373916007237,0 -80.81699550404632,-4.896272055100528,0 -80.81717403696631,-4.896464524298487,0 -80.81735608361295,-4.896671830831567,0 -80.81749151721137,-4.896814441603659,0 -80.81758720082362,-4.896860785804675,0 -80.81764166933102,-4.896893639542126,0 -80.81773986659572,-4.896984493715171,0 -80.8178119162305,-4.897042773104545,0 -80.81842467561121,-4.897457542407288,0 -80.81842295142877,-4.897497256568588,0 -80.81839262283205,-4.89758563388921,0 -80.8182978024885,-4.897684940453722,0 -80.81817385219063,-4.897773654715618,0 -80.81802826274863,-4.897834047298593,0 -80.81802826274863,-4.897834047298593,0
						</coordinates>
					</LinearRing>
				</outerBoundaryIs>
			</Polygon>
		</Placemark>
		<Placemark>
			<name>31872</name>
			<visibility>0</visibility>
			<ExtendedData>
				<SchemaData schemaUrl="#S_BLOQUE_SOJO_Y_LAS_MARIPOSAS">
					<SimpleData name="AREA_HA">1.4714</SimpleData>
					<SimpleData name="NOM_LOC">SOJO</SimpleData>
					<SimpleData name="NOM_PRE">S/N</SimpleData>
					<SimpleData name="NOM_BLO">SOJO Y LAS MARIPOSAS</SimpleData>
					<SimpleData name="CODCAT">31872</SimpleData>
					<SimpleData name="USUARIO"></SimpleData>
					<SimpleData name="AP_PAT_USU"></SimpleData>
					<SimpleData name="AP_MAT_USU"></SimpleData>
					<SimpleData name="NOM_USU"></SimpleData>
					<SimpleData name="TIPODOC">SIN DATO</SimpleData>
					<SimpleData name="NUM_DOC"></SimpleData>
					<SimpleData name="DESC_LIC"></SimpleData>
					<SimpleData name="PAR_AR_BR">1.4714</SimpleData>
					<SimpleData name="RES_ADM"></SimpleData>
					<SimpleData name="TOMA">SOJO Y LAS MARIPOSAS</SimpleData>
				</SchemaData>
			</ExtendedData>
			<Polygon>
				<outerBoundaryIs>
					<LinearRing>
						<coordinates>
							-80.81699550404632,-4.896272055100528,0 -80.81698086549305,-4.896373916007237,0 -80.81688872469712,-4.896571740673645,0 -80.81675022294135,-4.896773895260875,0 -80.81657960879522,-4.896988073183033,0 -80.8164030471911,-4.897181804120086,0 -80.81622440630129,-4.897393175334257,0 -80.81619643723609,-4.897426368863302,0 -80.81618209590742,-4.897428083859088,0 -80.81615152227151,-4.897419933680776,0 -80.81600884410301,-4.897386422801424,0 -80.81586526417823,-4.897352278386389,0 -80.81568172618387,-4.897325903241161,0 -80.81557368022528,-4.897301267293839,0 -80.81555780746821,-4.89729601597378,0 -80.81611863847786,-4.895933205032003,0 -80.8169717898442,-4.896246446841214,0 -80.81699550404632,-4.896272055100528,0 -80.81699550404632,-4.896272055100528,0
						</coordinates>
					</LinearRing>
				</outerBoundaryIs>
			</Polygon>
		</Placemark>
		<Placemark>
			<name>31873</name>
			<visibility>0</visibility>
			<ExtendedData>
				<SchemaData schemaUrl="#S_BLOQUE_SOJO_Y_LAS_MARIPOSAS">
					<SimpleData name="AREA_HA">0.7377</SimpleData>
					<SimpleData name="NOM_LOC">SOJO</SimpleData>
					<SimpleData name="NOM_PRE">EL PRADO</SimpleData>
					<SimpleData name="NOM_BLO">SOJO Y LAS MARIPOSAS</SimpleData>
					<SimpleData name="CODCAT">31873</SimpleData>
					<SimpleData name="USUARIO">SOSA CHANGANAQUE, SANTOS ALFONSO</SimpleData>
					<SimpleData name="AP_PAT_USU">SOSA</SimpleData>
					<SimpleData name="AP_MAT_USU">CHANGANAQUE</SimpleData>
					<SimpleData name="NOM_USU">SANTOS ALFONSO</SimpleData>
					<SimpleData name="TIPODOC">DNI</SimpleData>
					<SimpleData name="NUM_DOC">03630688</SimpleData>
					<SimpleData name="DESC_LIC">G.R.PIURA-420010-DRA.P-AACH-S.ATDRCH</SimpleData>
					<SimpleData name="PAR_AR_BR">0.737</SimpleData>
					<SimpleData name="RES_ADM">518-2005-G.R.PIURA-420010-DRA.P-AACH-S.ATDRCH</SimpleData>
					<SimpleData name="TOMA">SOJO Y LAS MARIPOSAS</SimpleData>
				</SchemaData>
			</ExtendedData>
			<Polygon>
				<outerBoundaryIs>
					<LinearRing>
						<coordinates>
							-80.81699337282556,-4.896146487582684,0 -80.81699453850619,-4.896172180267405,0 -80.81698117575262,-4.896224918424005,0 -80.81612594888277,-4.895915656577015,0 -80.81652712118954,-4.894940811279149,0 -80.81676818434261,-4.895034327446699,0 -80.81676655685094,-4.895049344383214,0 -80.81676619424302,-4.895056219709741,0 -80.8167560384438,-4.895259132452489,0 -80.81675504093354,-4.895279306125582,0 -80.81675476962849,-4.895282020035858,0 -80.81677872379549,-4.895422339382741,0 -80.81679214896369,-4.895473818194233,0 -80.81681179119558,-4.895549000790822,0 -80.81684351642575,-4.895635404422571,0 -80.81686821699873,-4.895682543882288,0 -80.81689616286921,-4.89573601683799,0 -80.81693293447272,-4.895839338979053,0 -80.81695519975034,-4.895886749181537,0 -80.81696845079162,-4.895914797222867,0 -80.81698853094423,-4.896039103024458,0 -80.81699337282556,-4.896146487582684,0 -80.81699337282556,-4.896146487582684,0
						</coordinates>
					</LinearRing>
				</outerBoundaryIs>
			</Polygon>
		</Placemark>
		<Placemark>
			<name>31939</name>
			<visibility>0</visibility>
			<ExtendedData>
				<SchemaData schemaUrl="#S_BLOQUE_SOJO_Y_LAS_MARIPOSAS">
					<SimpleData name="AREA_HA">0.784</SimpleData>
					<SimpleData name="NOM_LOC">SOJO</SimpleData>
					<SimpleData name="NOM_PRE">S/N</SimpleData>
					<SimpleData name="NOM_BLO">SOJO Y LAS MARIPOSAS</SimpleData>
					<SimpleData name="CODCAT">31939</SimpleData>
					<SimpleData name="USUARIO"></SimpleData>
					<SimpleData name="AP_PAT_USU"></SimpleData>
					<SimpleData name="AP_MAT_USU"></SimpleData>
					<SimpleData name="NOM_USU"></SimpleData>
					<SimpleData name="TIPODOC">SIN DATO</SimpleData>
					<SimpleData name="NUM_DOC"></SimpleData>
					<SimpleData name="DESC_LIC"></SimpleData>
					<SimpleData name="PAR_AR_BR">0.784</SimpleData>
					<SimpleData name="RES_ADM"></SimpleData>
					<SimpleData name="TOMA">SOJO Y LAS MARIPOSAS</SimpleData>
				</SchemaData>
			</ExtendedData>
			<Polygon>
				<outerBoundaryIs>
					<LinearRing>
						<coordinates>
							-80.81856055065913,-4.896954406033045,0 -80.81855386605054,-4.896993214217171,0 -80.81850844641203,-4.897190146863782,0 -80.81847629137819,-4.897364014173551,0 -80.81847320382049,-4.897443352126578,0 -80.81818706620433,-4.897260172634763,0 -80.81785277581241,-4.897036541839761,0 -80.81764438324296,-4.896863153190363,0 -80.81753544357201,-4.896807487448287,0 -80.81748746772803,-4.896779611072839,0 -80.81743976778124,-4.896731741759506,0 -80.81734761912517,-4.89662008195876,0 -80.81716566280896,-4.89641232311741,0 -80.81698866113084,-4.8962276344123,0 -80.81698117575262,-4.896224918424005,0 -80.81699453850619,-4.896172180267405,0 -80.81699337282556,-4.896146487582684,0 -80.81702025686839,-4.896123064063779,0 -80.8170584178043,-4.896089692292454,0 -80.81710234686516,-4.896072425028955,0 -80.81711505867798,-4.896093235635193,0 -80.8171388596086,-4.896131871031315,0 -80.81722974034919,-4.896262709332828,0 -80.81735290332001,-4.896420877017058,0 -80.81750763279561,-4.89658457154547,0 -80.81752296974516,-4.896569648735543,0 -80.81756078253864,-4.896488691673309,0 -80.81766292583045,-4.896324161101601,0 -80.81769026080431,-4.896300828141758,0 -80.817696485582,-4.896295582768802,0 -80.81772985196407,-4.896315946544627,0 -80.81778639130053,-4.896362370737477,0 -80.81781804078933,-4.89639485650909,0 -80.8178490590909,-4.896426708848276,0 -80.81792596846678,-4.896525337402579,0 -80.81793272966418,-4.896538004458984,0 -80.81794066486999,-4.896545062929752,0 -80.81804021563704,-4.896633655767337,0 -80.81812966823873,-4.896708856919223,0 -80.81828982671944,-4.896807869455213,0 -80.81853295520807,-4.896939471796178,0 -80.81856055065913,-4.896954406033045,0 -80.81856055065913,-4.896954406033045,0
						</coordinates>
					</LinearRing>
				</outerBoundaryIs>
			</Polygon>
		</Placemark>
		<Placemark>
			<name>31940</name>
			<visibility>0</visibility>
			<ExtendedData>
				<SchemaData schemaUrl="#S_BLOQUE_SOJO_Y_LAS_MARIPOSAS">
					<SimpleData name="AREA_HA">0.239</SimpleData>
					<SimpleData name="NOM_LOC">SOJO</SimpleData>
					<SimpleData name="NOM_PRE">EL PRADO</SimpleData>
					<SimpleData name="NOM_BLO">SOJO Y LAS MARIPOSAS</SimpleData>
					<SimpleData name="CODCAT">31940</SimpleData>
					<SimpleData name="USUARIO">FLORES IPANAQUE, FELIPA</SimpleData>
					<SimpleData name="AP_PAT_USU">FLORES</SimpleData>
					<SimpleData name="AP_MAT_USU">IPANAQUE</SimpleData>
					<SimpleData name="NOM_USU">FELIPA</SimpleData>
					<SimpleData name="TIPODOC">DNI</SimpleData>
					<SimpleData name="NUM_DOC">03656181</SimpleData>
					<SimpleData name="DESC_LIC">G.R.PIURA-420010-AACH-ATDRCH</SimpleData>
					<SimpleData name="PAR_AR_BR">0.15</SimpleData>
					<SimpleData name="RES_ADM">126-2006-G.R.PIURA-420010-AACH-ATDRCH</SimpleData>
					<SimpleData name="TOMA">SOJO Y LAS MARIPOSAS</SimpleData>
				</SchemaData>
			</ExtendedData>
			<Polygon>
				<outerBoundaryIs>
					<LinearRing>
						<coordinates>
							-80.817696485582,-4.896295582768802,0 -80.81769026080431,-4.896300828141758,0 -80.81766292583045,-4.896324161101601,0 -80.81756078253864,-4.896488691673309,0 -80.81752296974516,-4.896569648735543,0 -80.81750763279561,-4.89658457154547,0 -80.81735290332001,-4.896420877017058,0 -80.81722974034919,-4.896262709332828,0 -80.8171388596086,-4.896131871031315,0 -80.81711505867798,-4.896093235635193,0 -80.81710234686516,-4.896072425028955,0 -80.81710793946884,-4.896070255339746,0 -80.81716341287337,-4.896054800484531,0 -80.81720391643553,-4.896030475941511,0 -80.81725453232531,-4.895966258549827,0 -80.81729603140299,-4.895929178546719,0 -80.81729621179086,-4.89592917859494,0 -80.81732336016937,-4.895929185854233,0 -80.81734797931909,-4.895943486080516,0 -80.81744076224805,-4.896043837786602,0 -80.81746177369392,-4.896057956112689,0 -80.81746907810791,-4.896062843233757,0 -80.81751804954136,-4.89607751182402,0 -80.81756756262109,-4.896090371233357,0 -80.81761382399087,-4.89612105159345,0 -80.81765791770951,-4.896163039634893,0 -80.81767233547602,-4.896213071237914,0 -80.81767224393816,-4.896218137315311,0 -80.81767305506015,-4.896220489650458,0 -80.81769026833886,-4.896272421787309,0 -80.81769531531553,-4.896287078642818,0 -80.817696485582,-4.896295582768802,0 -80.817696485582,-4.896295582768802,0
						</coordinates>
					</LinearRing>
				</outerBoundaryIs>
			</Polygon>
		</Placemark>
		<Placemark>
			<name>31941</name>
			<visibility>0</visibility>
			<ExtendedData>
				<SchemaData schemaUrl="#S_BLOQUE_SOJO_Y_LAS_MARIPOSAS">
					<SimpleData name="AREA_HA">0.2386</SimpleData>
					<SimpleData name="NOM_LOC">SOJO</SimpleData>
					<SimpleData name="NOM_PRE">S/N</SimpleData>
					<SimpleData name="NOM_BLO">SOJO Y LAS MARIPOSAS</SimpleData>
					<SimpleData name="CODCAT">31941</SimpleData>
					<SimpleData name="USUARIO"></SimpleData>
					<SimpleData name="AP_PAT_USU"></SimpleData>
					<SimpleData name="AP_MAT_USU"></SimpleData>
					<SimpleData name="NOM_USU"></SimpleData>
					<SimpleData name="TIPODOC">SIN DATO</SimpleData>
					<SimpleData name="NUM_DOC"></SimpleData>
					<SimpleData name="DESC_LIC"></SimpleData>
					<SimpleData name="PAR_AR_BR">0.2386</SimpleData>
					<SimpleData name="RES_ADM"></SimpleData>
					<SimpleData name="TOMA">SOJO Y LAS MARIPOSAS</SimpleData>
				</SchemaData>
			</ExtendedData>
			<Polygon>
				<outerBoundaryIs>
					<LinearRing>
						<coordinates>
							-80.81861255645833,-4.896408004556641,0 -80.81860903194463,-4.89643432925832,0 -80.81860247845667,-4.896659859523941,0 -80.81857825606684,-4.896850736577325,0 -80.81856055065913,-4.896954406033045,0 -80.81853295520807,-4.896939471796178,0 -80.81828982671944,-4.896807869455213,0 -80.81812966823873,-4.896708856919223,0 -80.81804021563704,-4.896633655767337,0 -80.81794066486999,-4.896545062929752,0 -80.81797349667245,-4.896540638839038,0 -80.81809391001762,-4.896524387011814,0 -80.81832599143486,-4.896478401516502,0 -80.81853606870602,-4.896420197171258,0 -80.81858378334852,-4.896412610688996,0 -80.81861255645833,-4.896408004556641,0 -80.81861255645833,-4.896408004556641,0
						</coordinates>
					</LinearRing>
				</outerBoundaryIs>
			</Polygon>
		</Placemark>
		<Placemark>
			<name>31942</name>
			<visibility>0</visibility>
			<ExtendedData>
				<SchemaData schemaUrl="#S_BLOQUE_SOJO_Y_LAS_MARIPOSAS">
					<SimpleData name="AREA_HA">0.1459</SimpleData>
					<SimpleData name="NOM_LOC">SOJO</SimpleData>
					<SimpleData name="NOM_PRE">EL PRADO</SimpleData>
					<SimpleData name="NOM_BLO">SOJO Y LAS MARIPOSAS</SimpleData>
					<SimpleData name="CODCAT">31942</SimpleData>
					<SimpleData name="USUARIO">JUAREZ MEDINA, ANGEL</SimpleData>
					<SimpleData name="AP_PAT_USU">JUAREZ</SimpleData>
					<SimpleData name="AP_MAT_USU">MEDINA</SimpleData>
					<SimpleData name="NOM_USU">ANGEL</SimpleData>
					<SimpleData name="TIPODOC">DNI</SimpleData>
					<SimpleData name="NUM_DOC">03629095</SimpleData>
					<SimpleData name="DESC_LIC">G.R.PIURA-420010-DRA.P-AACH-S.ATDRCH</SimpleData>
					<SimpleData name="PAR_AR_BR">0.1459</SimpleData>
					<SimpleData name="RES_ADM">518-2005-G.R.PIURA-420010-DRA.P-AACH-S.ATDRCH</SimpleData>
					<SimpleData name="TOMA">SOJO Y LAS MARIPOSAS</SimpleData>
				</SchemaData>
			</ExtendedData>
			<Polygon>
				<outerBoundaryIs>
					<LinearRing>
						<coordinates>
							-80.81863162542004,-4.896263897108646,0 -80.81861255645833,-4.896408004556641,0 -80.81858378334852,-4.896412610688996,0 -80.81853606870602,-4.896420197171258,0 -80.81832599143486,-4.896478401516502,0 -80.81809391001762,-4.896524387011814,0 -80.81797349667245,-4.896540638839038,0 -80.81794066486999,-4.896545062929752,0 -80.81793272966418,-4.896538004458984,0 -80.81792596846678,-4.896525337402579,0 -80.8178490590909,-4.896426708848276,0 -80.81781804078933,-4.89639485650909,0 -80.81792627751203,-4.896380139387768,0 -80.81818189933287,-4.896334883942637,0 -80.81841000765036,-4.896305904986063,0 -80.81863162542004,-4.896263897108646,0 -80.81863162542004,-4.896263897108646,0
						</coordinates>
					</LinearRing>
				</outerBoundaryIs>
			</Polygon>
		</Placemark>
		<Placemark>
			<name>31943</name>
			<visibility>0</visibility>
			<ExtendedData>
				<SchemaData schemaUrl="#S_BLOQUE_SOJO_Y_LAS_MARIPOSAS">
					<SimpleData name="AREA_HA">0.2282</SimpleData>
					<SimpleData name="NOM_LOC">SOJO</SimpleData>
					<SimpleData name="NOM_PRE">S/N</SimpleData>
					<SimpleData name="NOM_BLO">SOJO Y LAS MARIPOSAS</SimpleData>
					<SimpleData name="CODCAT">31943</SimpleData>
					<SimpleData name="USUARIO"></SimpleData>
					<SimpleData name="AP_PAT_USU"></SimpleData>
					<SimpleData name="AP_MAT_USU"></SimpleData>
					<SimpleData name="NOM_USU"></SimpleData>
					<SimpleData name="TIPODOC">SIN DATO</SimpleData>
					<SimpleData name="NUM_DOC"></SimpleData>
					<SimpleData name="DESC_LIC"></SimpleData>
					<SimpleData name="PAR_AR_BR">0.2282</SimpleData>
					<SimpleData name="RES_ADM"></SimpleData>
					<SimpleData name="TOMA">SOJO Y LAS MARIPOSAS</SimpleData>
				</SchemaData>
			</ExtendedData>
			<Polygon>
				<outerBoundaryIs>
					<LinearRing>
						<coordinates>
							-80.81866739061562,-4.896080531798869,0 -80.8186624265344,-4.896093467135112,0 -80.81864057243119,-4.896196411766631,0 -80.81863162542004,-4.896263897108646,0 -80.81841000765036,-4.896305904986063,0 -80.81818189933287,-4.896334883942637,0 -80.81792627751203,-4.896380139387768,0 -80.81781804078933,-4.89639485650909,0 -80.81778639130053,-4.896362370737477,0 -80.81772985196407,-4.896315946544627,0 -80.817696485582,-4.896295582768802,0 -80.81769531531553,-4.896287078642818,0 -80.81769026833886,-4.896272421787309,0 -80.81767305506015,-4.896220489650458,0 -80.81793282685894,-4.896171073965254,0 -80.81803817697698,-4.896157713046683,0 -80.81812413473915,-4.896146789534448,0 -80.81833673378991,-4.896102065369197,0 -80.81853498445079,-4.896085834149069,0 -80.81866739061562,-4.896080531798869,0 -80.81866739061562,-4.896080531798869,0
						</coordinates>
					</LinearRing>
				</outerBoundaryIs>
			</Polygon>
		</Placemark>
		<Placemark>
			<name>31980</name>
			<visibility>0</visibility>
			<ExtendedData>
				<SchemaData schemaUrl="#S_BLOQUE_SOJO_Y_LAS_MARIPOSAS">
					<SimpleData name="AREA_HA">0.1035</SimpleData>
					<SimpleData name="NOM_LOC">SOJO</SimpleData>
					<SimpleData name="NOM_PRE">EL PRADO</SimpleData>
					<SimpleData name="NOM_BLO">SOJO Y LAS MARIPOSAS</SimpleData>
					<SimpleData name="CODCAT">31980</SimpleData>
					<SimpleData name="USUARIO">CHAPILLIQUEN CALDERON, SANTIAGO</SimpleData>
					<SimpleData name="AP_PAT_USU">CHAPILLIQUEN</SimpleData>
					<SimpleData name="AP_MAT_USU">CALDERON</SimpleData>
					<SimpleData name="NOM_USU">SANTIAGO</SimpleData>
					<SimpleData name="TIPODOC">DNI</SimpleData>
					<SimpleData name="NUM_DOC">03631084</SimpleData>
					<SimpleData name="DESC_LIC">G.R.PIURA-420010-DRA.P-AACH-S.ATDRCH</SimpleData>
					<SimpleData name="PAR_AR_BR">0.1035</SimpleData>
					<SimpleData name="RES_ADM">518-2005-G.R.PIURA-420010-DRA.P-AACH-S.ATDRCH</SimpleData>
					<SimpleData name="TOMA">SOJO Y LAS MARIPOSAS</SimpleData>
				</SchemaData>
			</ExtendedData>
			<Polygon>
				<outerBoundaryIs>
					<LinearRing>
						<coordinates>
							-80.81803817697698,-4.896157713046683,0 -80.81793282685894,-4.896171073965254,0 -80.81767305506015,-4.896220489650458,0 -80.81767224393816,-4.896218137315311,0 -80.81767233547602,-4.896213071237914,0 -80.81765791770951,-4.896163039634893,0 -80.81761382399087,-4.89612105159345,0 -80.81756756262109,-4.896090371233357,0 -80.81751804954136,-4.89607751182402,0 -80.81746907810791,-4.896062843233757,0 -80.81746177369392,-4.896057956112689,0 -80.81748910400314,-4.896052173583454,0 -80.81764235202411,-4.896020279968845,0 -80.81779199145809,-4.89599146120375,0 -80.81798104743604,-4.895955867948228,0 -80.81803817697698,-4.896157713046683,0 -80.81803817697698,-4.896157713046683,0
						</coordinates>
					</LinearRing>
				</outerBoundaryIs>
			</Polygon>
		</Placemark>
		<Placemark>
			<name>31944</name>
			<visibility>0</visibility>
			<ExtendedData>
				<SchemaData schemaUrl="#S_BLOQUE_SOJO_Y_LAS_MARIPOSAS">
					<SimpleData name="AREA_HA">0.1685</SimpleData>
					<SimpleData name="NOM_LOC">SOJO</SimpleData>
					<SimpleData name="NOM_PRE">S/N</SimpleData>
					<SimpleData name="NOM_BLO">SOJO Y LAS MARIPOSAS</SimpleData>
					<SimpleData name="CODCAT">31944</SimpleData>
					<SimpleData name="USUARIO"></SimpleData>
					<SimpleData name="AP_PAT_USU"></SimpleData>
					<SimpleData name="AP_MAT_USU"></SimpleData>
					<SimpleData name="NOM_USU"></SimpleData>
					<SimpleData name="TIPODOC">SIN DATO</SimpleData>
					<SimpleData name="NUM_DOC"></SimpleData>
					<SimpleData name="DESC_LIC"></SimpleData>
					<SimpleData name="PAR_AR_BR">0.1685</SimpleData>
					<SimpleData name="RES_ADM"></SimpleData>
					<SimpleData name="TOMA">SOJO Y LAS MARIPOSAS</SimpleData>
				</SchemaData>
			</ExtendedData>
			<Polygon>
				<outerBoundaryIs>
					<LinearRing>
						<coordinates>
							-80.81871218169772,-4.895872471632194,0 -80.81870665240741,-4.895976596657297,0 -80.81868336597303,-4.896038740695792,0 -80.81866739061562,-4.896080531798869,0 -80.81853498445079,-4.896085834149069,0 -80.81833673378991,-4.896102065369197,0 -80.81812413473915,-4.896146789534448,0 -80.81803817697698,-4.896157713046683,0 -80.81798104743604,-4.895955867948228,0 -80.818016315021,-4.895949273316567,0 -80.81871218169772,-4.895872471632194,0 -80.81871218169772,-4.895872471632194,0
						</coordinates>
					</LinearRing>
				</outerBoundaryIs>
			</Polygon>
		</Placemark>
		<Placemark>
			<name>31945</name>
			<visibility>0</visibility>
			<ExtendedData>
				<SchemaData schemaUrl="#S_BLOQUE_SOJO_Y_LAS_MARIPOSAS">
					<SimpleData name="AREA_HA">0.4634</SimpleData>
					<SimpleData name="NOM_LOC">SOJO</SimpleData>
					<SimpleData name="NOM_PRE">EL PRADO</SimpleData>
					<SimpleData name="NOM_BLO">SOJO Y LAS MARIPOSAS</SimpleData>
					<SimpleData name="CODCAT">31945</SimpleData>
					<SimpleData name="USUARIO">CORNEJO CHORRES, CELSO</SimpleData>
					<SimpleData name="AP_PAT_USU">CORNEJO</SimpleData>
					<SimpleData name="AP_MAT_USU">CHORRES</SimpleData>
					<SimpleData name="NOM_USU">CELSO</SimpleData>
					<SimpleData name="TIPODOC">DNI</SimpleData>
					<SimpleData name="NUM_DOC">03630430</SimpleData>
					<SimpleData name="DESC_LIC">G.R.PIURA-420010-AACH-ATDRCH</SimpleData>
					<SimpleData name="PAR_AR_BR">0.25</SimpleData>
					<SimpleData name="RES_ADM">126-2006-G.R.PIURA-420010-AACH-ATDRCH</SimpleData>
					<SimpleData name="TOMA">SOJO Y LAS MARIPOSAS</SimpleData>
				</SchemaData>
			</ExtendedData>
			<Polygon>
				<outerBoundaryIs>
					<LinearRing>
						<coordinates>
							-80.81872973805002,-4.895649748726636,0 -80.81871889557721,-4.895722571069232,0 -80.81871272560484,-4.89586206817386,0 -80.81871218169772,-4.895872471632194,0 -80.818016315021,-4.895949273316567,0 -80.81798104743604,-4.895955867948228,0 -80.81779199145809,-4.89599146120375,0 -80.81764235202411,-4.896020279968845,0 -80.81748910400314,-4.896052173583454,0 -80.81746177369392,-4.896057956112689,0 -80.81744076224805,-4.896043837786602,0 -80.81734797931909,-4.895943486080516,0 -80.81732336016937,-4.895929185854233,0 -80.81729621179086,-4.89592917859494,0 -80.81729603140299,-4.895929178546719,0 -80.81725453232531,-4.895966258549827,0 -80.81720391643553,-4.896030475941511,0 -80.81716341287337,-4.896054800484531,0 -80.81710793946884,-4.896070255339746,0 -80.81710234686516,-4.896072425028955,0 -80.8170584178043,-4.896089692292454,0 -80.81702025686839,-4.896123064063779,0 -80.81699337282556,-4.896146487582684,0 -80.81698853094423,-4.896039103024458,0 -80.81696845079162,-4.895914797222867,0 -80.81695519975034,-4.895886749181537,0 -80.81805137157376,-4.895717689420107,0 -80.81872973805002,-4.895649748726636,0 -80.81872973805002,-4.895649748726636,0
						</coordinates>
					</LinearRing>
				</outerBoundaryIs>
			</Polygon>
		</Placemark>
		<Placemark>
			<name>31946</name>
			<visibility>0</visibility>
			<ExtendedData>
				<SchemaData schemaUrl="#S_BLOQUE_SOJO_Y_LAS_MARIPOSAS">
					<SimpleData name="AREA_HA">0.4348</SimpleData>
					<SimpleData name="NOM_LOC">SOJO</SimpleData>
					<SimpleData name="NOM_PRE">EL PRADO</SimpleData>
					<SimpleData name="NOM_BLO">SOJO Y LAS MARIPOSAS</SimpleData>
					<SimpleData name="CODCAT">31946</SimpleData>
					<SimpleData name="USUARIO">BURGOS PEÑA, TEODORO</SimpleData>
					<SimpleData name="AP_PAT_USU">BURGOS</SimpleData>
					<SimpleData name="AP_MAT_USU">PEÑA</SimpleData>
					<SimpleData name="NOM_USU">TEODORO</SimpleData>
					<SimpleData name="TIPODOC">DNI</SimpleData>
					<SimpleData name="NUM_DOC">03629180</SimpleData>
					<SimpleData name="DESC_LIC">G.R.PIURA-420010-DRA.P-AACH-S.ATDRCH</SimpleData>
					<SimpleData name="PAR_AR_BR">0.43</SimpleData>
					<SimpleData name="RES_ADM">518-2005-G.R.PIURA-420010-DRA.P-AACH-S.ATDRCH</SimpleData>
					<SimpleData name="TOMA">SOJO Y LAS MARIPOSAS</SimpleData>
				</SchemaData>
			</ExtendedData>
			<Polygon>
				<outerBoundaryIs>
					<LinearRing>
						<coordinates>
							-80.81877524772138,-4.895452725607417,0 -80.81874464630573,-4.895550149493295,0 -80.81872973805002,-4.895649748726636,0 -80.81805137157376,-4.895717689420107,0 -80.81695519975034,-4.895886749181537,0 -80.81693293447272,-4.895839338979053,0 -80.81689616286921,-4.89573601683799,0 -80.81686821699873,-4.895682543882288,0 -80.81877524772138,-4.895452725607417,0 -80.81877524772138,-4.895452725607417,0
						</coordinates>
					</LinearRing>
				</outerBoundaryIs>
			</Polygon>
		</Placemark>
		<Placemark>
			<name>31947</name>
			<visibility>0</visibility>
			<ExtendedData>
				<SchemaData schemaUrl="#S_BLOQUE_SOJO_Y_LAS_MARIPOSAS">
					<SimpleData name="AREA_HA">0.5152</SimpleData>
					<SimpleData name="NOM_LOC">SOJO</SimpleData>
					<SimpleData name="NOM_PRE">EL PRADO</SimpleData>
					<SimpleData name="NOM_BLO">SOJO Y LAS MARIPOSAS</SimpleData>
					<SimpleData name="CODCAT">31947</SimpleData>
					<SimpleData name="USUARIO">BURGOS PEÑA, TEODORO</SimpleData>
					<SimpleData name="AP_PAT_USU">BURGOS</SimpleData>
					<SimpleData name="AP_MAT_USU">PEÑA</SimpleData>
					<SimpleData name="NOM_USU">TEODORO</SimpleData>
					<SimpleData name="TIPODOC">DNI</SimpleData>
					<SimpleData name="NUM_DOC">03629180</SimpleData>
					<SimpleData name="DESC_LIC">G.R.PIURA-420010-DRA.P-AACH-S.ATDRCH</SimpleData>
					<SimpleData name="PAR_AR_BR">0.51</SimpleData>
					<SimpleData name="RES_ADM">518-2005-G.R.PIURA-420010-DRA.P-AACH-S.ATDRCH</SimpleData>
					<SimpleData name="TOMA">SOJO Y LAS MARIPOSAS</SimpleData>
				</SchemaData>
			</ExtendedData>
			<Polygon>
				<outerBoundaryIs>
					<LinearRing>
						<coordinates>
							-80.81884125029696,-4.895183877822342,0 -80.81878517741877,-4.895420974635465,0 -80.81877524772138,-4.895452725607417,0 -80.81686821699873,-4.895682543882288,0 -80.81684351642575,-4.895635404422571,0 -80.81681179119558,-4.895549000790822,0 -80.81679214896369,-4.895473818194233,0 -80.8177334408899,-4.895366505731998,0 -80.81875401461878,-4.895252970802879,0 -80.81884125029696,-4.895183877822342,0 -80.81884125029696,-4.895183877822342,0
						</coordinates>
					</LinearRing>
				</outerBoundaryIs>
			</Polygon>
		</Placemark>
		<Placemark>
			<name>31948</name>
			<visibility>0</visibility>
			<ExtendedData>
				<SchemaData schemaUrl="#S_BLOQUE_SOJO_Y_LAS_MARIPOSAS">
					<SimpleData name="AREA_HA">0.5417</SimpleData>
					<SimpleData name="NOM_LOC">SOJO</SimpleData>
					<SimpleData name="NOM_PRE">EL PRADO</SimpleData>
					<SimpleData name="NOM_BLO">SOJO Y LAS MARIPOSAS</SimpleData>
					<SimpleData name="CODCAT">31948</SimpleData>
					<SimpleData name="USUARIO">CHORRES ALBURQUEQUE, ZACARIAS</SimpleData>
					<SimpleData name="AP_PAT_USU">CHORRES</SimpleData>
					<SimpleData name="AP_MAT_USU">ALBURQUEQUE</SimpleData>
					<SimpleData name="NOM_USU">ZACARIAS</SimpleData>
					<SimpleData name="TIPODOC">DNI</SimpleData>
					<SimpleData name="NUM_DOC">03624230</SimpleData>
					<SimpleData name="DESC_LIC">G.R.PIURA-420010-DRA.P-AACH-S.ATDRCH</SimpleData>
					<SimpleData name="PAR_AR_BR">0.54</SimpleData>
					<SimpleData name="RES_ADM">518-2005-G.R.PIURA-420010-DRA.P-AACH-S.ATDRCH</SimpleData>
					<SimpleData name="TOMA">SOJO Y LAS MARIPOSAS</SimpleData>
				</SchemaData>
			</ExtendedData>
			<Polygon>
				<outerBoundaryIs>
					<LinearRing>
						<coordinates>
							-80.8188602307591,-4.895032985377523,0 -80.81884323673079,-4.895175645932652,0 -80.81884125029696,-4.895183877822342,0 -80.81875401461878,-4.895252970802879,0 -80.8177334408899,-4.895366505731998,0 -80.81679214896369,-4.895473818194233,0 -80.81677872379549,-4.895422339382741,0 -80.81675476962849,-4.895282020035858,0 -80.81675504093354,-4.895279306125582,0 -80.8167560384438,-4.895259132452489,0 -80.81882830125912,-4.895036324160733,0 -80.8188602307591,-4.895032985377523,0 -80.8188602307591,-4.895032985377523,0
						</coordinates>
					</LinearRing>
				</outerBoundaryIs>
			</Polygon>
		</Placemark>
		<Placemark>
			<name>31949</name>
			<visibility>0</visibility>
			<ExtendedData>
				<SchemaData schemaUrl="#S_BLOQUE_SOJO_Y_LAS_MARIPOSAS">
					<SimpleData name="AREA_HA">0.5407</SimpleData>
					<SimpleData name="NOM_LOC">SOJO</SimpleData>
					<SimpleData name="NOM_PRE">S/N</SimpleData>
					<SimpleData name="NOM_BLO">SOJO Y LAS MARIPOSAS</SimpleData>
					<SimpleData name="CODCAT">31949</SimpleData>
					<SimpleData name="USUARIO"></SimpleData>
					<SimpleData name="AP_PAT_USU"></SimpleData>
					<SimpleData name="AP_MAT_USU"></SimpleData>
					<SimpleData name="NOM_USU"></SimpleData>
					<SimpleData name="TIPODOC">SIN DATO</SimpleData>
					<SimpleData name="NUM_DOC"></SimpleData>
					<SimpleData name="DESC_LIC"></SimpleData>
					<SimpleData name="PAR_AR_BR">0.5407</SimpleData>
					<SimpleData name="RES_ADM"></SimpleData>
					<SimpleData name="TOMA">SOJO Y LAS MARIPOSAS</SimpleData>
				</SchemaData>
			</ExtendedData>
			<Polygon>
				<outerBoundaryIs>
					<LinearRing>
						<coordinates>
							-80.81887571080946,-4.894816956402075,0 -80.81887550740305,-4.894904346613542,0 -80.8188602307591,-4.895032985377523,0 -80.81882830125912,-4.895036324160733,0 -80.8167560384438,-4.895259132452489,0 -80.81676619424302,-4.895056219709741,0 -80.81839216728659,-4.894871831487451,0 -80.81887571080946,-4.894816956402075,0 -80.81887571080946,-4.894816956402075,0
						</coordinates>
					</LinearRing>
				</outerBoundaryIs>
			</Polygon>
		</Placemark>
		<Placemark>
			<name>31950</name>
			<visibility>0</visibility>
			<ExtendedData>
				<SchemaData schemaUrl="#S_BLOQUE_SOJO_Y_LAS_MARIPOSAS">
					<SimpleData name="AREA_HA">0.4469</SimpleData>
					<SimpleData name="NOM_LOC">SOJO</SimpleData>
					<SimpleData name="NOM_PRE">S/N</SimpleData>
					<SimpleData name="NOM_BLO">SOJO Y LAS MARIPOSAS</SimpleData>
					<SimpleData name="CODCAT">31950</SimpleData>
					<SimpleData name="USUARIO"></SimpleData>
					<SimpleData name="AP_PAT_USU"></SimpleData>
					<SimpleData name="AP_MAT_USU"></SimpleData>
					<SimpleData name="NOM_USU"></SimpleData>
					<SimpleData name="TIPODOC">SIN DATO</SimpleData>
					<SimpleData name="NUM_DOC"></SimpleData>
					<SimpleData name="DESC_LIC"></SimpleData>
					<SimpleData name="PAR_AR_BR">0.4469</SimpleData>
					<SimpleData name="RES_ADM"></SimpleData>
					<SimpleData name="TOMA">SOJO Y LAS MARIPOSAS</SimpleData>
				</SchemaData>
			</ExtendedData>
			<Polygon>
				<outerBoundaryIs>
					<LinearRing>
						<coordinates>
							-80.81887620569398,-4.894650227485961,0 -80.8188757111669,-4.894815599410456,0 -80.81887571080946,-4.894816956402075,0 -80.81839216728659,-4.894871831487451,0 -80.81676619424302,-4.895056219709741,0 -80.81676655685094,-4.895049344383214,0 -80.81676818434261,-4.895034327446699,0 -80.81677017354984,-4.895015782429177,0 -80.8167852733615,-4.89487529262089,0 -80.81885004873368,-4.894653115469973,0 -80.81887620569398,-4.894650227485961,0 -80.81887620569398,-4.894650227485961,0
						</coordinates>
					</LinearRing>
				</outerBoundaryIs>
			</Polygon>
		</Placemark>
		<Placemark>
			<name>31951</name>
			<visibility>0</visibility>
			<ExtendedData>
				<SchemaData schemaUrl="#S_BLOQUE_SOJO_Y_LAS_MARIPOSAS">
					<SimpleData name="AREA_HA">0.428</SimpleData>
					<SimpleData name="NOM_LOC">SOJO</SimpleData>
					<SimpleData name="NOM_PRE">EL PRADO</SimpleData>
					<SimpleData name="NOM_BLO">SOJO Y LAS MARIPOSAS</SimpleData>
					<SimpleData name="CODCAT">31951</SimpleData>
					<SimpleData name="USUARIO">CARRANZA ATOCHE, RAUL</SimpleData>
					<SimpleData name="AP_PAT_USU">CARRANZA</SimpleData>
					<SimpleData name="AP_MAT_USU">ATOCHE</SimpleData>
					<SimpleData name="NOM_USU">RAUL</SimpleData>
					<SimpleData name="TIPODOC">DNI</SimpleData>
					<SimpleData name="NUM_DOC">03674287</SimpleData>
					<SimpleData name="DESC_LIC">G.R.PIURA-420010-AACH-ATDRCH</SimpleData>
					<SimpleData name="PAR_AR_BR">0.3</SimpleData>
					<SimpleData name="RES_ADM">126-2006-G.R.PIURA-420010-AACH-ATDRCH</SimpleData>
					<SimpleData name="TOMA">SOJO Y LAS MARIPOSAS</SimpleData>
				</SchemaData>
			</ExtendedData>
			<Polygon>
				<outerBoundaryIs>
					<LinearRing>
						<coordinates>
							-80.81888643883464,-4.894493633354101,0 -80.81887631075624,-4.894593776658789,0 -80.81887620569398,-4.894650227485961,0 -80.81885004873368,-4.894653115469973,0 -80.8167852733615,-4.89487529262089,0 -80.81678545420721,-4.894873573813435,0 -80.81680812816805,-4.894741047051589,0 -80.8168259094564,-4.89469183825793,0 -80.81684737615453,-4.894689672825196,0 -80.81843527914543,-4.894533228286613,0 -80.8184356388456,-4.894537299357173,0 -80.81843906460841,-4.894543361496684,0 -80.81844609871918,-4.894547162941823,0 -80.81847081195528,-4.894546626709005,0 -80.81850580799734,-4.894543379222364,0 -80.8185857221351,-4.89453408242759,0 -80.81886848963219,-4.894496071183139,0 -80.81888643883464,-4.894493633354101,0 -80.81888643883464,-4.894493633354101,0
						</coordinates>
					</LinearRing>
				</outerBoundaryIs>
			</Polygon>
		</Placemark>
		<Placemark>
			<name>31952</name>
			<visibility>0</visibility>
			<ExtendedData>
				<SchemaData schemaUrl="#S_BLOQUE_SOJO_Y_LAS_MARIPOSAS">
					<SimpleData name="AREA_HA">0.3219</SimpleData>
					<SimpleData name="NOM_LOC">SOJO</SimpleData>
					<SimpleData name="NOM_PRE">EL PRADO</SimpleData>
					<SimpleData name="NOM_BLO">SOJO Y LAS MARIPOSAS</SimpleData>
					<SimpleData name="CODCAT">31952</SimpleData>
					<SimpleData name="USUARIO">CANOVA RENTERIA, SEBASTIAN</SimpleData>
					<SimpleData name="AP_PAT_USU">CANOVA</SimpleData>
					<SimpleData name="AP_MAT_USU">RENTERIA</SimpleData>
					<SimpleData name="NOM_USU">SEBASTIAN</SimpleData>
					<SimpleData name="TIPODOC">DNI</SimpleData>
					<SimpleData name="NUM_DOC">03665046</SimpleData>
					<SimpleData name="DESC_LIC">G.R.PIURA-420010-DRA.P-AACH-S.ATDRCH</SimpleData>
					<SimpleData name="PAR_AR_BR">0.32</SimpleData>
					<SimpleData name="RES_ADM">518-2005-G.R.PIURA-420010-DRA.P-AACH-S.ATDRCH</SimpleData>
					<SimpleData name="TOMA">SOJO Y LAS MARIPOSAS</SimpleData>
				</SchemaData>
			</ExtendedData>
			<Polygon>
				<outerBoundaryIs>
					<LinearRing>
						<coordinates>
							-80.81843527914543,-4.894533228286613,0 -80.81684737615453,-4.894689672825196,0 -80.8168259094564,-4.89469183825793,0 -80.81686553368436,-4.894582384892479,0 -80.81688854680436,-4.894530915845994,0 -80.81839978886259,-4.894358800194423,0 -80.81841891050958,-4.894356634087669,0 -80.81843527914543,-4.894533228286613,0 -80.81843527914543,-4.894533228286613,0
						</coordinates>
					</LinearRing>
				</outerBoundaryIs>
			</Polygon>
		</Placemark>
		<Placemark>
			<name>31954</name>
			<visibility>0</visibility>
			<ExtendedData>
				<SchemaData schemaUrl="#S_BLOQUE_SOJO_Y_LAS_MARIPOSAS">
					<SimpleData name="AREA_HA">0.317</SimpleData>
					<SimpleData name="NOM_LOC">SOJO</SimpleData>
					<SimpleData name="NOM_PRE">EL PRADO</SimpleData>
					<SimpleData name="NOM_BLO">SOJO Y LAS MARIPOSAS</SimpleData>
					<SimpleData name="CODCAT">31954</SimpleData>
					<SimpleData name="USUARIO">RENTERIA VDA. DE CORNEJO, ESTERFILIA</SimpleData>
					<SimpleData name="AP_PAT_USU">RENTERIA</SimpleData>
					<SimpleData name="AP_MAT_USU">VDA. DE CORNEJO</SimpleData>
					<SimpleData name="NOM_USU">ESTERFILIA</SimpleData>
					<SimpleData name="TIPODOC">DNI</SimpleData>
					<SimpleData name="NUM_DOC">03629218</SimpleData>
					<SimpleData name="DESC_LIC">G.R.PIURA-420010-AACH-ATDRCH</SimpleData>
					<SimpleData name="PAR_AR_BR">0.317</SimpleData>
					<SimpleData name="RES_ADM">126-2006-G.R.PIURA-420010-AACH-ATDRCH</SimpleData>
					<SimpleData name="TOMA">SOJO Y LAS MARIPOSAS</SimpleData>
				</SchemaData>
			</ExtendedData>
			<Polygon>
				<outerBoundaryIs>
					<LinearRing>
						<coordinates>
							-80.81841891050958,-4.894356634087669,0 -80.81839978886259,-4.894358800194423,0 -80.81688854680436,-4.894530915845994,0 -80.81696814516776,-4.894352628476845,0 -80.81701198074384,-4.894347302715055,0 -80.81840263197877,-4.894180401776104,0 -80.81841891050958,-4.894356634087669,0 -80.81841891050958,-4.894356634087669,0
						</coordinates>
					</LinearRing>
				</outerBoundaryIs>
			</Polygon>
		</Placemark>
		<Placemark>
			<name>31874</name>
			<visibility>0</visibility>
			<ExtendedData>
				<SchemaData schemaUrl="#S_BLOQUE_SOJO_Y_LAS_MARIPOSAS">
					<SimpleData name="AREA_HA">0.272</SimpleData>
					<SimpleData name="NOM_LOC">SOJO</SimpleData>
					<SimpleData name="NOM_PRE">EL PRADO</SimpleData>
					<SimpleData name="NOM_BLO">SOJO Y LAS MARIPOSAS</SimpleData>
					<SimpleData name="CODCAT">31874</SimpleData>
					<SimpleData name="USUARIO">SOSA CHANGANAQUE, SANTOS ALFONSO</SimpleData>
					<SimpleData name="AP_PAT_USU">SOSA</SimpleData>
					<SimpleData name="AP_MAT_USU">CHANGANAQUE</SimpleData>
					<SimpleData name="NOM_USU">SANTOS ALFONSO</SimpleData>
					<SimpleData name="TIPODOC">DNI</SimpleData>
					<SimpleData name="NUM_DOC">03630688</SimpleData>
					<SimpleData name="DESC_LIC">G.R.PIURA-420010-DRA.P-AACH-S.ATDRCH</SimpleData>
					<SimpleData name="PAR_AR_BR">0.27</SimpleData>
					<SimpleData name="RES_ADM">518-2005-G.R.PIURA-420010-DRA.P-AACH-S.ATDRCH</SimpleData>
					<SimpleData name="TOMA">SOJO Y LAS MARIPOSAS</SimpleData>
				</SchemaData>
			</ExtendedData>
			<Polygon>
				<outerBoundaryIs>
					<LinearRing>
						<coordinates>
							-80.81714088893239,-4.893927936348542,0 -80.81710334304795,-4.894023096646882,0 -80.81704440689798,-4.894172169015971,0 -80.81701173474472,-4.894254936755653,0 -80.81696814516776,-4.894352628476845,0 -80.81688854680436,-4.894530915845994,0 -80.81686553368436,-4.894582384892479,0 -80.8168259094564,-4.89469183825793,0 -80.81680812816805,-4.894741047051589,0 -80.81678545420721,-4.894873573813435,0 -80.8167852733615,-4.89487529262089,0 -80.81677017354984,-4.895015782429177,0 -80.81653398036175,-4.894924167358248,0 -80.81697928470994,-4.89384204075952,0 -80.81714088893239,-4.893927936348542,0 -80.81714088893239,-4.893927936348542,0
						</coordinates>
					</LinearRing>
				</outerBoundaryIs>
			</Polygon>
		</Placemark>
		<Placemark>
			<name>31985</name>
			<visibility>0</visibility>
			<ExtendedData>
				<SchemaData schemaUrl="#S_BLOQUE_SOJO_Y_LAS_MARIPOSAS">
					<SimpleData name="AREA_HA">0.3955</SimpleData>
					<SimpleData name="NOM_LOC">SOJO</SimpleData>
					<SimpleData name="NOM_PRE">EL PRADO</SimpleData>
					<SimpleData name="NOM_BLO">SOJO Y LAS MARIPOSAS</SimpleData>
					<SimpleData name="CODCAT">31985</SimpleData>
					<SimpleData name="USUARIO">CORNEJO CHORRES, CELSO</SimpleData>
					<SimpleData name="AP_PAT_USU">CORNEJO</SimpleData>
					<SimpleData name="AP_MAT_USU">CHORRES</SimpleData>
					<SimpleData name="NOM_USU">CELSO</SimpleData>
					<SimpleData name="TIPODOC">DNI</SimpleData>
					<SimpleData name="NUM_DOC">03630430</SimpleData>
					<SimpleData name="DESC_LIC">G.R.PIURA-420010-AACH-ATDRCH</SimpleData>
					<SimpleData name="PAR_AR_BR">0.39</SimpleData>
					<SimpleData name="RES_ADM">126-2006-G.R.PIURA-420010-AACH-ATDRCH</SimpleData>
					<SimpleData name="TOMA">SOJO Y LAS MARIPOSAS</SimpleData>
				</SchemaData>
			</ExtendedData>
			<Polygon>
				<outerBoundaryIs>
					<LinearRing>
						<coordinates>
							-80.82006829822403,-4.894301071685949,0 -80.81890774786056,-4.8947476678479,0 -80.81891526067501,-4.894646166858587,0 -80.81893677438661,-4.894465421261318,0 -80.81893967775989,-4.894400195961676,0 -80.81896159722315,-4.894391155155713,0 -80.81925710374088,-4.894270280154844,0 -80.81942579042163,-4.894177416030255,0 -80.81957760153009,-4.894120010126384,0 -80.81959888933555,-4.894112054725586,0 -80.81968032705198,-4.894139577910098,0 -80.81980721283782,-4.89420366137737,0 -80.8199226466253,-4.894257880997904,0 -80.81999849200668,-4.894286759663522,0 -80.82006829822403,-4.894301071685949,0 -80.82006829822403,-4.894301071685949,0
						</coordinates>
					</LinearRing>
				</outerBoundaryIs>
			</Polygon>
		</Placemark>
		<Placemark>
			<name>31986</name>
			<visibility>0</visibility>
			<ExtendedData>
				<SchemaData schemaUrl="#S_BLOQUE_SOJO_Y_LAS_MARIPOSAS">
					<SimpleData name="AREA_HA">0.366</SimpleData>
					<SimpleData name="NOM_LOC">SOJO</SimpleData>
					<SimpleData name="NOM_PRE">EL PRADO</SimpleData>
					<SimpleData name="NOM_BLO">SOJO Y LAS MARIPOSAS</SimpleData>
					<SimpleData name="CODCAT">31986</SimpleData>
					<SimpleData name="USUARIO">CORNEJO CHORRES, CELSO</SimpleData>
					<SimpleData name="AP_PAT_USU">CORNEJO</SimpleData>
					<SimpleData name="AP_MAT_USU">CHORRES</SimpleData>
					<SimpleData name="NOM_USU">CELSO</SimpleData>
					<SimpleData name="TIPODOC">DNI</SimpleData>
					<SimpleData name="NUM_DOC">03630430</SimpleData>
					<SimpleData name="DESC_LIC">G.R.PIURA-420010-AACH-ATDRCH</SimpleData>
					<SimpleData name="PAR_AR_BR">0.36</SimpleData>
					<SimpleData name="RES_ADM">126-2006-G.R.PIURA-420010-AACH-ATDRCH</SimpleData>
					<SimpleData name="TOMA">SOJO Y LAS MARIPOSAS</SimpleData>
				</SchemaData>
			</ExtendedData>
			<Polygon>
				<outerBoundaryIs>
					<LinearRing>
						<coordinates>
							-80.82077323728164,-4.894013665032593,0 -80.82010365772108,-4.894287511072896,0 -80.81992951589149,-4.894202336609455,0 -80.81972849452981,-4.894124211372375,0 -80.81964389910783,-4.894100215539334,0 -80.81966491673408,-4.894090722141067,0 -80.81992975686133,-4.89397092433657,0 -80.82015842040782,-4.893884860772695,0 -80.82036471917334,-4.89378612599592,0 -80.82039096879291,-4.89377364856643,0 -80.82039250196731,-4.893774101299762,0 -80.82046104611507,-4.893785789430685,0 -80.82055845002472,-4.893805988944506,0 -80.8206655897409,-4.893845822146822,0 -80.82071970137909,-4.893863386764544,0 -80.82072150508783,-4.893864020500307,0 -80.82072907572328,-4.893885643889067,0 -80.82077332761675,-4.894013122259507,0 -80.82077323728164,-4.894013665032593,0 -80.82077323728164,-4.894013665032593,0
						</coordinates>
					</LinearRing>
				</outerBoundaryIs>
			</Polygon>
		</Placemark>
		<Placemark>
			<name>31983</name>
			<visibility>0</visibility>
			<ExtendedData>
				<SchemaData schemaUrl="#S_BLOQUE_SOJO_Y_LAS_MARIPOSAS">
					<SimpleData name="AREA_HA">0.2849</SimpleData>
					<SimpleData name="NOM_LOC">SOJO</SimpleData>
					<SimpleData name="NOM_PRE">EL PRADO</SimpleData>
					<SimpleData name="NOM_BLO">SOJO Y LAS MARIPOSAS</SimpleData>
					<SimpleData name="CODCAT">31983</SimpleData>
					<SimpleData name="USUARIO">CHAPILLIQUEN RIOFRIO, PEDRO</SimpleData>
					<SimpleData name="AP_PAT_USU">CHAPILLIQUEN</SimpleData>
					<SimpleData name="AP_MAT_USU">RIOFRIO</SimpleData>
					<SimpleData name="NOM_USU">PEDRO</SimpleData>
					<SimpleData name="TIPODOC">DNI</SimpleData>
					<SimpleData name="NUM_DOC">03629819</SimpleData>
					<SimpleData name="DESC_LIC">G.R.PIURA-420010-DRA.P-AACH-S.ATDRCH</SimpleData>
					<SimpleData name="PAR_AR_BR">0.2849</SimpleData>
					<SimpleData name="RES_ADM">518-2005-G.R.PIURA-420010-DRA.P-AACH-S.ATDRCH</SimpleData>
					<SimpleData name="TOMA">SOJO Y LAS MARIPOSAS</SimpleData>
				</SchemaData>
			</ExtendedData>
			<Polygon>
				<outerBoundaryIs>
					<LinearRing>
						<coordinates>
							-80.82039096879291,-4.89377364856643,0 -80.82036471917334,-4.89378612599592,0 -80.82015842040782,-4.893884860772695,0 -80.81992975686133,-4.89397092433657,0 -80.81966491673408,-4.894090722141067,0 -80.81964389910783,-4.894100215539334,0 -80.81959095931226,-4.894085274661819,0 -80.81943548133506,-4.894024349918169,0 -80.81934051708353,-4.893987324187967,0 -80.81989909479636,-4.8936119466915,0 -80.81992408284262,-4.893595126574162,0 -80.81994960433038,-4.893607798552049,0 -80.82005177994068,-4.893660567198661,0 -80.82015909752876,-4.893709809003815,0 -80.82030411906594,-4.893747661970456,0 -80.82039096879291,-4.89377364856643,0 -80.82039096879291,-4.89377364856643,0
						</coordinates>
					</LinearRing>
				</outerBoundaryIs>
			</Polygon>
		</Placemark>
		<Placemark>
			<name>31984</name>
			<visibility>0</visibility>
			<ExtendedData>
				<SchemaData schemaUrl="#S_BLOQUE_SOJO_Y_LAS_MARIPOSAS">
					<SimpleData name="AREA_HA">0.1192</SimpleData>
					<SimpleData name="NOM_LOC">SOJO</SimpleData>
					<SimpleData name="NOM_PRE">EL PRADO</SimpleData>
					<SimpleData name="NOM_BLO">SOJO Y LAS MARIPOSAS</SimpleData>
					<SimpleData name="CODCAT">31984</SimpleData>
					<SimpleData name="USUARIO">CHAPILLIQUEN RIOFRIO, PEDRO</SimpleData>
					<SimpleData name="AP_PAT_USU">CHAPILLIQUEN</SimpleData>
					<SimpleData name="AP_MAT_USU">RIOFRIO</SimpleData>
					<SimpleData name="NOM_USU">PEDRO</SimpleData>
					<SimpleData name="TIPODOC">DNI</SimpleData>
					<SimpleData name="NUM_DOC">03629819</SimpleData>
					<SimpleData name="DESC_LIC">G.R.PIURA-420010-DRA.P-AACH-S.ATDRCH</SimpleData>
					<SimpleData name="PAR_AR_BR">0.11</SimpleData>
					<SimpleData name="RES_ADM">518-2005-G.R.PIURA-420010-DRA.P-AACH-S.ATDRCH</SimpleData>
					<SimpleData name="TOMA">SOJO Y LAS MARIPOSAS</SimpleData>
				</SchemaData>
			</ExtendedData>
			<Polygon>
				<outerBoundaryIs>
					<LinearRing>
						<coordinates>
							-80.81959888933555,-4.894112054725586,0 -80.81957760153009,-4.894120010126384,0 -80.81942579042163,-4.894177416030255,0 -80.81925710374088,-4.894270280154844,0 -80.81896159722315,-4.894391155155713,0 -80.81893967775989,-4.894400195961676,0 -80.81894394137416,-4.894307107458751,0 -80.81894728613999,-4.894278249653945,0 -80.8189823782181,-4.894252747502835,0 -80.81932337555165,-4.894005322415495,0 -80.8193823559605,-4.894029221055343,0 -80.81953864527347,-4.8940916839494,0 -80.81959888933555,-4.894112054725586,0 -80.81959888933555,-4.894112054725586,0
						</coordinates>
					</LinearRing>
				</outerBoundaryIs>
			</Polygon>
		</Placemark>
		<Placemark>
			<name>31953</name>
			<visibility>0</visibility>
			<ExtendedData>
				<SchemaData schemaUrl="#S_BLOQUE_SOJO_Y_LAS_MARIPOSAS">
					<SimpleData name="AREA_HA">0.0873</SimpleData>
					<SimpleData name="NOM_LOC">SOJO</SimpleData>
					<SimpleData name="NOM_PRE">EL PRADO</SimpleData>
					<SimpleData name="NOM_BLO">SOJO Y LAS MARIPOSAS</SimpleData>
					<SimpleData name="CODCAT">31953</SimpleData>
					<SimpleData name="USUARIO">CANOVA RENTERIA, SEBASTIAN</SimpleData>
					<SimpleData name="AP_PAT_USU">CANOVA</SimpleData>
					<SimpleData name="AP_MAT_USU">RENTERIA</SimpleData>
					<SimpleData name="NOM_USU">SEBASTIAN</SimpleData>
					<SimpleData name="TIPODOC">DNI</SimpleData>
					<SimpleData name="NUM_DOC">03665046</SimpleData>
					<SimpleData name="DESC_LIC">G.R.PIURA-420010-DRA.P-AACH-S.ATDRCH</SimpleData>
					<SimpleData name="PAR_AR_BR">0.087</SimpleData>
					<SimpleData name="RES_ADM">518-2005-G.R.PIURA-420010-DRA.P-AACH-S.ATDRCH</SimpleData>
					<SimpleData name="TOMA">SOJO Y LAS MARIPOSAS</SimpleData>
				</SchemaData>
			</ExtendedData>
			<Polygon>
				<outerBoundaryIs>
					<LinearRing>
						<coordinates>
							-80.8189063325144,-4.894299769741217,0 -80.81888987494149,-4.894460433200574,0 -80.81852971846592,-4.894508827515969,0 -80.81850527454702,-4.894514158526482,0 -80.81847785449617,-4.894518493618487,0 -80.81846658070538,-4.894516862234379,0 -80.81846441803725,-4.894509352972706,0 -80.81846189805709,-4.894488726029853,0 -80.81844930565788,-4.894357184958098,0 -80.8189063325144,-4.894299769741217,0 -80.8189063325144,-4.894299769741217,0
						</coordinates>
					</LinearRing>
				</outerBoundaryIs>
			</Polygon>
		</Placemark>
		<Placemark>
			<name>31955</name>
			<visibility>0</visibility>
			<ExtendedData>
				<SchemaData schemaUrl="#S_BLOQUE_SOJO_Y_LAS_MARIPOSAS">
					<SimpleData name="AREA_HA">0.1053</SimpleData>
					<SimpleData name="NOM_LOC">SOJO</SimpleData>
					<SimpleData name="NOM_PRE">EL PRADO</SimpleData>
					<SimpleData name="NOM_BLO">SOJO Y LAS MARIPOSAS</SimpleData>
					<SimpleData name="CODCAT">31955</SimpleData>
					<SimpleData name="USUARIO">RENTERIA VDA. DE CORNEJO, ESTERFILIA</SimpleData>
					<SimpleData name="AP_PAT_USU">RENTERIA</SimpleData>
					<SimpleData name="AP_MAT_USU">VDA. DE CORNEJO</SimpleData>
					<SimpleData name="NOM_USU">ESTERFILIA</SimpleData>
					<SimpleData name="TIPODOC">DNI</SimpleData>
					<SimpleData name="NUM_DOC">03629218</SimpleData>
					<SimpleData name="DESC_LIC">G.R.PIURA-420010-AACH-ATDRCH</SimpleData>
					<SimpleData name="PAR_AR_BR">0.1053</SimpleData>
					<SimpleData name="RES_ADM">126-2006-G.R.PIURA-420010-AACH-ATDRCH</SimpleData>
					<SimpleData name="TOMA">SOJO Y LAS MARIPOSAS</SimpleData>
				</SchemaData>
			</ExtendedData>
			<Polygon>
				<outerBoundaryIs>
					<LinearRing>
						<coordinates>
							-80.81892243437662,-4.894119836903608,0 -80.81890687512995,-4.894294251451972,0 -80.8189063325144,-4.894299769741217,0 -80.81844930565788,-4.894357184958098,0 -80.81843203591968,-4.894177424205275,0 -80.81889663842641,-4.89412191079083,0 -80.81892243437662,-4.894119836903608,0 -80.81892243437662,-4.894119836903608,0
						</coordinates>
					</LinearRing>
				</outerBoundaryIs>
			</Polygon>
		</Placemark>
		<Placemark>
			<name>31957</name>
			<visibility>0</visibility>
			<ExtendedData>
				<SchemaData schemaUrl="#S_BLOQUE_SOJO_Y_LAS_MARIPOSAS">
					<SimpleData name="AREA_HA">0.1304</SimpleData>
					<SimpleData name="NOM_LOC">SOJO</SimpleData>
					<SimpleData name="NOM_PRE">EL PRADO</SimpleData>
					<SimpleData name="NOM_BLO">SOJO Y LAS MARIPOSAS</SimpleData>
					<SimpleData name="CODCAT">31957</SimpleData>
					<SimpleData name="USUARIO">FLORES DE SOSA, SANTOS</SimpleData>
					<SimpleData name="AP_PAT_USU">FLORES</SimpleData>
					<SimpleData name="AP_MAT_USU">DE SOSA</SimpleData>
					<SimpleData name="NOM_USU">SANTOS</SimpleData>
					<SimpleData name="TIPODOC">DNI</SimpleData>
					<SimpleData name="NUM_DOC">03630213</SimpleData>
					<SimpleData name="DESC_LIC">G.R.PIURA-420010-AACH-ATDRCH</SimpleData>
					<SimpleData name="PAR_AR_BR">0.1304</SimpleData>
					<SimpleData name="RES_ADM">126-2006-G.R.PIURA-420010-AACH-ATDRCH</SimpleData>
					<SimpleData name="TOMA">SOJO Y LAS MARIPOSAS</SimpleData>
				</SchemaData>
			</ExtendedData>
			<Polygon>
				<outerBoundaryIs>
					<LinearRing>
						<coordinates>
							-80.81902756551821,-4.893909078692104,0 -80.81897342404251,-4.89400504890702,0 -80.81892243437662,-4.894119836903608,0 -80.81889663842641,-4.89412191079083,0 -80.81843203591968,-4.894177424205275,0 -80.81841413672008,-4.893990516461293,0 -80.81902756551821,-4.893909078692104,0 -80.81902756551821,-4.893909078692104,0
						</coordinates>
					</LinearRing>
				</outerBoundaryIs>
			</Polygon>
		</Placemark>
		<Placemark>
			<name>31959</name>
			<visibility>0</visibility>
			<ExtendedData>
				<SchemaData schemaUrl="#S_BLOQUE_SOJO_Y_LAS_MARIPOSAS">
					<SimpleData name="AREA_HA">0.106</SimpleData>
					<SimpleData name="NOM_LOC">SOJO</SimpleData>
					<SimpleData name="NOM_PRE">EL PRADO</SimpleData>
					<SimpleData name="NOM_BLO">SOJO Y LAS MARIPOSAS</SimpleData>
					<SimpleData name="CODCAT">31959</SimpleData>
					<SimpleData name="USUARIO">RUIZ LOPEZ, FRANCISCO</SimpleData>
					<SimpleData name="AP_PAT_USU">RUIZ</SimpleData>
					<SimpleData name="AP_MAT_USU">LOPEZ</SimpleData>
					<SimpleData name="NOM_USU">FRANCISCO</SimpleData>
					<SimpleData name="TIPODOC">DNI</SimpleData>
					<SimpleData name="NUM_DOC">03862562</SimpleData>
					<SimpleData name="DESC_LIC">G.R.PIURA-420010-DRA.P-AACH-S.ATDRCH</SimpleData>
					<SimpleData name="PAR_AR_BR">0.1</SimpleData>
					<SimpleData name="RES_ADM">518-2005-G.R.PIURA-420010-DRA.P-AACH-S.ATDRCH</SimpleData>
					<SimpleData name="TOMA">SOJO Y LAS MARIPOSAS</SimpleData>
				</SchemaData>
			</ExtendedData>
			<Polygon>
				<outerBoundaryIs>
					<LinearRing>
						<coordinates>
							-80.81904254464412,-4.893882576084955,0 -80.81902756551821,-4.893909078692104,0 -80.81841413672008,-4.893990516461293,0 -80.81840019489447,-4.893845857442449,0 -80.81892613320363,-4.893773895456119,0 -80.81901864722205,-4.893867733315962,0 -80.81904254464412,-4.893882576084955,0 -80.81904254464412,-4.893882576084955,0
						</coordinates>
					</LinearRing>
				</outerBoundaryIs>
			</Polygon>
		</Placemark>
		<Placemark>
			<name>31961</name>
			<visibility>0</visibility>
			<ExtendedData>
				<SchemaData schemaUrl="#S_BLOQUE_SOJO_Y_LAS_MARIPOSAS">
					<SimpleData name="AREA_HA">0.1141</SimpleData>
					<SimpleData name="NOM_LOC">SOJO</SimpleData>
					<SimpleData name="NOM_PRE">EL PRADO</SimpleData>
					<SimpleData name="NOM_BLO">SOJO Y LAS MARIPOSAS</SimpleData>
					<SimpleData name="CODCAT">31961</SimpleData>
					<SimpleData name="USUARIO">CRUZ ATOCHA, FRANCISCO</SimpleData>
					<SimpleData name="AP_PAT_USU">CRUZ</SimpleData>
					<SimpleData name="AP_MAT_USU">ATOCHA</SimpleData>
					<SimpleData name="NOM_USU">FRANCISCO</SimpleData>
					<SimpleData name="TIPODOC">DNI</SimpleData>
					<SimpleData name="NUM_DOC">03629774</SimpleData>
					<SimpleData name="DESC_LIC">G.R.PIURA-420010-AACH-ATDRCH</SimpleData>
					<SimpleData name="PAR_AR_BR">0.1141</SimpleData>
					<SimpleData name="RES_ADM">126-2006-G.R.PIURA-420010-AACH-ATDRCH</SimpleData>
					<SimpleData name="TOMA">SOJO Y LAS MARIPOSAS</SimpleData>
				</SchemaData>
			</ExtendedData>
			<Polygon>
				<outerBoundaryIs>
					<LinearRing>
						<coordinates>
							-80.81892613320363,-4.893773895456119,0 -80.81840019489447,-4.893845857442449,0 -80.81838112641672,-4.893646736460367,0 -80.81874525429461,-4.893585678003516,0 -80.81885679278565,-4.89370358491485,0 -80.81892613320363,-4.893773895456119,0 -80.81892613320363,-4.893773895456119,0
						</coordinates>
					</LinearRing>
				</outerBoundaryIs>
			</Polygon>
		</Placemark>
		<Placemark>
			<name>31964</name>
			<visibility>0</visibility>
			<ExtendedData>
				<SchemaData schemaUrl="#S_BLOQUE_SOJO_Y_LAS_MARIPOSAS">
					<SimpleData name="AREA_HA">0.0661</SimpleData>
					<SimpleData name="NOM_LOC">SOJO</SimpleData>
					<SimpleData name="NOM_PRE">S/N</SimpleData>
					<SimpleData name="NOM_BLO">SOJO Y LAS MARIPOSAS</SimpleData>
					<SimpleData name="CODCAT">31964</SimpleData>
					<SimpleData name="USUARIO"></SimpleData>
					<SimpleData name="AP_PAT_USU"></SimpleData>
					<SimpleData name="AP_MAT_USU"></SimpleData>
					<SimpleData name="NOM_USU"></SimpleData>
					<SimpleData name="TIPODOC">SIN DATO</SimpleData>
					<SimpleData name="NUM_DOC"></SimpleData>
					<SimpleData name="DESC_LIC"></SimpleData>
					<SimpleData name="PAR_AR_BR">0.0661</SimpleData>
					<SimpleData name="RES_ADM"></SimpleData>
					<SimpleData name="TOMA">SOJO Y LAS MARIPOSAS</SimpleData>
				</SchemaData>
			</ExtendedData>
			<Polygon>
				<outerBoundaryIs>
					<LinearRing>
						<coordinates>
							-80.81874525429461,-4.893585678003516,0 -80.81838112641672,-4.893646736460367,0 -80.81836430640979,-4.893471770526904,0 -80.81859809933358,-4.893429946789071,0 -80.81874525429461,-4.893585678003516,0 -80.81874525429461,-4.893585678003516,0
						</coordinates>
					</LinearRing>
				</outerBoundaryIs>
			</Polygon>
		</Placemark>
		<Placemark>
			<name>31967</name>
			<visibility>0</visibility>
			<ExtendedData>
				<SchemaData schemaUrl="#S_BLOQUE_SOJO_Y_LAS_MARIPOSAS">
					<SimpleData name="AREA_HA">0.0286</SimpleData>
					<SimpleData name="NOM_LOC">SOJO</SimpleData>
					<SimpleData name="NOM_PRE">EL PRADO</SimpleData>
					<SimpleData name="NOM_BLO">SOJO Y LAS MARIPOSAS</SimpleData>
					<SimpleData name="CODCAT">31967</SimpleData>
					<SimpleData name="USUARIO">REYES CHIROQUE, JOSE MERCEDES</SimpleData>
					<SimpleData name="AP_PAT_USU">REYES</SimpleData>
					<SimpleData name="AP_MAT_USU">CHIROQUE</SimpleData>
					<SimpleData name="NOM_USU">JOSE MERCEDES</SimpleData>
					<SimpleData name="TIPODOC">CODIGO PROFODUA</SimpleData>
					<SimpleData name="NUM_DOC">000000000414</SimpleData>
					<SimpleData name="DESC_LIC">G.R.PIURA-420010-AACH-ATDRCH</SimpleData>
					<SimpleData name="PAR_AR_BR">0.028</SimpleData>
					<SimpleData name="RES_ADM">126-2006-G.R.PIURA-420010-AACH-ATDRCH</SimpleData>
					<SimpleData name="TOMA">SOJO Y LAS MARIPOSAS</SimpleData>
				</SchemaData>
			</ExtendedData>
			<Polygon>
				<outerBoundaryIs>
					<LinearRing>
						<coordinates>
							-80.81859809933358,-4.893429946789071,0 -80.81836430640979,-4.893471770526904,0 -80.81835297323974,-4.893353528304212,0 -80.81850053764732,-4.893324527871577,0 -80.81857213080126,-4.89340252866532,0 -80.81859809933358,-4.893429946789071,0 -80.81859809933358,-4.893429946789071,0
						</coordinates>
					</LinearRing>
				</outerBoundaryIs>
			</Polygon>
		</Placemark>
		<Placemark>
			<name>31956</name>
			<visibility>0</visibility>
			<ExtendedData>
				<SchemaData schemaUrl="#S_BLOQUE_SOJO_Y_LAS_MARIPOSAS">
					<SimpleData name="AREA_HA">0.3067</SimpleData>
					<SimpleData name="NOM_LOC">SOJO</SimpleData>
					<SimpleData name="NOM_PRE">EL PRADO</SimpleData>
					<SimpleData name="NOM_BLO">SOJO Y LAS MARIPOSAS</SimpleData>
					<SimpleData name="CODCAT">31956</SimpleData>
					<SimpleData name="USUARIO">FLORES DE SOSA, SANTOS</SimpleData>
					<SimpleData name="AP_PAT_USU">FLORES</SimpleData>
					<SimpleData name="AP_MAT_USU">DE SOSA</SimpleData>
					<SimpleData name="NOM_USU">SANTOS</SimpleData>
					<SimpleData name="TIPODOC">DNI</SimpleData>
					<SimpleData name="NUM_DOC">03630213</SimpleData>
					<SimpleData name="DESC_LIC">G.R.PIURA-420010-AACH-ATDRCH</SimpleData>
					<SimpleData name="PAR_AR_BR">0.2396</SimpleData>
					<SimpleData name="RES_ADM">126-2006-G.R.PIURA-420010-AACH-ATDRCH</SimpleData>
					<SimpleData name="TOMA">SOJO Y LAS MARIPOSAS</SimpleData>
				</SchemaData>
			</ExtendedData>
			<Polygon>
				<outerBoundaryIs>
					<LinearRing>
						<coordinates>
							-80.81840263197877,-4.894180401776104,0 -80.81701198074384,-4.894347302715055,0 -80.81696814516776,-4.894352628476845,0 -80.81701173474472,-4.894254936755653,0 -80.81704440689798,-4.894172169015971,0 -80.81838545412185,-4.893994308418281,0 -80.81840263197877,-4.894180401776104,0 -80.81840263197877,-4.894180401776104,0
						</coordinates>
					</LinearRing>
				</outerBoundaryIs>
			</Polygon>
		</Placemark>
		<Placemark>
			<name>31958</name>
			<visibility>0</visibility>
			<ExtendedData>
				<SchemaData schemaUrl="#S_BLOQUE_SOJO_Y_LAS_MARIPOSAS">
					<SimpleData name="AREA_HA">0.231</SimpleData>
					<SimpleData name="NOM_LOC">SOJO</SimpleData>
					<SimpleData name="NOM_PRE">EL PRADO</SimpleData>
					<SimpleData name="NOM_BLO">SOJO Y LAS MARIPOSAS</SimpleData>
					<SimpleData name="CODCAT">31958</SimpleData>
					<SimpleData name="USUARIO">RUIZ LOPEZ, FRANCISCO</SimpleData>
					<SimpleData name="AP_PAT_USU">RUIZ</SimpleData>
					<SimpleData name="AP_MAT_USU">LOPEZ</SimpleData>
					<SimpleData name="NOM_USU">FRANCISCO</SimpleData>
					<SimpleData name="TIPODOC">DNI</SimpleData>
					<SimpleData name="NUM_DOC">03862562</SimpleData>
					<SimpleData name="DESC_LIC">G.R.PIURA-420010-DRA.P-AACH-S.ATDRCH</SimpleData>
					<SimpleData name="PAR_AR_BR">0.23</SimpleData>
					<SimpleData name="RES_ADM">518-2005-G.R.PIURA-420010-DRA.P-AACH-S.ATDRCH</SimpleData>
					<SimpleData name="TOMA">SOJO Y LAS MARIPOSAS</SimpleData>
				</SchemaData>
			</ExtendedData>
			<Polygon>
				<outerBoundaryIs>
					<LinearRing>
						<coordinates>
							-80.81838545412185,-4.893994308418281,0 -80.81704440689798,-4.894172169015971,0 -80.81710334304795,-4.894023096646882,0 -80.81837205344054,-4.893849740008958,0 -80.81838545412185,-4.893994308418281,0 -80.81838545412185,-4.893994308418281,0
						</coordinates>
					</LinearRing>
				</outerBoundaryIs>
			</Polygon>
		</Placemark>
		<Placemark>
			<name>31960</name>
			<visibility>0</visibility>
			<ExtendedData>
				<SchemaData schemaUrl="#S_BLOQUE_SOJO_Y_LAS_MARIPOSAS">
					<SimpleData name="AREA_HA">0.2751</SimpleData>
					<SimpleData name="NOM_LOC">SOJO</SimpleData>
					<SimpleData name="NOM_PRE">EL PRADO</SimpleData>
					<SimpleData name="NOM_BLO">SOJO Y LAS MARIPOSAS</SimpleData>
					<SimpleData name="CODCAT">31960</SimpleData>
					<SimpleData name="USUARIO">CRUZ ATOCHA, FRANCISCO</SimpleData>
					<SimpleData name="AP_PAT_USU">CRUZ</SimpleData>
					<SimpleData name="AP_MAT_USU">ATOCHA</SimpleData>
					<SimpleData name="NOM_USU">FRANCISCO</SimpleData>
					<SimpleData name="TIPODOC">DNI</SimpleData>
					<SimpleData name="NUM_DOC">03629774</SimpleData>
					<SimpleData name="DESC_LIC">G.R.PIURA-420010-AACH-ATDRCH</SimpleData>
					<SimpleData name="PAR_AR_BR">0.2751</SimpleData>
					<SimpleData name="RES_ADM">126-2006-G.R.PIURA-420010-AACH-ATDRCH</SimpleData>
					<SimpleData name="TOMA">SOJO Y LAS MARIPOSAS</SimpleData>
				</SchemaData>
			</ExtendedData>
			<Polygon>
				<outerBoundaryIs>
					<LinearRing>
						<coordinates>
							-80.81837205344054,-4.893849740008958,0 -80.81710334304795,-4.894023096646882,0 -80.81714088893239,-4.893927936348542,0 -80.81714756773916,-4.893911111439415,0 -80.81717193643613,-4.893849420073,0 -80.8171980937546,-4.893845084696002,0 -80.81835379654663,-4.893651252504865,0 -80.81837205344054,-4.893849740008958,0 -80.81837205344054,-4.893849740008958,0
						</coordinates>
					</LinearRing>
				</outerBoundaryIs>
			</Polygon>
		</Placemark>
		<Placemark>
			<name>31963</name>
			<visibility>0</visibility>
			<ExtendedData>
				<SchemaData schemaUrl="#S_BLOQUE_SOJO_Y_LAS_MARIPOSAS">
					<SimpleData name="AREA_HA">0.2406</SimpleData>
					<SimpleData name="NOM_LOC">SOJO</SimpleData>
					<SimpleData name="NOM_PRE">S/N</SimpleData>
					<SimpleData name="NOM_BLO">SOJO Y LAS MARIPOSAS</SimpleData>
					<SimpleData name="CODCAT">31963</SimpleData>
					<SimpleData name="USUARIO"></SimpleData>
					<SimpleData name="AP_PAT_USU"></SimpleData>
					<SimpleData name="AP_MAT_USU"></SimpleData>
					<SimpleData name="NOM_USU"></SimpleData>
					<SimpleData name="TIPODOC">SIN DATO</SimpleData>
					<SimpleData name="NUM_DOC"></SimpleData>
					<SimpleData name="DESC_LIC"></SimpleData>
					<SimpleData name="PAR_AR_BR">0.2406</SimpleData>
					<SimpleData name="RES_ADM"></SimpleData>
					<SimpleData name="TOMA">SOJO Y LAS MARIPOSAS</SimpleData>
				</SchemaData>
			</ExtendedData>
			<Polygon>
				<outerBoundaryIs>
					<LinearRing>
						<coordinates>
							-80.81835379654663,-4.893651252504865,0 -80.8171980937546,-4.893845084696002,0 -80.81717193643613,-4.893849420073,0 -80.81719278521881,-4.89379659344261,0 -80.81723511869768,-4.8936737517887,0 -80.817253248486,-4.893670499856078,0 -80.81833760783049,-4.893476558137113,0 -80.81835379654663,-4.893651252504865,0 -80.81835379654663,-4.893651252504865,0
						</coordinates>
					</LinearRing>
				</outerBoundaryIs>
			</Polygon>
		</Placemark>
		<Placemark>
			<name>31966</name>
			<visibility>0</visibility>
			<ExtendedData>
				<SchemaData schemaUrl="#S_BLOQUE_SOJO_Y_LAS_MARIPOSAS">
					<SimpleData name="AREA_HA">0.1907</SimpleData>
					<SimpleData name="NOM_LOC">SOJO</SimpleData>
					<SimpleData name="NOM_PRE">EL PRADO</SimpleData>
					<SimpleData name="NOM_BLO">SOJO Y LAS MARIPOSAS</SimpleData>
					<SimpleData name="CODCAT">31966</SimpleData>
					<SimpleData name="USUARIO">REYES CHIROQUE, JOSE MERCEDES</SimpleData>
					<SimpleData name="AP_PAT_USU">REYES</SimpleData>
					<SimpleData name="AP_MAT_USU">CHIROQUE</SimpleData>
					<SimpleData name="NOM_USU">JOSE MERCEDES</SimpleData>
					<SimpleData name="TIPODOC">CODIGO PROFODUA</SimpleData>
					<SimpleData name="NUM_DOC">000000000414</SimpleData>
					<SimpleData name="DESC_LIC">G.R.PIURA-420010-AACH-ATDRCH</SimpleData>
					<SimpleData name="PAR_AR_BR">0.19</SimpleData>
					<SimpleData name="RES_ADM">126-2006-G.R.PIURA-420010-AACH-ATDRCH</SimpleData>
					<SimpleData name="TOMA">SOJO Y LAS MARIPOSAS</SimpleData>
				</SchemaData>
			</ExtendedData>
			<Polygon>
				<outerBoundaryIs>
					<LinearRing>
						<coordinates>
							-80.81833760783049,-4.893476558137113,0 -80.817253248486,-4.893670499856078,0 -80.81723511869768,-4.8936737517887,0 -80.81728729078915,-4.89352259686896,0 -80.81832177203384,-4.893331627213851,0 -80.81832636562332,-4.893355421022654,0 -80.81832645569746,-4.893355873377148,0 -80.81833760783049,-4.893476558137113,0 -80.81833760783049,-4.893476558137113,0
						</coordinates>
					</LinearRing>
				</outerBoundaryIs>
			</Polygon>
		</Placemark>
		<Placemark>
			<name>31875</name>
			<visibility>0</visibility>
			<ExtendedData>
				<SchemaData schemaUrl="#S_BLOQUE_SOJO_Y_LAS_MARIPOSAS">
					<SimpleData name="AREA_HA">0.0918</SimpleData>
					<SimpleData name="NOM_LOC">SOJO</SimpleData>
					<SimpleData name="NOM_PRE">EL PRADO</SimpleData>
					<SimpleData name="NOM_BLO">SOJO Y LAS MARIPOSAS</SimpleData>
					<SimpleData name="CODCAT">31875</SimpleData>
					<SimpleData name="USUARIO">SOSA CHANGANAQUE, SANTOS ALFONSO</SimpleData>
					<SimpleData name="AP_PAT_USU">SOSA</SimpleData>
					<SimpleData name="AP_MAT_USU">CHANGANAQUE</SimpleData>
					<SimpleData name="NOM_USU">SANTOS ALFONSO</SimpleData>
					<SimpleData name="TIPODOC">DNI</SimpleData>
					<SimpleData name="NUM_DOC">03630688</SimpleData>
					<SimpleData name="DESC_LIC">G.R.PIURA-420010-DRA.P-AACH-S.ATDRCH</SimpleData>
					<SimpleData name="PAR_AR_BR">0.091</SimpleData>
					<SimpleData name="RES_ADM">518-2005-G.R.PIURA-420010-DRA.P-AACH-S.ATDRCH</SimpleData>
					<SimpleData name="TOMA">SOJO Y LAS MARIPOSAS</SimpleData>
				</SchemaData>
			</ExtendedData>
			<Polygon>
				<outerBoundaryIs>
					<LinearRing>
						<coordinates>
							-80.81729496313581,-4.893500434723002,0 -80.81728729078915,-4.89352259686896,0 -80.81723511869768,-4.8936737517887,0 -80.81719278521881,-4.89379659344261,0 -80.81717193643613,-4.893849420073,0 -80.81714756773916,-4.893911111439415,0 -80.81698623407669,-4.893825306390629,0 -80.8171471533956,-4.893434174008826,0 -80.81729496313581,-4.893500434723002,0 -80.81729496313581,-4.893500434723002,0
						</coordinates>
					</LinearRing>
				</outerBoundaryIs>
			</Polygon>
		</Placemark>
		<Placemark>
			<name>31969</name>
			<visibility>0</visibility>
			<ExtendedData>
				<SchemaData schemaUrl="#S_BLOQUE_SOJO_Y_LAS_MARIPOSAS">
					<SimpleData name="AREA_HA">0.249</SimpleData>
					<SimpleData name="NOM_LOC">SOJO</SimpleData>
					<SimpleData name="NOM_PRE">EL PRADO</SimpleData>
					<SimpleData name="NOM_BLO">SOJO Y LAS MARIPOSAS</SimpleData>
					<SimpleData name="CODCAT">31969</SimpleData>
					<SimpleData name="USUARIO">CHORRES MARIÑAS, PEDRO</SimpleData>
					<SimpleData name="AP_PAT_USU">CHORRES</SimpleData>
					<SimpleData name="AP_MAT_USU">MARIÑAS</SimpleData>
					<SimpleData name="NOM_USU">PEDRO</SimpleData>
					<SimpleData name="TIPODOC">DNI</SimpleData>
					<SimpleData name="NUM_DOC">03629167</SimpleData>
					<SimpleData name="DESC_LIC">G.R.PIURA-420010-DRA.P-AACH-S.ATDRCH</SimpleData>
					<SimpleData name="PAR_AR_BR">0.249</SimpleData>
					<SimpleData name="RES_ADM">518-2005-G.R.PIURA-420010-DRA.P-AACH-S.ATDRCH</SimpleData>
					<SimpleData name="TOMA">SOJO Y LAS MARIPOSAS</SimpleData>
				</SchemaData>
			</ExtendedData>
			<Polygon>
				<outerBoundaryIs>
					<LinearRing>
						<coordinates>
							-80.81848015974161,-4.893302358263267,0 -80.81846212013764,-4.893305700719798,0 -80.81832177203384,-4.893331627213851,0 -80.81728729078915,-4.89352259686896,0 -80.81729496313581,-4.893500434723002,0 -80.81730326734197,-4.893476372957501,0 -80.8173188828537,-4.893431144076241,0 -80.8173254002469,-4.893342850895175,0 -80.8173559775839,-4.893336435971783,0 -80.81832579271435,-4.893134140753626,0 -80.81848015974161,-4.893302358263267,0 -80.81848015974161,-4.893302358263267,0
						</coordinates>
					</LinearRing>
				</outerBoundaryIs>
			</Polygon>
		</Placemark>
		<Placemark>
			<name>31971</name>
			<visibility>0</visibility>
			<ExtendedData>
				<SchemaData schemaUrl="#S_BLOQUE_SOJO_Y_LAS_MARIPOSAS">
					<SimpleData name="AREA_HA">0.207</SimpleData>
					<SimpleData name="NOM_LOC">SOJO</SimpleData>
					<SimpleData name="NOM_PRE">EL PRADO</SimpleData>
					<SimpleData name="NOM_BLO">SOJO Y LAS MARIPOSAS</SimpleData>
					<SimpleData name="CODCAT">31971</SimpleData>
					<SimpleData name="USUARIO">ACARO CRUZ, SANTOS JULIAN</SimpleData>
					<SimpleData name="AP_PAT_USU">ACARO</SimpleData>
					<SimpleData name="AP_MAT_USU">CRUZ</SimpleData>
					<SimpleData name="NOM_USU">SANTOS JULIAN</SimpleData>
					<SimpleData name="TIPODOC">DNI</SimpleData>
					<SimpleData name="NUM_DOC">03685346</SimpleData>
					<SimpleData name="DESC_LIC">G.R.PIURA-420010-DRA.P-AACH-S.ATDRCH</SimpleData>
					<SimpleData name="PAR_AR_BR">0.207</SimpleData>
					<SimpleData name="RES_ADM">518-2005-G.R.PIURA-420010-DRA.P-AACH-S.ATDRCH</SimpleData>
					<SimpleData name="TOMA">SOJO Y LAS MARIPOSAS</SimpleData>
				</SchemaData>
			</ExtendedData>
			<Polygon>
				<outerBoundaryIs>
					<LinearRing>
						<coordinates>
							-80.81832579271435,-4.893134140753626,0 -80.8173559775839,-4.893336435971783,0 -80.8173254002469,-4.893342850895175,0 -80.81732648665512,-4.89332747194688,0 -80.8172985568482,-4.893213748583114,0 -80.81727971530592,-4.893180180620624,0 -80.8172999198455,-4.893175753181309,0 -80.8181939701838,-4.892980946580678,0 -80.81826907725386,-4.893072427790425,0 -80.81832579271435,-4.893134140753626,0 -80.81832579271435,-4.893134140753626,0
						</coordinates>
					</LinearRing>
				</outerBoundaryIs>
			</Polygon>
		</Placemark>
		<Placemark>
			<name>31973</name>
			<visibility>0</visibility>
			<ExtendedData>
				<SchemaData schemaUrl="#S_BLOQUE_SOJO_Y_LAS_MARIPOSAS">
					<SimpleData name="AREA_HA">0.214</SimpleData>
					<SimpleData name="NOM_LOC">SOJO</SimpleData>
					<SimpleData name="NOM_PRE">S/N</SimpleData>
					<SimpleData name="NOM_BLO">SOJO Y LAS MARIPOSAS</SimpleData>
					<SimpleData name="CODCAT">31973</SimpleData>
					<SimpleData name="USUARIO"></SimpleData>
					<SimpleData name="AP_PAT_USU"></SimpleData>
					<SimpleData name="AP_MAT_USU"></SimpleData>
					<SimpleData name="NOM_USU"></SimpleData>
					<SimpleData name="TIPODOC">SIN DATO</SimpleData>
					<SimpleData name="NUM_DOC"></SimpleData>
					<SimpleData name="DESC_LIC"></SimpleData>
					<SimpleData name="PAR_AR_BR">0.214</SimpleData>
					<SimpleData name="RES_ADM"></SimpleData>
					<SimpleData name="TOMA">SOJO Y LAS MARIPOSAS</SimpleData>
				</SchemaData>
			</ExtendedData>
			<Polygon>
				<outerBoundaryIs>
					<LinearRing>
						<coordinates>
							-80.8181939701838,-4.892980946580678,0 -80.8172999198455,-4.893175753181309,0 -80.81727971530592,-4.893180180620624,0 -80.81722382163633,-4.893081014822691,0 -80.81714212538694,-4.893009072418217,0 -80.81804771653151,-4.892828562738094,0 -80.81806575619602,-4.89282494889395,0 -80.8181939701838,-4.892980946580678,0 -80.8181939701838,-4.892980946580678,0
						</coordinates>
					</LinearRing>
				</outerBoundaryIs>
			</Polygon>
		</Placemark>
		<Placemark>
			<name>31975</name>
			<visibility>0</visibility>
			<ExtendedData>
				<SchemaData schemaUrl="#S_BLOQUE_SOJO_Y_LAS_MARIPOSAS">
					<SimpleData name="AREA_HA">0.1659</SimpleData>
					<SimpleData name="NOM_LOC">SOJO</SimpleData>
					<SimpleData name="NOM_PRE">EL PRADO</SimpleData>
					<SimpleData name="NOM_BLO">SOJO Y LAS MARIPOSAS</SimpleData>
					<SimpleData name="CODCAT">31975</SimpleData>
					<SimpleData name="USUARIO">MORE INGA, SANTOS SILVERIO</SimpleData>
					<SimpleData name="AP_PAT_USU">MORE</SimpleData>
					<SimpleData name="AP_MAT_USU">INGA</SimpleData>
					<SimpleData name="NOM_USU">SANTOS SILVERIO</SimpleData>
					<SimpleData name="TIPODOC">DNI</SimpleData>
					<SimpleData name="NUM_DOC">03631185</SimpleData>
					<SimpleData name="DESC_LIC">G.R.PIURA-420010-DRA.P-AACH-S.ATDRCH</SimpleData>
					<SimpleData name="PAR_AR_BR">0.16</SimpleData>
					<SimpleData name="RES_ADM">518-2005-G.R.PIURA-420010-DRA.P-AACH-S.ATDRCH</SimpleData>
					<SimpleData name="TOMA">SOJO Y LAS MARIPOSAS</SimpleData>
				</SchemaData>
			</ExtendedData>
			<Polygon>
				<outerBoundaryIs>
					<LinearRing>
						<coordinates>
							-80.81806575619602,-4.89282494889395,0 -80.81804771653151,-4.892828562738094,0 -80.81714212538694,-4.893009072418217,0 -80.81711967245946,-4.892989254334143,0 -80.81701272247342,-4.892915676768464,0 -80.81701037787454,-4.892914047750942,0 -80.81700776295979,-4.892911423533839,0 -80.81795196817792,-4.892688043375449,0 -80.81799317378557,-4.892736544182719,0 -80.81806575619602,-4.89282494889395,0 -80.81806575619602,-4.89282494889395,0
						</coordinates>
					</LinearRing>
				</outerBoundaryIs>
			</Polygon>
		</Placemark>
		<Placemark>
			<name>31977</name>
			<visibility>0</visibility>
			<ExtendedData>
				<SchemaData schemaUrl="#S_BLOQUE_SOJO_Y_LAS_MARIPOSAS">
					<SimpleData name="AREA_HA">0.255</SimpleData>
					<SimpleData name="NOM_LOC">SOJO</SimpleData>
					<SimpleData name="NOM_PRE">S/N</SimpleData>
					<SimpleData name="NOM_BLO">SOJO Y LAS MARIPOSAS</SimpleData>
					<SimpleData name="CODCAT">31977</SimpleData>
					<SimpleData name="USUARIO"></SimpleData>
					<SimpleData name="AP_PAT_USU"></SimpleData>
					<SimpleData name="AP_MAT_USU"></SimpleData>
					<SimpleData name="NOM_USU"></SimpleData>
					<SimpleData name="TIPODOC">SIN DATO</SimpleData>
					<SimpleData name="NUM_DOC"></SimpleData>
					<SimpleData name="DESC_LIC"></SimpleData>
					<SimpleData name="PAR_AR_BR">0.255</SimpleData>
					<SimpleData name="RES_ADM"></SimpleData>
					<SimpleData name="TOMA">SOJO Y LAS MARIPOSAS</SimpleData>
				</SchemaData>
			</ExtendedData>
			<Polygon>
				<outerBoundaryIs>
					<LinearRing>
						<coordinates>
							-80.81795196817792,-4.892688043375449,0 -80.81700776295979,-4.892911423533839,0 -80.81697620376615,-4.892879299616773,0 -80.81697666785405,-4.892829995711594,0 -80.81697812142247,-4.89279064334327,0 -80.81697938832058,-4.892774902579418,0 -80.81704490092072,-4.89265423832425,0 -80.81779390823337,-4.892501912476515,0 -80.81795196817792,-4.892688043375449,0 -80.81795196817792,-4.892688043375449,0
						</coordinates>
					</LinearRing>
				</outerBoundaryIs>
			</Polygon>
		</Placemark>
		<Placemark>
			<name>31976</name>
			<visibility>0</visibility>
			<ExtendedData>
				<SchemaData schemaUrl="#S_BLOQUE_SOJO_Y_LAS_MARIPOSAS">
					<SimpleData name="AREA_HA">0.0407</SimpleData>
					<SimpleData name="NOM_LOC">SOJO</SimpleData>
					<SimpleData name="NOM_PRE">EL PRADO</SimpleData>
					<SimpleData name="NOM_BLO">SOJO Y LAS MARIPOSAS</SimpleData>
					<SimpleData name="CODCAT">31976</SimpleData>
					<SimpleData name="USUARIO">MORE INGA, SANTOS SILVERIO</SimpleData>
					<SimpleData name="AP_PAT_USU">MORE</SimpleData>
					<SimpleData name="AP_MAT_USU">INGA</SimpleData>
					<SimpleData name="NOM_USU">SANTOS SILVERIO</SimpleData>
					<SimpleData name="TIPODOC">DNI</SimpleData>
					<SimpleData name="NUM_DOC">03631185</SimpleData>
					<SimpleData name="DESC_LIC">G.R.PIURA-420010-DRA.P-AACH-S.ATDRCH</SimpleData>
					<SimpleData name="PAR_AR_BR">0.04</SimpleData>
					<SimpleData name="RES_ADM">518-2005-G.R.PIURA-420010-DRA.P-AACH-S.ATDRCH</SimpleData>
					<SimpleData name="TOMA">SOJO Y LAS MARIPOSAS</SimpleData>
				</SchemaData>
			</ExtendedData>
			<Polygon>
				<outerBoundaryIs>
					<LinearRing>
						<coordinates>
							-80.81833445693525,-4.892771283466109,0 -80.8181239341129,-4.892813294243266,0 -80.81810580425541,-4.892816908064988,0 -80.81802077913089,-4.892713392205204,0 -80.81798272938595,-4.892668329952055,0 -80.81812668708675,-4.892634895796411,0 -80.81833445693525,-4.892771283466109,0 -80.81833445693525,-4.892771283466109,0
						</coordinates>
					</LinearRing>
				</outerBoundaryIs>
			</Polygon>
		</Placemark>
		<Placemark>
			<name>31974</name>
			<visibility>0</visibility>
			<ExtendedData>
				<SchemaData schemaUrl="#S_BLOQUE_SOJO_Y_LAS_MARIPOSAS">
					<SimpleData name="AREA_HA">0.0633</SimpleData>
					<SimpleData name="NOM_LOC">SOJO</SimpleData>
					<SimpleData name="NOM_PRE">S/N</SimpleData>
					<SimpleData name="NOM_BLO">SOJO Y LAS MARIPOSAS</SimpleData>
					<SimpleData name="CODCAT">31974</SimpleData>
					<SimpleData name="USUARIO"></SimpleData>
					<SimpleData name="AP_PAT_USU"></SimpleData>
					<SimpleData name="AP_MAT_USU"></SimpleData>
					<SimpleData name="NOM_USU"></SimpleData>
					<SimpleData name="TIPODOC">SIN DATO</SimpleData>
					<SimpleData name="NUM_DOC"></SimpleData>
					<SimpleData name="DESC_LIC"></SimpleData>
					<SimpleData name="PAR_AR_BR">0.0633</SimpleData>
					<SimpleData name="RES_ADM"></SimpleData>
					<SimpleData name="TOMA">SOJO Y LAS MARIPOSAS</SimpleData>
				</SchemaData>
			</ExtendedData>
			<Polygon>
				<outerBoundaryIs>
					<LinearRing>
						<coordinates>
							-80.81858380917362,-4.892896011978927,0 -80.81825160719012,-4.892968387114371,0 -80.81823347725727,-4.892972272337715,0 -80.81810580425541,-4.892816908064988,0 -80.8181239341129,-4.892813294243266,0 -80.81833445693525,-4.892771283466109,0 -80.81836610937064,-4.89279209908176,0 -80.8185755122738,-4.892892572065072,0 -80.81858380917362,-4.892896011978927,0 -80.81858380917362,-4.892896011978927,0
						</coordinates>
					</LinearRing>
				</outerBoundaryIs>
			</Polygon>
		</Placemark>
		<Placemark>
			<name>31970</name>
			<visibility>0</visibility>
			<ExtendedData>
				<SchemaData schemaUrl="#S_BLOQUE_SOJO_Y_LAS_MARIPOSAS">
					<SimpleData name="AREA_HA">0.1432</SimpleData>
					<SimpleData name="NOM_LOC">SOJO</SimpleData>
					<SimpleData name="NOM_PRE">EL PRADO</SimpleData>
					<SimpleData name="NOM_BLO">SOJO Y LAS MARIPOSAS</SimpleData>
					<SimpleData name="CODCAT">31970</SimpleData>
					<SimpleData name="USUARIO">CHORRES MARIÑAS, PEDRO</SimpleData>
					<SimpleData name="AP_PAT_USU">CHORRES</SimpleData>
					<SimpleData name="AP_MAT_USU">MARIÑAS</SimpleData>
					<SimpleData name="NOM_USU">PEDRO</SimpleData>
					<SimpleData name="TIPODOC">DNI</SimpleData>
					<SimpleData name="NUM_DOC">03629167</SimpleData>
					<SimpleData name="DESC_LIC">G.R.PIURA-420010-DRA.P-AACH-S.ATDRCH</SimpleData>
					<SimpleData name="PAR_AR_BR">0.14</SimpleData>
					<SimpleData name="RES_ADM">518-2005-G.R.PIURA-420010-DRA.P-AACH-S.ATDRCH</SimpleData>
					<SimpleData name="TOMA">SOJO Y LAS MARIPOSAS</SimpleData>
				</SchemaData>
			</ExtendedData>
			<Polygon>
				<outerBoundaryIs>
					<LinearRing>
						<coordinates>
							-80.8190908033942,-4.893177224536007,0 -80.81907095973389,-4.893181290260804,0 -80.81853951035423,-4.893290161092574,0 -80.81852147065534,-4.893293865415163,0 -80.81836674291665,-4.893125376420507,0 -80.81885309778716,-4.893007447164505,0 -80.81888222711697,-4.893019577340829,0 -80.81892109599596,-4.893036866664002,0 -80.81898070487543,-4.893071350038518,0 -80.81900856902502,-4.893092888350912,0 -80.81903868615962,-4.893121483615708,0 -80.81905374434717,-4.89313722870542,0 -80.8190908033942,-4.893177224536007,0 -80.8190908033942,-4.893177224536007,0
						</coordinates>
					</LinearRing>
				</outerBoundaryIs>
			</Polygon>
		</Placemark>
		<Placemark>
			<name>31968</name>
			<visibility>0</visibility>
			<ExtendedData>
				<SchemaData schemaUrl="#S_BLOQUE_SOJO_Y_LAS_MARIPOSAS">
					<SimpleData name="AREA_HA">0.1132</SimpleData>
					<SimpleData name="NOM_LOC">SOJO</SimpleData>
					<SimpleData name="NOM_PRE">EL PRADO</SimpleData>
					<SimpleData name="NOM_BLO">SOJO Y LAS MARIPOSAS</SimpleData>
					<SimpleData name="CODCAT">31968</SimpleData>
					<SimpleData name="USUARIO">REYES CHIROQUE, JOSE MERCEDES</SimpleData>
					<SimpleData name="AP_PAT_USU">REYES</SimpleData>
					<SimpleData name="AP_MAT_USU">CHIROQUE</SimpleData>
					<SimpleData name="NOM_USU">JOSE MERCEDES</SimpleData>
					<SimpleData name="TIPODOC">CODIGO PROFODUA</SimpleData>
					<SimpleData name="NUM_DOC">000000000414</SimpleData>
					<SimpleData name="DESC_LIC">G.R.PIURA-420010-AACH-ATDRCH</SimpleData>
					<SimpleData name="PAR_AR_BR">0.11</SimpleData>
					<SimpleData name="RES_ADM">126-2006-G.R.PIURA-420010-AACH-ATDRCH</SimpleData>
					<SimpleData name="TOMA">SOJO Y LAS MARIPOSAS</SimpleData>
				</SchemaData>
			</ExtendedData>
			<Polygon>
				<outerBoundaryIs>
					<LinearRing>
						<coordinates>
							-80.81922686867142,-4.893317483007305,0 -80.8186405825325,-4.89342235890607,0 -80.8185984738746,-4.893377747939689,0 -80.81852147065534,-4.893293865415163,0 -80.81853951035423,-4.893290161092574,0 -80.81907095973389,-4.893181290260804,0 -80.8190908033942,-4.893177224536007,0 -80.81913047734628,-4.893219935039921,0 -80.81920414725295,-4.893289432502826,0 -80.81922686867142,-4.893317483007305,0 -80.81922686867142,-4.893317483007305,0
						</coordinates>
					</LinearRing>
				</outerBoundaryIs>
			</Polygon>
		</Placemark>
		<Placemark>
			<name>31965</name>
			<visibility>0</visibility>
			<ExtendedData>
				<SchemaData schemaUrl="#S_BLOQUE_SOJO_Y_LAS_MARIPOSAS">
					<SimpleData name="AREA_HA">0.1306</SimpleData>
					<SimpleData name="NOM_LOC">SOJO</SimpleData>
					<SimpleData name="NOM_PRE">S/N</SimpleData>
					<SimpleData name="NOM_BLO">SOJO Y LAS MARIPOSAS</SimpleData>
					<SimpleData name="CODCAT">31965</SimpleData>
					<SimpleData name="USUARIO"></SimpleData>
					<SimpleData name="AP_PAT_USU"></SimpleData>
					<SimpleData name="AP_MAT_USU"></SimpleData>
					<SimpleData name="NOM_USU"></SimpleData>
					<SimpleData name="TIPODOC">SIN DATO</SimpleData>
					<SimpleData name="NUM_DOC"></SimpleData>
					<SimpleData name="DESC_LIC"></SimpleData>
					<SimpleData name="PAR_AR_BR">0.1306</SimpleData>
					<SimpleData name="RES_ADM"></SimpleData>
					<SimpleData name="TOMA">SOJO Y LAS MARIPOSAS</SimpleData>
				</SchemaData>
			</ExtendedData>
			<Polygon>
				<outerBoundaryIs>
					<LinearRing>
						<coordinates>
							-80.81933893503965,-4.893486141473238,0 -80.81932062494828,-4.89348912201689,0 -80.81878818837498,-4.893578452095484,0 -80.8186405825325,-4.89342235890607,0 -80.81922686867142,-4.893317483007305,0 -80.81927393452371,-4.893375393765494,0 -80.81932000454727,-4.893447416972013,0 -80.81932334059465,-4.893451669761153,0 -80.81933893503965,-4.893486141473238,0 -80.81933893503965,-4.893486141473238,0
						</coordinates>
					</LinearRing>
				</outerBoundaryIs>
			</Polygon>
		</Placemark>
		<Placemark>
			<name>31962</name>
			<visibility>0</visibility>
			<ExtendedData>
				<SchemaData schemaUrl="#S_BLOQUE_SOJO_Y_LAS_MARIPOSAS">
					<SimpleData name="AREA_HA">0.1159</SimpleData>
					<SimpleData name="NOM_LOC">SOJO</SimpleData>
					<SimpleData name="NOM_PRE">EL PRADO</SimpleData>
					<SimpleData name="NOM_BLO">SOJO Y LAS MARIPOSAS</SimpleData>
					<SimpleData name="CODCAT">31962</SimpleData>
					<SimpleData name="USUARIO">CRUZ ATOCHA, FRANCISCO</SimpleData>
					<SimpleData name="AP_PAT_USU">CRUZ</SimpleData>
					<SimpleData name="AP_MAT_USU">ATOCHA</SimpleData>
					<SimpleData name="NOM_USU">FRANCISCO</SimpleData>
					<SimpleData name="TIPODOC">DNI</SimpleData>
					<SimpleData name="NUM_DOC">03629774</SimpleData>
					<SimpleData name="DESC_LIC">G.R.PIURA-420010-AACH-ATDRCH</SimpleData>
					<SimpleData name="PAR_AR_BR">0.1159</SimpleData>
					<SimpleData name="RES_ADM">126-2006-G.R.PIURA-420010-AACH-ATDRCH</SimpleData>
					<SimpleData name="TOMA">SOJO Y LAS MARIPOSAS</SimpleData>
				</SchemaData>
			</ExtendedData>
			<Polygon>
				<outerBoundaryIs>
					<LinearRing>
						<coordinates>
							-80.81933893503965,-4.893486141473238,0 -80.81934163928047,-4.89349211295163,0 -80.81930987607934,-4.893549369611603,0 -80.81921604554353,-4.893660256269079,0 -80.8191660637746,-4.893715336916782,0 -80.81911625267801,-4.893807327781367,0 -80.81907853718285,-4.89386259259907,0 -80.8190413835034,-4.893839332973804,0 -80.81888277518182,-4.893678442218265,0 -80.81878818837498,-4.893578452095484,0 -80.81932062494828,-4.89348912201689,0 -80.81933893503965,-4.893486141473238,0 -80.81933893503965,-4.893486141473238,0
						</coordinates>
					</LinearRing>
				</outerBoundaryIs>
			</Polygon>
		</Placemark>
		<Placemark>
			<name>31877</name>
			<visibility>0</visibility>
			<ExtendedData>
				<SchemaData schemaUrl="#S_BLOQUE_SOJO_Y_LAS_MARIPOSAS">
					<SimpleData name="AREA_HA">0.107</SimpleData>
					<SimpleData name="NOM_LOC">SOJO</SimpleData>
					<SimpleData name="NOM_PRE">EL PRADO</SimpleData>
					<SimpleData name="NOM_BLO">SOJO Y LAS MARIPOSAS</SimpleData>
					<SimpleData name="CODCAT">31877</SimpleData>
					<SimpleData name="USUARIO">ZAPATA TORRES, VIDAL</SimpleData>
					<SimpleData name="AP_PAT_USU">ZAPATA</SimpleData>
					<SimpleData name="AP_MAT_USU">TORRES</SimpleData>
					<SimpleData name="NOM_USU">VIDAL</SimpleData>
					<SimpleData name="TIPODOC">DNI</SimpleData>
					<SimpleData name="NUM_DOC">03631083</SimpleData>
					<SimpleData name="DESC_LIC">G.R.PIURA-420010-AACH-ATDRCH</SimpleData>
					<SimpleData name="PAR_AR_BR">0.1</SimpleData>
					<SimpleData name="RES_ADM">126-2006-G.R.PIURA-420010-AACH-ATDRCH</SimpleData>
					<SimpleData name="TOMA">SOJO Y LAS MARIPOSAS</SimpleData>
				</SchemaData>
			</ExtendedData>
			<Polygon>
				<outerBoundaryIs>
					<LinearRing>
						<coordinates>
							-80.8173254002469,-4.893342850895175,0 -80.8173188828537,-4.893431144076241,0 -80.81730326734197,-4.893476372957501,0 -80.81700097436818,-4.89334086433332,0 -80.81714032141956,-4.893009433800102,0 -80.81714212538694,-4.893009072418217,0 -80.81722382163633,-4.893081014822691,0 -80.81727971530592,-4.893180180620624,0 -80.8172985568482,-4.893213748583114,0 -80.81732648665512,-4.89332747194688,0 -80.8173254002469,-4.893342850895175,0 -80.8173254002469,-4.893342850895175,0
						</coordinates>
					</LinearRing>
				</outerBoundaryIs>
			</Polygon>
		</Placemark>
		<Placemark>
			<name>31887</name>
			<visibility>0</visibility>
			<ExtendedData>
				<SchemaData schemaUrl="#S_BLOQUE_SOJO_Y_LAS_MARIPOSAS">
					<SimpleData name="AREA_HA">0.0735</SimpleData>
					<SimpleData name="NOM_LOC">SOJO</SimpleData>
					<SimpleData name="NOM_PRE">EL PRADO</SimpleData>
					<SimpleData name="NOM_BLO">SOJO Y LAS MARIPOSAS</SimpleData>
					<SimpleData name="CODCAT">31887</SimpleData>
					<SimpleData name="USUARIO">RUIZ ATOCHA, LUCIANO</SimpleData>
					<SimpleData name="AP_PAT_USU">RUIZ</SimpleData>
					<SimpleData name="AP_MAT_USU">ATOCHA</SimpleData>
					<SimpleData name="NOM_USU">LUCIANO</SimpleData>
					<SimpleData name="TIPODOC">DNI</SimpleData>
					<SimpleData name="NUM_DOC">03630621</SimpleData>
					<SimpleData name="DESC_LIC">G.R.PIURA-420010-DRA.P-AACH-S.ATDRCH</SimpleData>
					<SimpleData name="PAR_AR_BR">0.073</SimpleData>
					<SimpleData name="RES_ADM">518-2005-G.R.PIURA-420010-DRA.P-AACH-S.ATDRCH</SimpleData>
					<SimpleData name="TOMA">SOJO Y LAS MARIPOSAS</SimpleData>
				</SchemaData>
			</ExtendedData>
			<Polygon>
				<outerBoundaryIs>
					<LinearRing>
						<coordinates>
							-80.81714212538694,-4.893009072418217,0 -80.81714032141956,-4.893009433800102,0 -80.81700097436818,-4.89334086433332,0 -80.8168539763638,-4.893274875172144,0 -80.8168638133675,-4.893252713611358,0 -80.81701272247342,-4.892915676768464,0 -80.81711967245946,-4.892989254334143,0 -80.81714212538694,-4.893009072418217,0 -80.81714212538694,-4.893009072418217,0
						</coordinates>
					</LinearRing>
				</outerBoundaryIs>
			</Polygon>
		</Placemark>
		<Placemark>
			<name>31885</name>
			<visibility>0</visibility>
			<ExtendedData>
				<SchemaData schemaUrl="#S_BLOQUE_SOJO_Y_LAS_MARIPOSAS">
					<SimpleData name="AREA_HA">0.0941</SimpleData>
					<SimpleData name="NOM_LOC">SOJO</SimpleData>
					<SimpleData name="NOM_PRE">EL PRADO</SimpleData>
					<SimpleData name="NOM_BLO">SOJO Y LAS MARIPOSAS</SimpleData>
					<SimpleData name="CODCAT">31885</SimpleData>
					<SimpleData name="USUARIO">CANOVA CRUZ, JOSE GUMERCINDO</SimpleData>
					<SimpleData name="AP_PAT_USU">CANOVA</SimpleData>
					<SimpleData name="AP_MAT_USU">CRUZ</SimpleData>
					<SimpleData name="NOM_USU">JOSE GUMERCINDO</SimpleData>
					<SimpleData name="TIPODOC">DNI</SimpleData>
					<SimpleData name="NUM_DOC">03630182</SimpleData>
					<SimpleData name="DESC_LIC">G.R.PIURA-420010-DRA.P-AACH-S.ATDRCH</SimpleData>
					<SimpleData name="PAR_AR_BR">0.094</SimpleData>
					<SimpleData name="RES_ADM">518-2005-G.R.PIURA-420010-DRA.P-AACH-S.ATDRCH</SimpleData>
					<SimpleData name="TOMA">SOJO Y LAS MARIPOSAS</SimpleData>
				</SchemaData>
			</ExtendedData>
			<Polygon>
				<outerBoundaryIs>
					<LinearRing>
						<coordinates>
							-80.81690552796424,-4.892744305257302,0 -80.8168955096195,-4.89277008541515,0 -80.81672835735388,-4.893197312050259,0 -80.81672131743269,-4.89321540338409,0 -80.81657278636311,-4.893148780489249,0 -80.81658361610634,-4.893124357546521,0 -80.81677548327261,-4.892690352615567,0 -80.81690552796424,-4.892744305257302,0 -80.81690552796424,-4.892744305257302,0
						</coordinates>
					</LinearRing>
				</outerBoundaryIs>
			</Polygon>
		</Placemark>
		<Placemark>
			<name>31884</name>
			<visibility>0</visibility>
			<ExtendedData>
				<SchemaData schemaUrl="#S_BLOQUE_SOJO_Y_LAS_MARIPOSAS">
					<SimpleData name="AREA_HA">0.092</SimpleData>
					<SimpleData name="NOM_LOC">SOJO</SimpleData>
					<SimpleData name="NOM_PRE">EL PRADO</SimpleData>
					<SimpleData name="NOM_BLO">SOJO Y LAS MARIPOSAS</SimpleData>
					<SimpleData name="CODCAT">31884</SimpleData>
					<SimpleData name="USUARIO">MORE ZAPATA, MANUEL DE LA CRUZ</SimpleData>
					<SimpleData name="AP_PAT_USU">MORE</SimpleData>
					<SimpleData name="AP_MAT_USU">ZAPATA</SimpleData>
					<SimpleData name="NOM_USU">MANUEL DE LA CRUZ</SimpleData>
					<SimpleData name="TIPODOC">DNI</SimpleData>
					<SimpleData name="NUM_DOC">03630236</SimpleData>
					<SimpleData name="DESC_LIC">G.R.PIURA-420010-DRA.P-AACH-S.ATDRCH</SimpleData>
					<SimpleData name="PAR_AR_BR">0.092</SimpleData>
					<SimpleData name="RES_ADM">518-2005-G.R.PIURA-420010-DRA.P-AACH-S.ATDRCH</SimpleData>
					<SimpleData name="TOMA">SOJO Y LAS MARIPOSAS</SimpleData>
				</SchemaData>
			</ExtendedData>
			<Polygon>
				<outerBoundaryIs>
					<LinearRing>
						<coordinates>
							-80.81677548327261,-4.892690352615567,0 -80.81658361610634,-4.893124357546521,0 -80.81657278636311,-4.893148780489249,0 -80.81644418571076,-4.893091119059059,0 -80.81661494538288,-4.892665702789167,0 -80.81662929572607,-4.89262979159369,0 -80.81677548327261,-4.892690352615567,0 -80.81677548327261,-4.892690352615567,0
						</coordinates>
					</LinearRing>
				</outerBoundaryIs>
			</Polygon>
		</Placemark>
		<Placemark>
			<name>31883</name>
			<visibility>0</visibility>
			<ExtendedData>
				<SchemaData schemaUrl="#S_BLOQUE_SOJO_Y_LAS_MARIPOSAS">
					<SimpleData name="AREA_HA">0.0851</SimpleData>
					<SimpleData name="NOM_LOC">SOJO</SimpleData>
					<SimpleData name="NOM_PRE">S/N</SimpleData>
					<SimpleData name="NOM_BLO">SOJO Y LAS MARIPOSAS</SimpleData>
					<SimpleData name="CODCAT">31883</SimpleData>
					<SimpleData name="USUARIO"></SimpleData>
					<SimpleData name="AP_PAT_USU"></SimpleData>
					<SimpleData name="AP_MAT_USU"></SimpleData>
					<SimpleData name="NOM_USU"></SimpleData>
					<SimpleData name="TIPODOC">SIN DATO</SimpleData>
					<SimpleData name="NUM_DOC"></SimpleData>
					<SimpleData name="DESC_LIC"></SimpleData>
					<SimpleData name="PAR_AR_BR">0.0851</SimpleData>
					<SimpleData name="RES_ADM"></SimpleData>
					<SimpleData name="TOMA">SOJO Y LAS MARIPOSAS</SimpleData>
				</SchemaData>
			</ExtendedData>
			<Polygon>
				<outerBoundaryIs>
					<LinearRing>
						<coordinates>
							-80.81662929572607,-4.89262979159369,0 -80.81661494538288,-4.892665702789167,0 -80.81644418571076,-4.893091119059059,0 -80.81631206794329,-4.893031918735975,0 -80.81650529336871,-4.892578373572669,0 -80.81662929572607,-4.89262979159369,0 -80.81662929572607,-4.89262979159369,0
						</coordinates>
					</LinearRing>
				</outerBoundaryIs>
			</Polygon>
		</Placemark>
		<Placemark>
			<name>31888</name>
			<visibility>0</visibility>
			<ExtendedData>
				<SchemaData schemaUrl="#S_BLOQUE_SOJO_Y_LAS_MARIPOSAS">
					<SimpleData name="AREA_HA">0.0116</SimpleData>
					<SimpleData name="NOM_LOC">SOJO</SimpleData>
					<SimpleData name="NOM_PRE">S/N</SimpleData>
					<SimpleData name="NOM_BLO">SOJO Y LAS MARIPOSAS</SimpleData>
					<SimpleData name="CODCAT">31888</SimpleData>
					<SimpleData name="USUARIO"></SimpleData>
					<SimpleData name="AP_PAT_USU"></SimpleData>
					<SimpleData name="AP_MAT_USU"></SimpleData>
					<SimpleData name="NOM_USU"></SimpleData>
					<SimpleData name="TIPODOC">SIN DATO</SimpleData>
					<SimpleData name="NUM_DOC"></SimpleData>
					<SimpleData name="DESC_LIC"></SimpleData>
					<SimpleData name="PAR_AR_BR">0.0116</SimpleData>
					<SimpleData name="RES_ADM"></SimpleData>
					<SimpleData name="TOMA">SOJO Y LAS MARIPOSAS</SimpleData>
				</SchemaData>
			</ExtendedData>
			<Polygon>
				<outerBoundaryIs>
					<LinearRing>
						<coordinates>
							-80.81701974472955,-4.892624920572244,0 -80.81696740685801,-4.892721252968963,0 -80.81696280494226,-4.89272894135619,0 -80.81690607945679,-4.892705495444238,0 -80.81696925049816,-4.892571803449563,0 -80.81697782369488,-4.892553712522727,0 -80.81701974472955,-4.892624920572244,0 -80.81701974472955,-4.892624920572244,0
						</coordinates>
					</LinearRing>
				</outerBoundaryIs>
			</Polygon>
		</Placemark>
		<Placemark>
			<name>31889</name>
			<visibility>0</visibility>
			<ExtendedData>
				<SchemaData schemaUrl="#S_BLOQUE_SOJO_Y_LAS_MARIPOSAS">
					<SimpleData name="AREA_HA">0.0341</SimpleData>
					<SimpleData name="NOM_LOC">SOJO</SimpleData>
					<SimpleData name="NOM_PRE">EL PRADO</SimpleData>
					<SimpleData name="NOM_BLO">SOJO Y LAS MARIPOSAS</SimpleData>
					<SimpleData name="CODCAT">31889</SimpleData>
					<SimpleData name="USUARIO">CANOVA CRUZ, JOSE GUMERCINDO</SimpleData>
					<SimpleData name="AP_PAT_USU">CANOVA</SimpleData>
					<SimpleData name="AP_MAT_USU">CRUZ</SimpleData>
					<SimpleData name="NOM_USU">JOSE GUMERCINDO</SimpleData>
					<SimpleData name="TIPODOC">DNI</SimpleData>
					<SimpleData name="NUM_DOC">03630182</SimpleData>
					<SimpleData name="DESC_LIC">G.R.PIURA-420010-DRA.P-AACH-S.ATDRCH</SimpleData>
					<SimpleData name="PAR_AR_BR">0.0341</SimpleData>
					<SimpleData name="RES_ADM">518-2005-G.R.PIURA-420010-DRA.P-AACH-S.ATDRCH</SimpleData>
					<SimpleData name="TOMA">SOJO Y LAS MARIPOSAS</SimpleData>
				</SchemaData>
			</ExtendedData>
			<Polygon>
				<outerBoundaryIs>
					<LinearRing>
						<coordinates>
							-80.81697782369488,-4.892553712522727,0 -80.81696925049816,-4.892571803449563,0 -80.81690607945679,-4.892705495444238,0 -80.81679001322378,-4.892657336379982,0 -80.816896776397,-4.89241600140256,0 -80.81697782369488,-4.892553712522727,0 -80.81697782369488,-4.892553712522727,0
						</coordinates>
					</LinearRing>
				</outerBoundaryIs>
			</Polygon>
		</Placemark>
		<Placemark>
			<name>31890</name>
			<visibility>0</visibility>
			<ExtendedData>
				<SchemaData schemaUrl="#S_BLOQUE_SOJO_Y_LAS_MARIPOSAS">
					<SimpleData name="AREA_HA">0.06</SimpleData>
					<SimpleData name="NOM_LOC">SOJO</SimpleData>
					<SimpleData name="NOM_PRE">EL PRADO</SimpleData>
					<SimpleData name="NOM_BLO">SOJO Y LAS MARIPOSAS</SimpleData>
					<SimpleData name="CODCAT">31890</SimpleData>
					<SimpleData name="USUARIO">MORE ZAPATA, MANUEL DE LA CRUZ</SimpleData>
					<SimpleData name="AP_PAT_USU">MORE</SimpleData>
					<SimpleData name="AP_MAT_USU">ZAPATA</SimpleData>
					<SimpleData name="NOM_USU">MANUEL DE LA CRUZ</SimpleData>
					<SimpleData name="TIPODOC">DNI</SimpleData>
					<SimpleData name="NUM_DOC">03630236</SimpleData>
					<SimpleData name="DESC_LIC">G.R.PIURA-420010-DRA.P-AACH-S.ATDRCH</SimpleData>
					<SimpleData name="PAR_AR_BR">0.06</SimpleData>
					<SimpleData name="RES_ADM">518-2005-G.R.PIURA-420010-DRA.P-AACH-S.ATDRCH</SimpleData>
					<SimpleData name="TOMA">SOJO Y LAS MARIPOSAS</SimpleData>
				</SchemaData>
			</ExtendedData>
			<Polygon>
				<outerBoundaryIs>
					<LinearRing>
						<coordinates>
							-80.816896776397,-4.89241600140256,0 -80.81679001322378,-4.892657336379982,0 -80.81664977777855,-4.892599310008794,0 -80.816801575192,-4.892254132029555,0 -80.816896776397,-4.89241600140256,0 -80.816896776397,-4.89241600140256,0
						</coordinates>
					</LinearRing>
				</outerBoundaryIs>
			</Polygon>
		</Placemark>
		<Placemark>
			<name>31891</name>
			<visibility>0</visibility>
			<ExtendedData>
				<SchemaData schemaUrl="#S_BLOQUE_SOJO_Y_LAS_MARIPOSAS">
					<SimpleData name="AREA_HA">0.1087</SimpleData>
					<SimpleData name="NOM_LOC">SOJO</SimpleData>
					<SimpleData name="NOM_PRE">EL PRADO</SimpleData>
					<SimpleData name="NOM_BLO">SOJO Y LAS MARIPOSAS</SimpleData>
					<SimpleData name="CODCAT">31891</SimpleData>
					<SimpleData name="USUARIO">FLORES LITANO, VICTOR</SimpleData>
					<SimpleData name="AP_PAT_USU">FLORES</SimpleData>
					<SimpleData name="AP_MAT_USU">LITANO</SimpleData>
					<SimpleData name="NOM_USU">VICTOR</SimpleData>
					<SimpleData name="TIPODOC">DNI</SimpleData>
					<SimpleData name="NUM_DOC">03629790</SimpleData>
					<SimpleData name="DESC_LIC">G.R.PIURA-420010-DRA.P-AACH-S.ATDRCH</SimpleData>
					<SimpleData name="PAR_AR_BR">0.1</SimpleData>
					<SimpleData name="RES_ADM">518-2005-G.R.PIURA-420010-DRA.P-AACH-S.ATDRCH</SimpleData>
					<SimpleData name="TOMA">SOJO Y LAS MARIPOSAS</SimpleData>
				</SchemaData>
			</ExtendedData>
			<Polygon>
				<outerBoundaryIs>
					<LinearRing>
						<coordinates>
							-80.816801575192,-4.892254132029555,0 -80.81664977777855,-4.892599310008794,0 -80.81647815852381,-4.892528157599349,0 -80.81667220615202,-4.89203435517328,0 -80.816801575192,-4.892254132029555,0 -80.816801575192,-4.892254132029555,0
						</coordinates>
					</LinearRing>
				</outerBoundaryIs>
			</Polygon>
		</Placemark>
		<Placemark>
			<name>31978</name>
			<visibility>0</visibility>
			<ExtendedData>
				<SchemaData schemaUrl="#S_BLOQUE_SOJO_Y_LAS_MARIPOSAS">
					<SimpleData name="AREA_HA">0.2409</SimpleData>
					<SimpleData name="NOM_LOC">SOJO</SimpleData>
					<SimpleData name="NOM_PRE">S/N</SimpleData>
					<SimpleData name="NOM_BLO">SOJO Y LAS MARIPOSAS</SimpleData>
					<SimpleData name="CODCAT">31978</SimpleData>
					<SimpleData name="USUARIO"></SimpleData>
					<SimpleData name="AP_PAT_USU"></SimpleData>
					<SimpleData name="AP_MAT_USU"></SimpleData>
					<SimpleData name="NOM_USU"></SimpleData>
					<SimpleData name="TIPODOC">SIN DATO</SimpleData>
					<SimpleData name="NUM_DOC"></SimpleData>
					<SimpleData name="DESC_LIC"></SimpleData>
					<SimpleData name="PAR_AR_BR">0.2409</SimpleData>
					<SimpleData name="RES_ADM"></SimpleData>
					<SimpleData name="TOMA">SOJO Y LAS MARIPOSAS</SimpleData>
				</SchemaData>
			</ExtendedData>
			<Polygon>
				<outerBoundaryIs>
					<LinearRing>
						<coordinates>
							-80.81779328617628,-4.892466811458462,0 -80.81777290136974,-4.892470877001185,0 -80.81702163970763,-4.892621483367243,0 -80.81701974472955,-4.892624920572244,0 -80.81697782369488,-4.892553712522727,0 -80.816896776397,-4.89241600140256,0 -80.81692060182574,-4.892362089981353,0 -80.81736862807432,-4.892229315082737,0 -80.81779328617628,-4.892466811458462,0 -80.81779328617628,-4.892466811458462,0
						</coordinates>
					</LinearRing>
				</outerBoundaryIs>
			</Polygon>
		</Placemark>
		<Placemark>
			<name>31979</name>
			<visibility>0</visibility>
			<ExtendedData>
				<SchemaData schemaUrl="#S_BLOQUE_SOJO_Y_LAS_MARIPOSAS">
					<SimpleData name="AREA_HA">0.0879</SimpleData>
					<SimpleData name="NOM_LOC">SOJO</SimpleData>
					<SimpleData name="NOM_PRE">S/N</SimpleData>
					<SimpleData name="NOM_BLO">SOJO Y LAS MARIPOSAS</SimpleData>
					<SimpleData name="CODCAT">31979</SimpleData>
					<SimpleData name="USUARIO"></SimpleData>
					<SimpleData name="AP_PAT_USU"></SimpleData>
					<SimpleData name="AP_MAT_USU"></SimpleData>
					<SimpleData name="NOM_USU"></SimpleData>
					<SimpleData name="TIPODOC">SIN DATO</SimpleData>
					<SimpleData name="NUM_DOC"></SimpleData>
					<SimpleData name="DESC_LIC"></SimpleData>
					<SimpleData name="PAR_AR_BR">0.0879</SimpleData>
					<SimpleData name="RES_ADM"></SimpleData>
					<SimpleData name="TOMA">SOJO Y LAS MARIPOSAS</SimpleData>
				</SchemaData>
			</ExtendedData>
			<Polygon>
				<outerBoundaryIs>
					<LinearRing>
						<coordinates>
							-80.81736862807432,-4.892229315082737,0 -80.81692060182574,-4.892362089981353,0 -80.816896776397,-4.89241600140256,0 -80.816801575192,-4.892254132029555,0 -80.81680825355527,-4.89223893551255,0 -80.81717961067937,-4.892123600150988,0 -80.81736862807432,-4.892229315082737,0 -80.81736862807432,-4.892229315082737,0
						</coordinates>
					</LinearRing>
				</outerBoundaryIs>
			</Polygon>
		</Placemark>
		<Placemark>
			<name>31913</name>
			<visibility>0</visibility>
			<ExtendedData>
				<SchemaData schemaUrl="#S_BLOQUE_SOJO_Y_LAS_MARIPOSAS">
					<SimpleData name="AREA_HA">0.1142</SimpleData>
					<SimpleData name="NOM_LOC">SOJO</SimpleData>
					<SimpleData name="NOM_PRE">EL PRADO</SimpleData>
					<SimpleData name="NOM_BLO">SOJO Y LAS MARIPOSAS</SimpleData>
					<SimpleData name="CODCAT">31913</SimpleData>
					<SimpleData name="USUARIO">ZAPATA CHORRES, FELIX</SimpleData>
					<SimpleData name="AP_PAT_USU">ZAPATA</SimpleData>
					<SimpleData name="AP_MAT_USU">CHORRES</SimpleData>
					<SimpleData name="NOM_USU">FELIX</SimpleData>
					<SimpleData name="TIPODOC">DNI</SimpleData>
					<SimpleData name="NUM_DOC">03630171</SimpleData>
					<SimpleData name="DESC_LIC">G.R.PIURA-420010-DRA.P-AACH-S.ATDRCH</SimpleData>
					<SimpleData name="PAR_AR_BR">0.11</SimpleData>
					<SimpleData name="RES_ADM">518-2005-G.R.PIURA-420010-DRA.P-AACH-S.ATDRCH</SimpleData>
					<SimpleData name="TOMA">SOJO Y LAS MARIPOSAS</SimpleData>
				</SchemaData>
			</ExtendedData>
			<Polygon>
				<outerBoundaryIs>
					<LinearRing>
						<coordinates>
							-80.81655625569697,-4.891890754358221,0 -80.8163202471933,-4.892462708195014,0 -80.81617920021178,-4.892404229179443,0 -80.81642621361227,-4.891827755044396,0 -80.81654985377477,-4.89188396768238,0 -80.81655625569697,-4.891890754358221,0 -80.81655625569697,-4.891890754358221,0
						</coordinates>
					</LinearRing>
				</outerBoundaryIs>
			</Polygon>
		</Placemark>
		<Placemark>
			<name>31912</name>
			<visibility>0</visibility>
			<ExtendedData>
				<SchemaData schemaUrl="#S_BLOQUE_SOJO_Y_LAS_MARIPOSAS">
					<SimpleData name="AREA_HA">0.1177</SimpleData>
					<SimpleData name="NOM_LOC">SOJO</SimpleData>
					<SimpleData name="NOM_PRE">EL PRADO</SimpleData>
					<SimpleData name="NOM_BLO">SOJO Y LAS MARIPOSAS</SimpleData>
					<SimpleData name="CODCAT">31912</SimpleData>
					<SimpleData name="USUARIO">CARRANZA GARCIA, FRANCISCO</SimpleData>
					<SimpleData name="AP_PAT_USU">CARRANZA</SimpleData>
					<SimpleData name="AP_MAT_USU">GARCIA</SimpleData>
					<SimpleData name="NOM_USU">FRANCISCO</SimpleData>
					<SimpleData name="TIPODOC">DNI</SimpleData>
					<SimpleData name="NUM_DOC">80298291</SimpleData>
					<SimpleData name="DESC_LIC">G.R.PIURA-420010-DRA.P-AACH-S.ATDRCH</SimpleData>
					<SimpleData name="PAR_AR_BR">0.11</SimpleData>
					<SimpleData name="RES_ADM">518-2005-G.R.PIURA-420010-DRA.P-AACH-S.ATDRCH</SimpleData>
					<SimpleData name="TOMA">SOJO Y LAS MARIPOSAS</SimpleData>
				</SchemaData>
			</ExtendedData>
			<Polygon>
				<outerBoundaryIs>
					<LinearRing>
						<coordinates>
							-80.81642621361227,-4.891827755044396,0 -80.81617920021178,-4.892404229179443,0 -80.81604419554013,-4.892348284811865,0 -80.81627452038005,-4.89178257171202,0 -80.81628192107017,-4.891764480478908,0 -80.81636642263673,-4.891800599156198,0 -80.81642621361227,-4.891827755044396,0 -80.81642621361227,-4.891827755044396,0
						</coordinates>
					</LinearRing>
				</outerBoundaryIs>
			</Polygon>
		</Placemark>
		<Placemark>
			<name>31911</name>
			<visibility>0</visibility>
			<ExtendedData>
				<SchemaData schemaUrl="#S_BLOQUE_SOJO_Y_LAS_MARIPOSAS">
					<SimpleData name="AREA_HA">0.1233</SimpleData>
					<SimpleData name="NOM_LOC">SOJO</SimpleData>
					<SimpleData name="NOM_PRE">S/N</SimpleData>
					<SimpleData name="NOM_BLO">SOJO Y LAS MARIPOSAS</SimpleData>
					<SimpleData name="CODCAT">31911</SimpleData>
					<SimpleData name="USUARIO"></SimpleData>
					<SimpleData name="AP_PAT_USU"></SimpleData>
					<SimpleData name="AP_MAT_USU"></SimpleData>
					<SimpleData name="NOM_USU"></SimpleData>
					<SimpleData name="TIPODOC">SIN DATO</SimpleData>
					<SimpleData name="NUM_DOC"></SimpleData>
					<SimpleData name="DESC_LIC"></SimpleData>
					<SimpleData name="PAR_AR_BR">0.1233</SimpleData>
					<SimpleData name="RES_ADM"></SimpleData>
					<SimpleData name="TOMA">SOJO Y LAS MARIPOSAS</SimpleData>
				</SchemaData>
			</ExtendedData>
			<Polygon>
				<outerBoundaryIs>
					<LinearRing>
						<coordinates>
							-80.81628192107017,-4.891764480478908,0 -80.81627452038005,-4.89178257171202,0 -80.81604419554013,-4.892348284811865,0 -80.81589963145107,-4.892288357334964,0 -80.81612689068372,-4.89171938668335,0 -80.81613411099026,-4.891701295403457,0 -80.81628192107017,-4.891764480478908,0 -80.81628192107017,-4.891764480478908,0
						</coordinates>
					</LinearRing>
				</outerBoundaryIs>
			</Polygon>
		</Placemark>
		<Placemark>
			<name>31910</name>
			<visibility>0</visibility>
			<ExtendedData>
				<SchemaData schemaUrl="#S_BLOQUE_SOJO_Y_LAS_MARIPOSAS">
					<SimpleData name="AREA_HA">0.1143</SimpleData>
					<SimpleData name="NOM_LOC">SOJO</SimpleData>
					<SimpleData name="NOM_PRE">EL PRADO</SimpleData>
					<SimpleData name="NOM_BLO">SOJO Y LAS MARIPOSAS</SimpleData>
					<SimpleData name="CODCAT">31910</SimpleData>
					<SimpleData name="USUARIO">CHINCHAY CHORRES, EDUARDO</SimpleData>
					<SimpleData name="AP_PAT_USU">CHINCHAY</SimpleData>
					<SimpleData name="AP_MAT_USU">CHORRES</SimpleData>
					<SimpleData name="NOM_USU">EDUARDO</SimpleData>
					<SimpleData name="TIPODOC">DNI</SimpleData>
					<SimpleData name="NUM_DOC">03629422</SimpleData>
					<SimpleData name="DESC_LIC">G.R.PIURA-420010-DRA.P-AACH-S.ATDRCH</SimpleData>
					<SimpleData name="PAR_AR_BR">0.11</SimpleData>
					<SimpleData name="RES_ADM">518-2005-G.R.PIURA-420010-DRA.P-AACH-S.ATDRCH</SimpleData>
					<SimpleData name="TOMA">SOJO Y LAS MARIPOSAS</SimpleData>
				</SchemaData>
			</ExtendedData>
			<Polygon>
				<outerBoundaryIs>
					<LinearRing>
						<coordinates>
							-80.81613411099026,-4.891701295403457,0 -80.81612689068372,-4.89171938668335,0 -80.81589963145107,-4.892288357334964,0 -80.81576101950178,-4.892230874016659,0 -80.81577148879919,-4.892205274930468,0 -80.81599161392614,-4.891669593931509,0 -80.81599901462241,-4.891651502701714,0 -80.81606701478657,-4.891672599600982,0 -80.81613411099026,-4.891701295403457,0 -80.81613411099026,-4.891701295403457,0
						</coordinates>
					</LinearRing>
				</outerBoundaryIs>
			</Polygon>
		</Placemark>
		<Placemark>
			<name>31909</name>
			<visibility>0</visibility>
			<ExtendedData>
				<SchemaData schemaUrl="#S_BLOQUE_SOJO_Y_LAS_MARIPOSAS">
					<SimpleData name="AREA_HA">0.128</SimpleData>
					<SimpleData name="NOM_LOC">SOJO</SimpleData>
					<SimpleData name="NOM_PRE">EL PRADO</SimpleData>
					<SimpleData name="NOM_BLO">SOJO Y LAS MARIPOSAS</SimpleData>
					<SimpleData name="CODCAT">31909</SimpleData>
					<SimpleData name="USUARIO">ACARO ALBURQUEQUE, JULIAN</SimpleData>
					<SimpleData name="AP_PAT_USU">ACARO</SimpleData>
					<SimpleData name="AP_MAT_USU">ALBURQUEQUE</SimpleData>
					<SimpleData name="NOM_USU">JULIAN</SimpleData>
					<SimpleData name="TIPODOC">DNI</SimpleData>
					<SimpleData name="NUM_DOC">03630413</SimpleData>
					<SimpleData name="DESC_LIC">G.R.PIURA-420010-DRA.P-AACH-S.ATDRCH</SimpleData>
					<SimpleData name="PAR_AR_BR">0.128</SimpleData>
					<SimpleData name="RES_ADM">518-2005-G.R.PIURA-420010-DRA.P-AACH-S.ATDRCH</SimpleData>
					<SimpleData name="TOMA">SOJO Y LAS MARIPOSAS</SimpleData>
				</SchemaData>
			</ExtendedData>
			<Polygon>
				<outerBoundaryIs>
					<LinearRing>
						<coordinates>
							-80.81599901462241,-4.891651502701714,0 -80.81599161392614,-4.891669593931509,0 -80.81577148879919,-4.892205274930468,0 -80.81576101950178,-4.892230874016659,0 -80.81560256720381,-4.892165243369842,0 -80.81561321674739,-4.892140187131478,0 -80.81583387882382,-4.891620609299078,0 -80.81584191111941,-4.891601613580181,0 -80.81584858460471,-4.89160469122524,0 -80.81599901462241,-4.891651502701714,0 -80.81599901462241,-4.891651502701714,0
						</coordinates>
					</LinearRing>
				</outerBoundaryIs>
			</Polygon>
		</Placemark>
		<Placemark>
			<name>31908</name>
			<visibility>0</visibility>
			<ExtendedData>
				<SchemaData schemaUrl="#S_BLOQUE_SOJO_Y_LAS_MARIPOSAS">
					<SimpleData name="AREA_HA">0.133</SimpleData>
					<SimpleData name="NOM_LOC">SOJO</SimpleData>
					<SimpleData name="NOM_PRE">EL PRADO</SimpleData>
					<SimpleData name="NOM_BLO">SOJO Y LAS MARIPOSAS</SimpleData>
					<SimpleData name="CODCAT">31908</SimpleData>
					<SimpleData name="USUARIO">CARRANZA RAMIREZ, SEBASTIAN</SimpleData>
					<SimpleData name="AP_PAT_USU">CARRANZA</SimpleData>
					<SimpleData name="AP_MAT_USU">RAMIREZ</SimpleData>
					<SimpleData name="NOM_USU">SEBASTIAN</SimpleData>
					<SimpleData name="TIPODOC">DNI</SimpleData>
					<SimpleData name="NUM_DOC">03630191</SimpleData>
					<SimpleData name="DESC_LIC">G.R.PIURA-420010-AACH-ATDRCH</SimpleData>
					<SimpleData name="PAR_AR_BR">0.1</SimpleData>
					<SimpleData name="RES_ADM">126-2006-G.R.PIURA-420010-AACH-ATDRCH</SimpleData>
					<SimpleData name="TOMA">SOJO Y LAS MARIPOSAS</SimpleData>
				</SchemaData>
			</ExtendedData>
			<Polygon>
				<outerBoundaryIs>
					<LinearRing>
						<coordinates>
							-80.81584191111941,-4.891601613580181,0 -80.81583387882382,-4.891620609299078,0 -80.81561321674739,-4.892140187131478,0 -80.81560256720381,-4.892165243369842,0 -80.81543924502701,-4.892097621117584,0 -80.81544863101783,-4.892075730854462,0 -80.81568364111476,-4.89152937897998,0 -80.81584191111941,-4.891601613580181,0 -80.81584191111941,-4.891601613580181,0
						</coordinates>
					</LinearRing>
				</outerBoundaryIs>
			</Polygon>
		</Placemark>
		<Placemark>
			<name>31907</name>
			<visibility>0</visibility>
			<ExtendedData>
				<SchemaData schemaUrl="#S_BLOQUE_SOJO_Y_LAS_MARIPOSAS">
					<SimpleData name="AREA_HA">0.1924</SimpleData>
					<SimpleData name="NOM_LOC">SOJO</SimpleData>
					<SimpleData name="NOM_PRE">EL PRADO</SimpleData>
					<SimpleData name="NOM_BLO">SOJO Y LAS MARIPOSAS</SimpleData>
					<SimpleData name="CODCAT">31907</SimpleData>
					<SimpleData name="USUARIO">FLORES MORE, TRANQUILINO</SimpleData>
					<SimpleData name="AP_PAT_USU">FLORES</SimpleData>
					<SimpleData name="AP_MAT_USU">MORE</SimpleData>
					<SimpleData name="NOM_USU">TRANQUILINO</SimpleData>
					<SimpleData name="TIPODOC">DNI</SimpleData>
					<SimpleData name="NUM_DOC">03629146</SimpleData>
					<SimpleData name="DESC_LIC">G.R.PIURA-420010-DRA.P-AACH-S.ATDRCH</SimpleData>
					<SimpleData name="PAR_AR_BR">0.19</SimpleData>
					<SimpleData name="RES_ADM">518-2005-G.R.PIURA-420010-DRA.P-AACH-S.ATDRCH</SimpleData>
					<SimpleData name="TOMA">SOJO Y LAS MARIPOSAS</SimpleData>
				</SchemaData>
			</ExtendedData>
			<Polygon>
				<outerBoundaryIs>
					<LinearRing>
						<coordinates>
							-80.81568364111476,-4.89152937897998,0 -80.81544863101783,-4.892075730854462,0 -80.81543924502701,-4.892097621117584,0 -80.81520098051763,-4.891998858232873,0 -80.81544113260418,-4.891449522457245,0 -80.8156707450413,-4.891523495206512,0 -80.81568364111476,-4.89152937897998,0 -80.81568364111476,-4.89152937897998,0
						</coordinates>
					</LinearRing>
				</outerBoundaryIs>
			</Polygon>
		</Placemark>
		<Placemark>
			<name>31906</name>
			<visibility>0</visibility>
			<ExtendedData>
				<SchemaData schemaUrl="#S_BLOQUE_SOJO_Y_LAS_MARIPOSAS">
					<SimpleData name="AREA_HA">0.2068</SimpleData>
					<SimpleData name="NOM_LOC">SOJO</SimpleData>
					<SimpleData name="NOM_PRE">EL PRADO</SimpleData>
					<SimpleData name="NOM_BLO">SOJO Y LAS MARIPOSAS</SimpleData>
					<SimpleData name="CODCAT">31906</SimpleData>
					<SimpleData name="USUARIO">YPANAQUE LITANO, TEODOSIO</SimpleData>
					<SimpleData name="AP_PAT_USU">YPANAQUE</SimpleData>
					<SimpleData name="AP_MAT_USU">LITANO</SimpleData>
					<SimpleData name="NOM_USU">TEODOSIO</SimpleData>
					<SimpleData name="TIPODOC">DNI</SimpleData>
					<SimpleData name="NUM_DOC">80664471</SimpleData>
					<SimpleData name="DESC_LIC">G.R.PIURA-420010-DRA.P-AACH-S.ATDRCH</SimpleData>
					<SimpleData name="PAR_AR_BR">0.2</SimpleData>
					<SimpleData name="RES_ADM">518-2005-G.R.PIURA-420010-DRA.P-AACH-S.ATDRCH</SimpleData>
					<SimpleData name="TOMA">SOJO Y LAS MARIPOSAS</SimpleData>
				</SchemaData>
			</ExtendedData>
			<Polygon>
				<outerBoundaryIs>
					<LinearRing>
						<coordinates>
							-80.81544113260418,-4.891449522457245,0 -80.81520098051763,-4.891998858232873,0 -80.81492925805513,-4.891886244895318,0 -80.81494026827039,-4.8918616410964,0 -80.81514657380342,-4.891402400507444,0 -80.81515469606539,-4.891384309482665,0 -80.81526265169794,-4.891405869593342,0 -80.81543409813057,-4.891447258905719,0 -80.81544113260418,-4.891449522457245,0 -80.81544113260418,-4.891449522457245,0
						</coordinates>
					</LinearRing>
				</outerBoundaryIs>
			</Polygon>
		</Placemark>
		<Placemark>
			<name>31905</name>
			<visibility>0</visibility>
			<ExtendedData>
				<SchemaData schemaUrl="#S_BLOQUE_SOJO_Y_LAS_MARIPOSAS">
					<SimpleData name="AREA_HA">0.1696</SimpleData>
					<SimpleData name="NOM_LOC">SOJO</SimpleData>
					<SimpleData name="NOM_PRE">EL PRADO</SimpleData>
					<SimpleData name="NOM_BLO">SOJO Y LAS MARIPOSAS</SimpleData>
					<SimpleData name="CODCAT">31905</SimpleData>
					<SimpleData name="USUARIO">CHINCHAY CHORRES, PALERMO</SimpleData>
					<SimpleData name="AP_PAT_USU">CHINCHAY</SimpleData>
					<SimpleData name="AP_MAT_USU">CHORRES</SimpleData>
					<SimpleData name="NOM_USU">PALERMO</SimpleData>
					<SimpleData name="TIPODOC">DNI</SimpleData>
					<SimpleData name="NUM_DOC">03629590</SimpleData>
					<SimpleData name="DESC_LIC">G.R.PIURA-420010-DRA.P-AACH-S.ATDRCH</SimpleData>
					<SimpleData name="PAR_AR_BR">0.1696</SimpleData>
					<SimpleData name="RES_ADM">518-2005-G.R.PIURA-420010-DRA.P-AACH-S.ATDRCH</SimpleData>
					<SimpleData name="TOMA">SOJO Y LAS MARIPOSAS</SimpleData>
				</SchemaData>
			</ExtendedData>
			<Polygon>
				<outerBoundaryIs>
					<LinearRing>
						<coordinates>
							-80.81515469606539,-4.891384309482665,0 -80.81514657380342,-4.891402400507444,0 -80.81494026827039,-4.8918616410964,0 -80.81492925805513,-4.891886244895318,0 -80.81481084733083,-4.89183718020191,0 -80.81469180597766,-4.891785491800311,0 -80.81470119174391,-4.891764506209206,0 -80.81490659513079,-4.891306531978808,0 -80.81506973852235,-4.891367278881016,0 -80.81515469606539,-4.891384309482665,0 -80.81515469606539,-4.891384309482665,0
						</coordinates>
					</LinearRing>
				</outerBoundaryIs>
			</Polygon>
		</Placemark>
		<Placemark>
			<name>31937</name>
			<visibility>0</visibility>
			<ExtendedData>
				<SchemaData schemaUrl="#S_BLOQUE_SOJO_Y_LAS_MARIPOSAS">
					<SimpleData name="AREA_HA">0.1229</SimpleData>
					<SimpleData name="NOM_LOC">SOJO</SimpleData>
					<SimpleData name="NOM_PRE">EL PRADO</SimpleData>
					<SimpleData name="NOM_BLO">SOJO Y LAS MARIPOSAS</SimpleData>
					<SimpleData name="CODCAT">31937</SimpleData>
					<SimpleData name="USUARIO">SUCESION JUAN SERNAQUE CHAVEZ</SimpleData>
					<SimpleData name="AP_PAT_USU">SUCESION</SimpleData>
					<SimpleData name="AP_MAT_USU">JUAN</SimpleData>
					<SimpleData name="NOM_USU">SERNAQUE CHAVEZ</SimpleData>
					<SimpleData name="TIPODOC">DNI</SimpleData>
					<SimpleData name="NUM_DOC">03630220</SimpleData>
					<SimpleData name="DESC_LIC">G.R.PIURA-420010-DRA.P-AACH-S.ATDRCH</SimpleData>
					<SimpleData name="PAR_AR_BR">0.12</SimpleData>
					<SimpleData name="RES_ADM">518-2005-G.R.PIURA-420010-DRA.P-AACH-S.ATDRCH</SimpleData>
					<SimpleData name="TOMA">SOJO Y LAS MARIPOSAS</SimpleData>
				</SchemaData>
			</ExtendedData>
			<Polygon>
				<outerBoundaryIs>
					<LinearRing>
						<coordinates>
							-80.81490659513079,-4.891306531978808,0 -80.81470119174391,-4.891764506209206,0 -80.81469180597766,-4.891785491800311,0 -80.81450774283442,-4.89170556031514,0 -80.81472234151597,-4.891264415334495,0 -80.81473109514052,-4.891246324486255,0 -80.81487638338868,-4.891295306002399,0 -80.81490659513079,-4.891306531978808,0 -80.81490659513079,-4.891306531978808,0
						</coordinates>
					</LinearRing>
				</outerBoundaryIs>
			</Polygon>
		</Placemark>
		<Placemark>
			<name>31936</name>
			<visibility>0</visibility>
			<ExtendedData>
				<SchemaData schemaUrl="#S_BLOQUE_SOJO_Y_LAS_MARIPOSAS">
					<SimpleData name="AREA_HA">0.1214</SimpleData>
					<SimpleData name="NOM_LOC">SOJO</SimpleData>
					<SimpleData name="NOM_PRE">EL PRADO</SimpleData>
					<SimpleData name="NOM_BLO">SOJO Y LAS MARIPOSAS</SimpleData>
					<SimpleData name="CODCAT">31936</SimpleData>
					<SimpleData name="USUARIO">CHINCHAY CHORRES, GRABIEL</SimpleData>
					<SimpleData name="AP_PAT_USU">CHINCHAY</SimpleData>
					<SimpleData name="AP_MAT_USU">CHORRES</SimpleData>
					<SimpleData name="NOM_USU">GRABIEL</SimpleData>
					<SimpleData name="TIPODOC">DNI</SimpleData>
					<SimpleData name="NUM_DOC">03629802</SimpleData>
					<SimpleData name="DESC_LIC">G.R.PIURA-420010-AACH-ATDRCH</SimpleData>
					<SimpleData name="PAR_AR_BR">0.12</SimpleData>
					<SimpleData name="RES_ADM">126-2006-G.R.PIURA-420010-AACH-ATDRCH</SimpleData>
					<SimpleData name="TOMA">SOJO Y LAS MARIPOSAS</SimpleData>
				</SchemaData>
			</ExtendedData>
			<Polygon>
				<outerBoundaryIs>
					<LinearRing>
						<coordinates>
							-80.81473109514052,-4.891246324486255,0 -80.81472234151597,-4.891264415334495,0 -80.81450774283442,-4.89170556031514,0 -80.81448664005083,-4.891696417512685,0 -80.8143330568172,-4.891636849123923,0 -80.81454053524384,-4.891177428118065,0 -80.81467932888582,-4.891228850498919,0 -80.81473109514052,-4.891246324486255,0 -80.81473109514052,-4.891246324486255,0
						</coordinates>
					</LinearRing>
				</outerBoundaryIs>
			</Polygon>
		</Placemark>
		<Placemark>
			<name>31935</name>
			<visibility>0</visibility>
			<ExtendedData>
				<SchemaData schemaUrl="#S_BLOQUE_SOJO_Y_LAS_MARIPOSAS">
					<SimpleData name="AREA_HA">0.1455</SimpleData>
					<SimpleData name="NOM_LOC">SOJO</SimpleData>
					<SimpleData name="NOM_PRE">EL PRADO</SimpleData>
					<SimpleData name="NOM_BLO">SOJO Y LAS MARIPOSAS</SimpleData>
					<SimpleData name="CODCAT">31935</SimpleData>
					<SimpleData name="USUARIO">MORALES CHAVEZ, ANGEL</SimpleData>
					<SimpleData name="AP_PAT_USU">MORALES</SimpleData>
					<SimpleData name="AP_MAT_USU">CHAVEZ</SimpleData>
					<SimpleData name="NOM_USU">ANGEL</SimpleData>
					<SimpleData name="TIPODOC">DNI</SimpleData>
					<SimpleData name="NUM_DOC">03630882</SimpleData>
					<SimpleData name="DESC_LIC">G.R.PIURA-420010-AACH-ATDRCH</SimpleData>
					<SimpleData name="PAR_AR_BR">0.14</SimpleData>
					<SimpleData name="RES_ADM">126-2006-G.R.PIURA-420010-AACH-ATDRCH</SimpleData>
					<SimpleData name="TOMA">SOJO Y LAS MARIPOSAS</SimpleData>
				</SchemaData>
			</ExtendedData>
			<Polygon>
				<outerBoundaryIs>
					<LinearRing>
						<coordinates>
							-80.81454053524384,-4.891177428118065,0 -80.8143330568172,-4.891636849123923,0 -80.81425856492163,-4.891607879736435,0 -80.81410074366984,-4.891544510568203,0 -80.81429476656868,-4.891147507592288,0 -80.81430361039614,-4.891129416774445,0 -80.81437810819871,-4.891136312428492,0 -80.81453187754099,-4.891174259455933,0 -80.81454053524384,-4.891177428118065,0 -80.81454053524384,-4.891177428118065,0
						</coordinates>
					</LinearRing>
				</outerBoundaryIs>
			</Polygon>
		</Placemark>
		<Placemark>
			<name>31934</name>
			<visibility>0</visibility>
			<ExtendedData>
				<SchemaData schemaUrl="#S_BLOQUE_SOJO_Y_LAS_MARIPOSAS">
					<SimpleData name="AREA_HA">0.1604</SimpleData>
					<SimpleData name="NOM_LOC">SOJO</SimpleData>
					<SimpleData name="NOM_PRE">EL PRADO</SimpleData>
					<SimpleData name="NOM_BLO">SOJO Y LAS MARIPOSAS</SimpleData>
					<SimpleData name="CODCAT">31934</SimpleData>
					<SimpleData name="USUARIO">COBEÑAS RAYMUNDO, HUGO</SimpleData>
					<SimpleData name="AP_PAT_USU">COBEÑAS</SimpleData>
					<SimpleData name="AP_MAT_USU">REYMUNDO</SimpleData>
					<SimpleData name="NOM_USU">HUGO</SimpleData>
					<SimpleData name="TIPODOC">DNI</SimpleData>
					<SimpleData name="NUM_DOC">03630904</SimpleData>
					<SimpleData name="DESC_LIC">G.R.PIURA-420010-AACH-ATDRCH</SimpleData>
					<SimpleData name="PAR_AR_BR">0.16</SimpleData>
					<SimpleData name="RES_ADM">126-2006-G.R.PIURA-420010-AACH-ATDRCH</SimpleData>
					<SimpleData name="TOMA">SOJO Y LAS MARIPOSAS</SimpleData>
				</SchemaData>
			</ExtendedData>
			<Polygon>
				<outerBoundaryIs>
					<LinearRing>
						<coordinates>
							-80.81430361039614,-4.891129416774445,0 -80.81429476656868,-4.891147507592288,0 -80.81410074366984,-4.891544510568203,0 -80.81409722652064,-4.891543062154174,0 -80.81398531001346,-4.891493365822264,0 -80.81395636370316,-4.891472098412231,0 -80.81387853559596,-4.891439780830121,0 -80.81383930913772,-4.891411544726765,0 -80.81382182659578,-4.891356265180464,0 -80.81382202196998,-4.891300899982298,0 -80.81382672358075,-4.891258201264856,0 -80.81384296410549,-4.891237036620679,0 -80.81389709501906,-4.891181867039116,0 -80.81398711893792,-4.891141181795382,0 -80.81410185094079,-4.891118506011671,0 -80.81423713960265,-4.891123247022016,0 -80.81430361039614,-4.891129416774445,0 -80.81430361039614,-4.891129416774445,0
						</coordinates>
					</LinearRing>
				</outerBoundaryIs>
			</Polygon>
		</Placemark>
		<Placemark>
			<name>31876</name>
			<visibility>0</visibility>
			<ExtendedData>
				<SchemaData schemaUrl="#S_BLOQUE_SOJO_Y_LAS_MARIPOSAS">
					<SimpleData name="AREA_HA">0.9228</SimpleData>
					<SimpleData name="NOM_LOC">SOJO</SimpleData>
					<SimpleData name="NOM_PRE">EL PRADO</SimpleData>
					<SimpleData name="NOM_BLO">SOJO Y LAS MARIPOSAS</SimpleData>
					<SimpleData name="CODCAT">31876</SimpleData>
					<SimpleData name="USUARIO">ZAPATA TORRES, VIDAL</SimpleData>
					<SimpleData name="AP_PAT_USU">ZAPATA</SimpleData>
					<SimpleData name="AP_MAT_USU">TORRES</SimpleData>
					<SimpleData name="NOM_USU">VIDAL</SimpleData>
					<SimpleData name="TIPODOC">DNI</SimpleData>
					<SimpleData name="NUM_DOC">03631083</SimpleData>
					<SimpleData name="DESC_LIC">G.R.PIURA-420010-AACH-ATDRCH</SimpleData>
					<SimpleData name="PAR_AR_BR">0.3</SimpleData>
					<SimpleData name="RES_ADM">126-2006-G.R.PIURA-420010-AACH-ATDRCH</SimpleData>
					<SimpleData name="TOMA">SOJO Y LAS MARIPOSAS</SimpleData>
				</SchemaData>
			</ExtendedData>
			<Polygon>
				<outerBoundaryIs>
					<LinearRing>
						<coordinates>
							-80.81712235308687,-4.893423130509151,0 -80.8155320142082,-4.897287595660453,0 -80.8154429102419,-4.897258441504384,0 -80.81533279224706,-4.897224848816073,0 -80.81698581625791,-4.893361848412154,0 -80.81712235308687,-4.893423130509151,0 -80.81712235308687,-4.893423130509151,0
						</coordinates>
					</LinearRing>
				</outerBoundaryIs>
			</Polygon>
		</Placemark>
		<Placemark>
			<name>31878</name>
			<visibility>0</visibility>
			<ExtendedData>
				<SchemaData schemaUrl="#S_BLOQUE_SOJO_Y_LAS_MARIPOSAS">
					<SimpleData name="AREA_HA">0.8039</SimpleData>
					<SimpleData name="NOM_LOC">SOJO</SimpleData>
					<SimpleData name="NOM_PRE">EL PRADO</SimpleData>
					<SimpleData name="NOM_BLO">SOJO Y LAS MARIPOSAS</SimpleData>
					<SimpleData name="CODCAT">31878</SimpleData>
					<SimpleData name="USUARIO">RUIZ ATOCHA, LUCIANO</SimpleData>
					<SimpleData name="AP_PAT_USU">RUIZ</SimpleData>
					<SimpleData name="AP_MAT_USU">ATOCHA</SimpleData>
					<SimpleData name="NOM_USU">LUCIANO</SimpleData>
					<SimpleData name="TIPODOC">DNI</SimpleData>
					<SimpleData name="NUM_DOC">03630621</SimpleData>
					<SimpleData name="DESC_LIC">G.R.PIURA-420010-DRA.P-AACH-S.ATDRCH</SimpleData>
					<SimpleData name="PAR_AR_BR">0.8</SimpleData>
					<SimpleData name="RES_ADM">518-2005-G.R.PIURA-420010-DRA.P-AACH-S.ATDRCH</SimpleData>
					<SimpleData name="TOMA">SOJO Y LAS MARIPOSAS</SimpleData>
				</SchemaData>
			</ExtendedData>
			<Polygon>
				<outerBoundaryIs>
					<LinearRing>
						<coordinates>
							-80.81698581625791,-4.893361848412154,0 -80.81533279224706,-4.897224848816073,0 -80.81531628808644,-4.897219778251845,0 -80.81518795722296,-4.897162659431351,0 -80.81519779458554,-4.897139593241073,0 -80.81684639359692,-4.893299298989433,0 -80.81698581625791,-4.893361848412154,0 -80.81698581625791,-4.893361848412154,0
						</coordinates>
					</LinearRing>
				</outerBoundaryIs>
			</Polygon>
		</Placemark>
		<Placemark>
			<name>31880</name>
			<visibility>0</visibility>
			<ExtendedData>
				<SchemaData schemaUrl="#S_BLOQUE_SOJO_Y_LAS_MARIPOSAS">
					<SimpleData name="AREA_HA">0.6878</SimpleData>
					<SimpleData name="NOM_LOC">SOJO</SimpleData>
					<SimpleData name="NOM_PRE">EL PRADO</SimpleData>
					<SimpleData name="NOM_BLO">SOJO Y LAS MARIPOSAS</SimpleData>
					<SimpleData name="CODCAT">31880</SimpleData>
					<SimpleData name="USUARIO">CANOVA CRUZ, JOSE GUMERCINDO</SimpleData>
					<SimpleData name="AP_PAT_USU">CANOVA</SimpleData>
					<SimpleData name="AP_MAT_USU">CRUZ</SimpleData>
					<SimpleData name="NOM_USU">JOSE GUMERCINDO</SimpleData>
					<SimpleData name="TIPODOC">DNI</SimpleData>
					<SimpleData name="NUM_DOC">03630182</SimpleData>
					<SimpleData name="DESC_LIC">G.R.PIURA-420010-DRA.P-AACH-S.ATDRCH</SimpleData>
					<SimpleData name="PAR_AR_BR">0.6878</SimpleData>
					<SimpleData name="RES_ADM">518-2005-G.R.PIURA-420010-DRA.P-AACH-S.ATDRCH</SimpleData>
					<SimpleData name="TOMA">SOJO Y LAS MARIPOSAS</SimpleData>
				</SchemaData>
			</ExtendedData>
			<Polygon>
				<outerBoundaryIs>
					<LinearRing>
						<coordinates>
							-80.81669371407315,-4.893230865686748,0 -80.81502562861579,-4.897085447907337,0 -80.8149508680458,-4.89704707003156,0 -80.81491948484199,-4.897030958563001,0 -80.81493148830729,-4.897002555464727,0 -80.81655961223761,-4.893170760217767,0 -80.81669371407315,-4.893230865686748,0 -80.81669371407315,-4.893230865686748,0
						</coordinates>
					</LinearRing>
				</outerBoundaryIs>
			</Polygon>
		</Placemark>
		<Placemark>
			<name>31881</name>
			<visibility>0</visibility>
			<ExtendedData>
				<SchemaData schemaUrl="#S_BLOQUE_SOJO_Y_LAS_MARIPOSAS">
					<SimpleData name="AREA_HA">0.7389</SimpleData>
					<SimpleData name="NOM_LOC">SOJO</SimpleData>
					<SimpleData name="NOM_PRE">EL PRADO</SimpleData>
					<SimpleData name="NOM_BLO">SOJO Y LAS MARIPOSAS</SimpleData>
					<SimpleData name="CODCAT">31881</SimpleData>
					<SimpleData name="USUARIO">MORE ZAPATA, MANUEL DE LA CRUZ</SimpleData>
					<SimpleData name="AP_PAT_USU">MORE</SimpleData>
					<SimpleData name="AP_MAT_USU">ZAPATA</SimpleData>
					<SimpleData name="NOM_USU">MANUEL DE LA CRUZ</SimpleData>
					<SimpleData name="TIPODOC">DNI</SimpleData>
					<SimpleData name="NUM_DOC">03630236</SimpleData>
					<SimpleData name="DESC_LIC">G.R.PIURA-420010-DRA.P-AACH-S.ATDRCH</SimpleData>
					<SimpleData name="PAR_AR_BR">0.73</SimpleData>
					<SimpleData name="RES_ADM">518-2005-G.R.PIURA-420010-DRA.P-AACH-S.ATDRCH</SimpleData>
					<SimpleData name="TOMA">SOJO Y LAS MARIPOSAS</SimpleData>
				</SchemaData>
			</ExtendedData>
			<Polygon>
				<outerBoundaryIs>
					<LinearRing>
						<coordinates>
							-80.81655961223761,-4.893170760217767,0 -80.81493148830729,-4.897002555464727,0 -80.81491948484199,-4.897030958563001,0 -80.81478854112943,-4.89696379722449,0 -80.81480018348117,-4.896936660555918,0 -80.81643218395384,-4.893113641896434,0 -80.81655961223761,-4.893170760217767,0 -80.81655961223761,-4.893170760217767,0
						</coordinates>
					</LinearRing>
				</outerBoundaryIs>
			</Polygon>
		</Placemark>
		<Placemark>
			<name>31882</name>
			<visibility>0</visibility>
			<ExtendedData>
				<SchemaData schemaUrl="#S_BLOQUE_SOJO_Y_LAS_MARIPOSAS">
					<SimpleData name="AREA_HA">0.8061</SimpleData>
					<SimpleData name="NOM_LOC">SOJO</SimpleData>
					<SimpleData name="NOM_PRE">EL PRADO</SimpleData>
					<SimpleData name="NOM_BLO">SOJO Y LAS MARIPOSAS</SimpleData>
					<SimpleData name="CODCAT">31882</SimpleData>
					<SimpleData name="USUARIO">FLORES LITANO, VICTOR</SimpleData>
					<SimpleData name="AP_PAT_USU">FLORES</SimpleData>
					<SimpleData name="AP_MAT_USU">LITANO</SimpleData>
					<SimpleData name="NOM_USU">VICTOR</SimpleData>
					<SimpleData name="TIPODOC">DNI</SimpleData>
					<SimpleData name="NUM_DOC">03629790</SimpleData>
					<SimpleData name="DESC_LIC">G.R.PIURA-420010-DRA.P-AACH-S.ATDRCH</SimpleData>
					<SimpleData name="PAR_AR_BR">0.8061</SimpleData>
					<SimpleData name="RES_ADM">518-2005-G.R.PIURA-420010-DRA.P-AACH-S.ATDRCH</SimpleData>
					<SimpleData name="TOMA">SOJO Y LAS MARIPOSAS</SimpleData>
				</SchemaData>
			</ExtendedData>
			<Polygon>
				<outerBoundaryIs>
					<LinearRing>
						<coordinates>
							-80.81643218395384,-4.893113641896434,0 -80.81480018348117,-4.896936660555918,0 -80.81478854112943,-4.89696379722449,0 -80.81477393171387,-4.896956284576765,0 -80.81466526799043,-4.896881620572666,0 -80.81627905362177,-4.893044936982616,0 -80.81643218395384,-4.893113641896434,0 -80.81643218395384,-4.893113641896434,0
						</coordinates>
					</LinearRing>
				</outerBoundaryIs>
			</Polygon>
		</Placemark>
		<Placemark>
			<name>31893</name>
			<visibility>0</visibility>
			<ExtendedData>
				<SchemaData schemaUrl="#S_BLOQUE_SOJO_Y_LAS_MARIPOSAS">
					<SimpleData name="AREA_HA">0.9664</SimpleData>
					<SimpleData name="NOM_LOC">SOJO</SimpleData>
					<SimpleData name="NOM_PRE">EL PRADO</SimpleData>
					<SimpleData name="NOM_BLO">SOJO Y LAS MARIPOSAS</SimpleData>
					<SimpleData name="CODCAT">31893</SimpleData>
					<SimpleData name="USUARIO">ZAPATA CHORRES, FELIX</SimpleData>
					<SimpleData name="AP_PAT_USU">ZAPATA</SimpleData>
					<SimpleData name="AP_MAT_USU">CHORRES</SimpleData>
					<SimpleData name="NOM_USU">FELIX</SimpleData>
					<SimpleData name="TIPODOC">DNI</SimpleData>
					<SimpleData name="NUM_DOC">03630171</SimpleData>
					<SimpleData name="DESC_LIC">G.R.PIURA-420010-DRA.P-AACH-S.ATDRCH</SimpleData>
					<SimpleData name="PAR_AR_BR">0.96</SimpleData>
					<SimpleData name="RES_ADM">518-2005-G.R.PIURA-420010-DRA.P-AACH-S.ATDRCH</SimpleData>
					<SimpleData name="TOMA">SOJO Y LAS MARIPOSAS</SimpleData>
				</SchemaData>
			</ExtendedData>
			<Polygon>
				<outerBoundaryIs>
					<LinearRing>
						<coordinates>
							-80.81631545705721,-4.892499707545617,0 -80.81450637778246,-4.896764061985741,0 -80.81445975764889,-4.896726324962934,0 -80.81436642732571,-4.896650398553195,0 -80.81438032605435,-4.89661765360816,0 -80.81614761568987,-4.892467094629729,0 -80.81616088252218,-4.892435706458747,0 -80.81630643869943,-4.892495996012096,0 -80.81631545705721,-4.892499707545617,0 -80.81631545705721,-4.892499707545617,0
						</coordinates>
					</LinearRing>
				</outerBoundaryIs>
			</Polygon>
		</Placemark>
		<Placemark>
			<name>31894</name>
			<visibility>0</visibility>
			<ExtendedData>
				<SchemaData schemaUrl="#S_BLOQUE_SOJO_Y_LAS_MARIPOSAS">
					<SimpleData name="AREA_HA">0.8932</SimpleData>
					<SimpleData name="NOM_LOC">SOJO</SimpleData>
					<SimpleData name="NOM_PRE">EL PRADO</SimpleData>
					<SimpleData name="NOM_BLO">SOJO Y LAS MARIPOSAS</SimpleData>
					<SimpleData name="CODCAT">31894</SimpleData>
					<SimpleData name="USUARIO">CARRANZA GARCIA, FRANCISCO</SimpleData>
					<SimpleData name="AP_PAT_USU">CARRANZA</SimpleData>
					<SimpleData name="AP_MAT_USU">GARCIA</SimpleData>
					<SimpleData name="NOM_USU">FRANCISCO</SimpleData>
					<SimpleData name="TIPODOC">DNI</SimpleData>
					<SimpleData name="NUM_DOC">80298291</SimpleData>
					<SimpleData name="DESC_LIC">G.R.PIURA-420010-DRA.P-AACH-S.ATDRCH</SimpleData>
					<SimpleData name="PAR_AR_BR">0.89</SimpleData>
					<SimpleData name="RES_ADM">518-2005-G.R.PIURA-420010-DRA.P-AACH-S.ATDRCH</SimpleData>
					<SimpleData name="TOMA">SOJO Y LAS MARIPOSAS</SimpleData>
				</SchemaData>
			</ExtendedData>
			<Polygon>
				<outerBoundaryIs>
					<LinearRing>
						<coordinates>
							-80.81616088252218,-4.892435706458747,0 -80.81614761568987,-4.892467094629729,0 -80.81438032605435,-4.89661765360816,0 -80.81436642732571,-4.896650398553195,0 -80.81434703986297,-4.896634652183907,0 -80.81422213838147,-4.896570839626568,0 -80.81600458383819,-4.892410967162874,0 -80.81601920427966,-4.892376955842115,0 -80.81616088252218,-4.892435706458747,0 -80.81616088252218,-4.892435706458747,0
						</coordinates>
					</LinearRing>
				</outerBoundaryIs>
			</Polygon>
		</Placemark>
		<Placemark>
			<name>31895</name>
			<visibility>0</visibility>
			<ExtendedData>
				<SchemaData schemaUrl="#S_BLOQUE_SOJO_Y_LAS_MARIPOSAS">
					<SimpleData name="AREA_HA">0.9129</SimpleData>
					<SimpleData name="NOM_LOC">SOJO</SimpleData>
					<SimpleData name="NOM_PRE">S/N</SimpleData>
					<SimpleData name="NOM_BLO">SOJO Y LAS MARIPOSAS</SimpleData>
					<SimpleData name="CODCAT">31895</SimpleData>
					<SimpleData name="USUARIO"></SimpleData>
					<SimpleData name="AP_PAT_USU"></SimpleData>
					<SimpleData name="AP_MAT_USU"></SimpleData>
					<SimpleData name="NOM_USU"></SimpleData>
					<SimpleData name="TIPODOC">SIN DATO</SimpleData>
					<SimpleData name="NUM_DOC"></SimpleData>
					<SimpleData name="DESC_LIC"></SimpleData>
					<SimpleData name="PAR_AR_BR">0.9129</SimpleData>
					<SimpleData name="RES_ADM"></SimpleData>
					<SimpleData name="TOMA">SOJO Y LAS MARIPOSAS</SimpleData>
				</SchemaData>
			</ExtendedData>
			<Polygon>
				<outerBoundaryIs>
					<LinearRing>
						<coordinates>
							-80.81601920427966,-4.892376955842115,0 -80.81600458383819,-4.892410967162874,0 -80.81422213838147,-4.896570839626568,0 -80.81412753792617,-4.896522504995291,0 -80.81407324823124,-4.896496255051952,0 -80.81408173180489,-4.896476535755197,0 -80.81586137525755,-4.892341269702931,0 -80.81587220523006,-4.892316032576723,0 -80.81601920427966,-4.892376955842115,0 -80.81601920427966,-4.892376955842115,0
						</coordinates>
					</LinearRing>
				</outerBoundaryIs>
			</Polygon>
		</Placemark>
		<Placemark>
			<name>31896</name>
			<visibility>0</visibility>
			<ExtendedData>
				<SchemaData schemaUrl="#S_BLOQUE_SOJO_Y_LAS_MARIPOSAS">
					<SimpleData name="AREA_HA">1.0295</SimpleData>
					<SimpleData name="NOM_LOC">SOJO</SimpleData>
					<SimpleData name="NOM_PRE">EL PRADO</SimpleData>
					<SimpleData name="NOM_BLO">SOJO Y LAS MARIPOSAS</SimpleData>
					<SimpleData name="CODCAT">31896</SimpleData>
					<SimpleData name="USUARIO">CHINCHAY CHORRES, EDUARDO</SimpleData>
					<SimpleData name="AP_PAT_USU">CHINCHAY</SimpleData>
					<SimpleData name="AP_MAT_USU">CHORRES</SimpleData>
					<SimpleData name="NOM_USU">EDUARDO</SimpleData>
					<SimpleData name="TIPODOC">DNI</SimpleData>
					<SimpleData name="NUM_DOC">03629422</SimpleData>
					<SimpleData name="DESC_LIC">G.R.PIURA-420010-DRA.P-AACH-S.ATDRCH</SimpleData>
					<SimpleData name="PAR_AR_BR">1</SimpleData>
					<SimpleData name="RES_ADM">518-2005-G.R.PIURA-420010-DRA.P-AACH-S.ATDRCH</SimpleData>
					<SimpleData name="TOMA">SOJO Y LAS MARIPOSAS</SimpleData>
				</SchemaData>
			</ExtendedData>
			<Polygon>
				<outerBoundaryIs>
					<LinearRing>
						<coordinates>
							-80.81587220523006,-4.892316032576723,0 -80.81586137525755,-4.892341269702931,0 -80.81408173180489,-4.896476535755197,0 -80.81407324823124,-4.896496255051952,0 -80.81387620015758,-4.896400850122196,0 -80.8138683543585,-4.896396867476122,0 -80.81386646062779,-4.89639560043477,0 -80.81574477600509,-4.89226325650423,0 -80.81587220523006,-4.892316032576723,0 -80.81587220523006,-4.892316032576723,0
						</coordinates>
					</LinearRing>
				</outerBoundaryIs>
			</Polygon>
		</Placemark>
		<Placemark>
			<name>31897</name>
			<visibility>0</visibility>
			<ExtendedData>
				<SchemaData schemaUrl="#S_BLOQUE_SOJO_Y_LAS_MARIPOSAS">
					<SimpleData name="AREA_HA">0.967</SimpleData>
					<SimpleData name="NOM_LOC">SOJO</SimpleData>
					<SimpleData name="NOM_PRE">EL PRADO</SimpleData>
					<SimpleData name="NOM_BLO">SOJO Y LAS MARIPOSAS</SimpleData>
					<SimpleData name="CODCAT">31897</SimpleData>
					<SimpleData name="USUARIO">ACARO ALBURQUEQUE, JULIAN</SimpleData>
					<SimpleData name="AP_PAT_USU">ACARO</SimpleData>
					<SimpleData name="AP_MAT_USU">ALBURQUEQUE</SimpleData>
					<SimpleData name="NOM_USU">JULIAN</SimpleData>
					<SimpleData name="TIPODOC">DNI</SimpleData>
					<SimpleData name="NUM_DOC">03630413</SimpleData>
					<SimpleData name="DESC_LIC">G.R.PIURA-420010-DRA.P-AACH-S.ATDRCH</SimpleData>
					<SimpleData name="PAR_AR_BR">0.967</SimpleData>
					<SimpleData name="RES_ADM">518-2005-G.R.PIURA-420010-DRA.P-AACH-S.ATDRCH</SimpleData>
					<SimpleData name="TOMA">SOJO Y LAS MARIPOSAS</SimpleData>
				</SchemaData>
			</ExtendedData>
			<Polygon>
				<outerBoundaryIs>
					<LinearRing>
						<coordinates>
							-80.81574477600509,-4.89226325650423,0 -80.81386646062779,-4.89639560043477,0 -80.81372298918761,-4.896295234428005,0 -80.8137366166213,-4.896265203405417,0 -80.81556990121747,-4.892224761254163,0 -80.81558289673879,-4.892196177471282,0 -80.81574477600509,-4.89226325650423,0 -80.81574477600509,-4.89226325650423,0
						</coordinates>
					</LinearRing>
				</outerBoundaryIs>
			</Polygon>
		</Placemark>
		<Placemark>
			<name>31898</name>
			<visibility>0</visibility>
			<ExtendedData>
				<SchemaData schemaUrl="#S_BLOQUE_SOJO_Y_LAS_MARIPOSAS">
					<SimpleData name="AREA_HA">0.9106</SimpleData>
					<SimpleData name="NOM_LOC">SOJO</SimpleData>
					<SimpleData name="NOM_PRE">EL PRADO</SimpleData>
					<SimpleData name="NOM_BLO">SOJO Y LAS MARIPOSAS</SimpleData>
					<SimpleData name="CODCAT">31898</SimpleData>
					<SimpleData name="USUARIO">CARRANZA RAMIREZ, SEBASTIAN</SimpleData>
					<SimpleData name="AP_PAT_USU">CARRANZA</SimpleData>
					<SimpleData name="AP_MAT_USU">RAMIREZ</SimpleData>
					<SimpleData name="NOM_USU">SEBASTIAN</SimpleData>
					<SimpleData name="TIPODOC">DNI</SimpleData>
					<SimpleData name="NUM_DOC">03630191</SimpleData>
					<SimpleData name="DESC_LIC">G.R.PIURA-420010-AACH-ATDRCH</SimpleData>
					<SimpleData name="PAR_AR_BR">0.9105</SimpleData>
					<SimpleData name="RES_ADM">126-2006-G.R.PIURA-420010-AACH-ATDRCH</SimpleData>
					<SimpleData name="TOMA">SOJO Y LAS MARIPOSAS</SimpleData>
				</SchemaData>
			</ExtendedData>
			<Polygon>
				<outerBoundaryIs>
					<LinearRing>
						<coordinates>
							-80.81558289673879,-4.892196177471282,0 -80.81556990121747,-4.892224761254163,0 -80.8137366166213,-4.896265203405417,0 -80.81372298918761,-4.896295234428005,0 -80.81363091858373,-4.896230887922362,0 -80.8135962916347,-4.896203105384112,0 -80.81360477499717,-4.896184200288363,0 -80.81428840711493,-4.894656776163401,0 -80.81540387130879,-4.89216428508461,0 -80.81541984511273,-4.892128645753225,0 -80.81558289673879,-4.892196177471282,0 -80.81558289673879,-4.892196177471282,0
						</coordinates>
					</LinearRing>
				</outerBoundaryIs>
			</Polygon>
		</Placemark>
		<Placemark>
			<name>31899</name>
			<visibility>0</visibility>
			<ExtendedData>
				<SchemaData schemaUrl="#S_BLOQUE_SOJO_Y_LAS_MARIPOSAS">
					<SimpleData name="AREA_HA">1.0619</SimpleData>
					<SimpleData name="NOM_LOC">SOJO</SimpleData>
					<SimpleData name="NOM_PRE">EL PRADO</SimpleData>
					<SimpleData name="NOM_BLO">SOJO Y LAS MARIPOSAS</SimpleData>
					<SimpleData name="CODCAT">31899</SimpleData>
					<SimpleData name="USUARIO">REYES ALBURQUEQUE, PEDRO CARLOS</SimpleData>
					<SimpleData name="AP_PAT_USU">REYES</SimpleData>
					<SimpleData name="AP_MAT_USU">ALBURQUEQUE</SimpleData>
					<SimpleData name="NOM_USU">PEDRO CARLOS</SimpleData>
					<SimpleData name="TIPODOC">DNI</SimpleData>
					<SimpleData name="NUM_DOC">03630497</SimpleData>
					<SimpleData name="DESC_LIC">G.R.PIURA-420010-AACH-ATDRCH</SimpleData>
					<SimpleData name="PAR_AR_BR">1</SimpleData>
					<SimpleData name="RES_ADM">126-2006-G.R.PIURA-420010-AACH-ATDRCH</SimpleData>
					<SimpleData name="TOMA">SOJO Y LAS MARIPOSAS</SimpleData>
				</SchemaData>
			</ExtendedData>
			<Polygon>
				<outerBoundaryIs>
					<LinearRing>
						<coordinates>
							-80.81428840711493,-4.894656776163401,0 -80.81360477499717,-4.896184200288363,0 -80.8135962916347,-4.896203105384112,0 -80.8135041334895,-4.896129078967075,0 -80.81335202354873,-4.895955071134353,0 -80.81325923368917,-4.895882582436109,0 -80.81318961984769,-4.895824212774405,0 -80.81315183565911,-4.895798238672335,0 -80.81316095028727,-4.895779695619302,0 -80.81317412587916,-4.895752921263609,0 -80.81378823263952,-4.894508547024978,0 -80.81378751366324,-4.8944990478897,0 -80.81379500209648,-4.894490365186364,0 -80.813809525788,-4.894481141603785,0 -80.81382395752104,-4.894478431554241,0 -80.81385155464817,-4.894486400090212,0 -80.81402128247009,-4.894548506053305,0 -80.81402353706899,-4.894549411327979,0 -80.81426775501686,-4.894648357202693,0 -80.81428840711493,-4.894656776163401,0 -80.81428840711493,-4.894656776163401,0
						</coordinates>
					</LinearRing>
				</outerBoundaryIs>
			</Polygon>
		</Placemark>
		<Placemark>
			<name>31902</name>
			<visibility>0</visibility>
			<ExtendedData>
				<SchemaData schemaUrl="#S_BLOQUE_SOJO_Y_LAS_MARIPOSAS">
					<SimpleData name="AREA_HA">0.2097</SimpleData>
					<SimpleData name="NOM_LOC">SOJO</SimpleData>
					<SimpleData name="NOM_PRE">S/N</SimpleData>
					<SimpleData name="NOM_BLO">SOJO Y LAS MARIPOSAS</SimpleData>
					<SimpleData name="CODCAT">31902</SimpleData>
					<SimpleData name="USUARIO"></SimpleData>
					<SimpleData name="AP_PAT_USU"></SimpleData>
					<SimpleData name="AP_MAT_USU"></SimpleData>
					<SimpleData name="NOM_USU"></SimpleData>
					<SimpleData name="TIPODOC">SIN DATO</SimpleData>
					<SimpleData name="NUM_DOC"></SimpleData>
					<SimpleData name="DESC_LIC"></SimpleData>
					<SimpleData name="PAR_AR_BR">0.2097</SimpleData>
					<SimpleData name="RES_ADM"></SimpleData>
					<SimpleData name="TOMA">SOJO Y LAS MARIPOSAS</SimpleData>
				</SchemaData>
			</ExtendedData>
			<Polygon>
				<outerBoundaryIs>
					<LinearRing>
						<coordinates>
							-80.81378751366324,-4.8944990478897,0 -80.81378823263952,-4.894508547024978,0 -80.81317412587916,-4.895752921263609,0 -80.81317945223921,-4.895734829504299,0 -80.813567465261,-4.894409335981298,0 -80.81373701330932,-4.894468999381378,0 -80.8137865249636,-4.894486382367829,0 -80.81378751366324,-4.8944990478897,0 -80.81378751366324,-4.8944990478897,0
						</coordinates>
					</LinearRing>
				</outerBoundaryIs>
			</Polygon>
		</Placemark>
		<Placemark>
			<name>31903</name>
			<visibility>0</visibility>
			<ExtendedData>
				<SchemaData schemaUrl="#S_BLOQUE_SOJO_Y_LAS_MARIPOSAS">
					<SimpleData name="AREA_HA">0.3059</SimpleData>
					<SimpleData name="NOM_LOC">SOJO</SimpleData>
					<SimpleData name="NOM_PRE">EL PRADO</SimpleData>
					<SimpleData name="NOM_BLO">SOJO Y LAS MARIPOSAS</SimpleData>
					<SimpleData name="CODCAT">31903</SimpleData>
					<SimpleData name="USUARIO">CHINCHAY CHORRES, GRABIEL</SimpleData>
					<SimpleData name="AP_PAT_USU">CHINCHAY</SimpleData>
					<SimpleData name="AP_MAT_USU">CHORRES</SimpleData>
					<SimpleData name="NOM_USU">GRABIEL</SimpleData>
					<SimpleData name="TIPODOC">DNI</SimpleData>
					<SimpleData name="NUM_DOC">03629802</SimpleData>
					<SimpleData name="DESC_LIC">G.R.PIURA-420010-AACH-ATDRCH</SimpleData>
					<SimpleData name="PAR_AR_BR">0.3</SimpleData>
					<SimpleData name="RES_ADM">126-2006-G.R.PIURA-420010-AACH-ATDRCH</SimpleData>
					<SimpleData name="TOMA">SOJO Y LAS MARIPOSAS</SimpleData>
				</SchemaData>
			</ExtendedData>
			<Polygon>
				<outerBoundaryIs>
					<LinearRing>
						<coordinates>
							-80.813567465261,-4.894409335981298,0 -80.81317945223921,-4.895734829504299,0 -80.81317412587916,-4.895752921263609,0 -80.81316095028727,-4.895779695619302,0 -80.81315183565911,-4.895798238672335,0 -80.81311387111029,-4.895772174052753,0 -80.81309790848704,-4.895765927524738,0 -80.81310025877038,-4.895746658892588,0 -80.81311616985673,-4.895610783192157,0 -80.81315469806071,-4.895222422841359,0 -80.81325206227874,-4.894724705073658,0 -80.81332548640681,-4.894369102959564,0 -80.81332575885541,-4.894362227611453,0 -80.81348422327756,-4.894384163687269,0 -80.81350352399758,-4.894386882939152,0 -80.81350631973297,-4.894387878829322,0 -80.813567465261,-4.894409335981298,0 -80.813567465261,-4.894409335981298,0
						</coordinates>
					</LinearRing>
				</outerBoundaryIs>
			</Polygon>
		</Placemark>
		<Placemark>
			<name>31900</name>
			<visibility>0</visibility>
			<ExtendedData>
				<SchemaData schemaUrl="#S_BLOQUE_SOJO_Y_LAS_MARIPOSAS">
					<SimpleData name="AREA_HA">0.9057</SimpleData>
					<SimpleData name="NOM_LOC">SOJO</SimpleData>
					<SimpleData name="NOM_PRE">EL PRADO</SimpleData>
					<SimpleData name="NOM_BLO">SOJO Y LAS MARIPOSAS</SimpleData>
					<SimpleData name="CODCAT">31900</SimpleData>
					<SimpleData name="USUARIO">FLORES MORE, TRANQUILINO</SimpleData>
					<SimpleData name="AP_PAT_USU">FLORES</SimpleData>
					<SimpleData name="AP_MAT_USU">MORE</SimpleData>
					<SimpleData name="NOM_USU">TRANQUILINO</SimpleData>
					<SimpleData name="TIPODOC">DNI</SimpleData>
					<SimpleData name="NUM_DOC">03629146</SimpleData>
					<SimpleData name="DESC_LIC">G.R.PIURA-420010-DRA.P-AACH-S.ATDRCH</SimpleData>
					<SimpleData name="PAR_AR_BR">0.9</SimpleData>
					<SimpleData name="RES_ADM">518-2005-G.R.PIURA-420010-DRA.P-AACH-S.ATDRCH</SimpleData>
					<SimpleData name="TOMA">SOJO Y LAS MARIPOSAS</SimpleData>
				</SchemaData>
			</ExtendedData>
			<Polygon>
				<outerBoundaryIs>
					<LinearRing>
						<coordinates>
							-80.81541984511273,-4.892128645753225,0 -80.81540387130879,-4.89216428508461,0 -80.81428840711493,-4.894656776163401,0 -80.81426775501686,-4.894648357202693,0 -80.81402353706899,-4.894549411327979,0 -80.81403283245896,-4.894529330386471,0 -80.81519339462042,-4.892034771224793,0 -80.81541984511273,-4.892128645753225,0 -80.81541984511273,-4.892128645753225,0
						</coordinates>
					</LinearRing>
				</outerBoundaryIs>
			</Polygon>
		</Placemark>
		<Placemark>
			<name>31901</name>
			<visibility>0</visibility>
			<ExtendedData>
				<SchemaData schemaUrl="#S_BLOQUE_SOJO_Y_LAS_MARIPOSAS">
					<SimpleData name="AREA_HA">1.0374</SimpleData>
					<SimpleData name="NOM_LOC">SOJO</SimpleData>
					<SimpleData name="NOM_PRE">EL PRADO</SimpleData>
					<SimpleData name="NOM_BLO">SOJO Y LAS MARIPOSAS</SimpleData>
					<SimpleData name="CODCAT">31901</SimpleData>
					<SimpleData name="USUARIO">YPANAQUE LITANO, TEODOSIO</SimpleData>
					<SimpleData name="AP_PAT_USU">YPANAQUE</SimpleData>
					<SimpleData name="AP_MAT_USU">LITANO</SimpleData>
					<SimpleData name="NOM_USU">TEODOSIO</SimpleData>
					<SimpleData name="TIPODOC">DNI</SimpleData>
					<SimpleData name="NUM_DOC">80664471</SimpleData>
					<SimpleData name="DESC_LIC">G.R.PIURA-420010-DRA.P-AACH-S.ATDRCH</SimpleData>
					<SimpleData name="PAR_AR_BR">1</SimpleData>
					<SimpleData name="RES_ADM">518-2005-G.R.PIURA-420010-DRA.P-AACH-S.ATDRCH</SimpleData>
					<SimpleData name="TOMA">SOJO Y LAS MARIPOSAS</SimpleData>
				</SchemaData>
			</ExtendedData>
			<Polygon>
				<outerBoundaryIs>
					<LinearRing>
						<coordinates>
							-80.81519339462042,-4.892034771224793,0 -80.81403283245896,-4.894529330386471,0 -80.81402353706899,-4.894549411327979,0 -80.81402128247009,-4.894548506053305,0 -80.81385155464817,-4.894486400090212,0 -80.81382395752104,-4.894478431554241,0 -80.813809525788,-4.894481141603785,0 -80.81379500209648,-4.894490365186364,0 -80.81378751366324,-4.8944990478897,0 -80.8137865249636,-4.894486382367829,0 -80.81373701330932,-4.894468999381378,0 -80.8149058900531,-4.891915640051527,0 -80.81519339462042,-4.892034771224793,0 -80.81519339462042,-4.892034771224793,0
						</coordinates>
					</LinearRing>
				</outerBoundaryIs>
			</Polygon>
		</Placemark>
		<Placemark>
			<name>31904</name>
			<visibility>0</visibility>
			<ExtendedData>
				<SchemaData schemaUrl="#S_BLOQUE_SOJO_Y_LAS_MARIPOSAS">
					<SimpleData name="AREA_HA">0.8451</SimpleData>
					<SimpleData name="NOM_LOC">SOJO</SimpleData>
					<SimpleData name="NOM_PRE">EL PRADO</SimpleData>
					<SimpleData name="NOM_BLO">SOJO Y LAS MARIPOSAS</SimpleData>
					<SimpleData name="CODCAT">31904</SimpleData>
					<SimpleData name="USUARIO">CHINCHAY CHORRES, PALERMO</SimpleData>
					<SimpleData name="AP_PAT_USU">CHINCHAY</SimpleData>
					<SimpleData name="AP_MAT_USU">CHORRES</SimpleData>
					<SimpleData name="NOM_USU">PALERMO</SimpleData>
					<SimpleData name="TIPODOC">DNI</SimpleData>
					<SimpleData name="NUM_DOC">03629590</SimpleData>
					<SimpleData name="DESC_LIC">G.R.PIURA-420010-DRA.P-AACH-S.ATDRCH</SimpleData>
					<SimpleData name="PAR_AR_BR">0.84</SimpleData>
					<SimpleData name="RES_ADM">518-2005-G.R.PIURA-420010-DRA.P-AACH-S.ATDRCH</SimpleData>
					<SimpleData name="TOMA">SOJO Y LAS MARIPOSAS</SimpleData>
				</SchemaData>
			</ExtendedData>
			<Polygon>
				<outerBoundaryIs>
					<LinearRing>
						<coordinates>
							-80.8149058900531,-4.891915640051527,0 -80.81373701330932,-4.894468999381378,0 -80.813567465261,-4.894409335981298,0 -80.81350631973297,-4.894387878829322,0 -80.81468043171481,-4.89182221795367,0 -80.8149058900531,-4.891915640051527,0 -80.8149058900531,-4.891915640051527,0
						</coordinates>
					</LinearRing>
				</outerBoundaryIs>
			</Polygon>
		</Placemark>
		<Placemark>
			<name>31915</name>
			<visibility>0</visibility>
			<ExtendedData>
				<SchemaData schemaUrl="#S_BLOQUE_SOJO_Y_LAS_MARIPOSAS">
					<SimpleData name="AREA_HA">0.6711</SimpleData>
					<SimpleData name="NOM_LOC">SOJO</SimpleData>
					<SimpleData name="NOM_PRE">EL PRADO</SimpleData>
					<SimpleData name="NOM_BLO">SOJO Y LAS MARIPOSAS</SimpleData>
					<SimpleData name="CODCAT">31915</SimpleData>
					<SimpleData name="USUARIO">SUCESION JUAN SERNAQUE CHAVEZ</SimpleData>
					<SimpleData name="AP_PAT_USU">SUCESION</SimpleData>
					<SimpleData name="AP_MAT_USU">JUAN</SimpleData>
					<SimpleData name="NOM_USU">SERNAQUE CHAVEZ</SimpleData>
					<SimpleData name="TIPODOC">DNI</SimpleData>
					<SimpleData name="NUM_DOC">03630220</SimpleData>
					<SimpleData name="DESC_LIC">G.R.PIURA-420010-DRA.P-AACH-S.ATDRCH</SimpleData>
					<SimpleData name="PAR_AR_BR">0.67</SimpleData>
					<SimpleData name="RES_ADM">518-2005-G.R.PIURA-420010-DRA.P-AACH-S.ATDRCH</SimpleData>
					<SimpleData name="TOMA">SOJO Y LAS MARIPOSAS</SimpleData>
				</SchemaData>
			</ExtendedData>
			<Polygon>
				<outerBoundaryIs>
					<LinearRing>
						<coordinates>
							-80.81466041102624,-4.891813889644747,0 -80.81349406021143,-4.894362725910275,0 -80.81348422327756,-4.894384163687269,0 -80.81332575885541,-4.894362227611453,0 -80.81332666818868,-4.894334997567933,0 -80.8133164841377,-4.894306136103475,0 -80.8133109834026,-4.894302154092454,0 -80.81447525887231,-4.891758745566484,0 -80.81448356154343,-4.891740654599859,0 -80.81466041102624,-4.891813889644747,0 -80.81466041102624,-4.891813889644747,0
						</coordinates>
					</LinearRing>
				</outerBoundaryIs>
			</Polygon>
		</Placemark>
		<Placemark>
			<name>31916</name>
			<visibility>0</visibility>
			<ExtendedData>
				<SchemaData schemaUrl="#S_BLOQUE_SOJO_Y_LAS_MARIPOSAS">
					<SimpleData name="AREA_HA">0.6722</SimpleData>
					<SimpleData name="NOM_LOC">SOJO</SimpleData>
					<SimpleData name="NOM_PRE">EL PRADO</SimpleData>
					<SimpleData name="NOM_BLO">SOJO Y LAS MARIPOSAS</SimpleData>
					<SimpleData name="CODCAT">31916</SimpleData>
					<SimpleData name="USUARIO">CHINCHAY CHORRES, GRABIEL</SimpleData>
					<SimpleData name="AP_PAT_USU">CHINCHAY</SimpleData>
					<SimpleData name="AP_MAT_USU">CHORRES</SimpleData>
					<SimpleData name="NOM_USU">GRABIEL</SimpleData>
					<SimpleData name="TIPODOC">DNI</SimpleData>
					<SimpleData name="NUM_DOC">03629802</SimpleData>
					<SimpleData name="DESC_LIC">G.R.PIURA-420010-AACH-ATDRCH</SimpleData>
					<SimpleData name="PAR_AR_BR">0.67</SimpleData>
					<SimpleData name="RES_ADM">126-2006-G.R.PIURA-420010-AACH-ATDRCH</SimpleData>
					<SimpleData name="TOMA">SOJO Y LAS MARIPOSAS</SimpleData>
				</SchemaData>
			</ExtendedData>
			<Polygon>
				<outerBoundaryIs>
					<LinearRing>
						<coordinates>
							-80.81448356154343,-4.891740654599859,0 -80.81447525887231,-4.891758745566484,0 -80.8133109834026,-4.894302154092454,0 -80.81327455241903,-4.89427536617425,0 -80.81312106049209,-4.894210007689146,0 -80.81431924761011,-4.891672489016122,0 -80.81448356154343,-4.891740654599859,0 -80.81448356154343,-4.891740654599859,0
						</coordinates>
					</LinearRing>
				</outerBoundaryIs>
			</Polygon>
		</Placemark>
		<Placemark>
			<name>31917</name>
			<visibility>0</visibility>
			<ExtendedData>
				<SchemaData schemaUrl="#S_BLOQUE_SOJO_Y_LAS_MARIPOSAS">
					<SimpleData name="AREA_HA">0.8126</SimpleData>
					<SimpleData name="NOM_LOC">SOJO</SimpleData>
					<SimpleData name="NOM_PRE">EL PRADO</SimpleData>
					<SimpleData name="NOM_BLO">SOJO Y LAS MARIPOSAS</SimpleData>
					<SimpleData name="CODCAT">31917</SimpleData>
					<SimpleData name="USUARIO">MORALES CHAVEZ, ANGEL</SimpleData>
					<SimpleData name="AP_PAT_USU">MORALES</SimpleData>
					<SimpleData name="AP_MAT_USU">CHAVEZ</SimpleData>
					<SimpleData name="NOM_USU">ANGEL</SimpleData>
					<SimpleData name="TIPODOC">DNI</SimpleData>
					<SimpleData name="NUM_DOC">03630882</SimpleData>
					<SimpleData name="DESC_LIC">G.R.PIURA-420010-AACH-ATDRCH</SimpleData>
					<SimpleData name="PAR_AR_BR">0.81</SimpleData>
					<SimpleData name="RES_ADM">126-2006-G.R.PIURA-420010-AACH-ATDRCH</SimpleData>
					<SimpleData name="TOMA">SOJO Y LAS MARIPOSAS</SimpleData>
				</SchemaData>
			</ExtendedData>
			<Polygon>
				<outerBoundaryIs>
					<LinearRing>
						<coordinates>
							-80.81431924761011,-4.891672489016122,0 -80.81312106049209,-4.894210007689146,0 -80.81290813782726,-4.894119392858647,0 -80.81409811823247,-4.891580877225548,0 -80.81431924761011,-4.891672489016122,0 -80.81431924761011,-4.891672489016122,0
						</coordinates>
					</LinearRing>
				</outerBoundaryIs>
			</Polygon>
		</Placemark>
		<Placemark>
			<name>31918</name>
			<visibility>0</visibility>
			<ExtendedData>
				<SchemaData schemaUrl="#S_BLOQUE_SOJO_Y_LAS_MARIPOSAS">
					<SimpleData name="AREA_HA">0.9157</SimpleData>
					<SimpleData name="NOM_LOC">SOJO</SimpleData>
					<SimpleData name="NOM_PRE">EL PRADO</SimpleData>
					<SimpleData name="NOM_BLO">SOJO Y LAS MARIPOSAS</SimpleData>
					<SimpleData name="CODCAT">31918</SimpleData>
					<SimpleData name="USUARIO">COBEÑAS RAYMUNDO, HUGO</SimpleData>
					<SimpleData name="AP_PAT_USU">COBEÑAS</SimpleData>
					<SimpleData name="AP_MAT_USU">REYMUNDO</SimpleData>
					<SimpleData name="NOM_USU">HUGO</SimpleData>
					<SimpleData name="TIPODOC">DNI</SimpleData>
					<SimpleData name="NUM_DOC">03630904</SimpleData>
					<SimpleData name="DESC_LIC">G.R.PIURA-420010-AACH-ATDRCH</SimpleData>
					<SimpleData name="PAR_AR_BR">0.9157</SimpleData>
					<SimpleData name="RES_ADM">126-2006-G.R.PIURA-420010-AACH-ATDRCH</SimpleData>
					<SimpleData name="TOMA">SOJO Y LAS MARIPOSAS</SimpleData>
				</SchemaData>
			</ExtendedData>
			<Polygon>
				<outerBoundaryIs>
					<LinearRing>
						<coordinates>
							-80.81409811823247,-4.891580877225548,0 -80.81290813782726,-4.894119392858647,0 -80.81267221849902,-4.894019001319725,0 -80.81383748381968,-4.891490792530444,0 -80.8138561559461,-4.89148301753084,0 -80.81386580663295,-4.891483020158658,0 -80.81388077720877,-4.891488633132783,0 -80.81390305214768,-4.891499042798253,0 -80.81392244126762,-4.891508094686032,0 -80.81409811823247,-4.891580877225548,0 -80.81409811823247,-4.891580877225548,0
						</coordinates>
					</LinearRing>
				</outerBoundaryIs>
			</Polygon>
		</Placemark>
		<Placemark>
			<name>31931</name>
			<visibility>0</visibility>
			<ExtendedData>
				<SchemaData schemaUrl="#S_BLOQUE_SOJO_Y_LAS_MARIPOSAS">
					<SimpleData name="AREA_HA">0.3218</SimpleData>
					<SimpleData name="NOM_LOC">SOJO</SimpleData>
					<SimpleData name="NOM_PRE">EL PRADO</SimpleData>
					<SimpleData name="NOM_BLO">SOJO Y LAS MARIPOSAS</SimpleData>
					<SimpleData name="CODCAT">31931</SimpleData>
					<SimpleData name="USUARIO">IPANAQUE LITANO, MANUEL</SimpleData>
					<SimpleData name="AP_PAT_USU">IPANAQUE</SimpleData>
					<SimpleData name="AP_MAT_USU">LITANO</SimpleData>
					<SimpleData name="NOM_USU">MANUEL</SimpleData>
					<SimpleData name="TIPODOC">DNI</SimpleData>
					<SimpleData name="NUM_DOC">80314039</SimpleData>
					<SimpleData name="DESC_LIC">G.R.PIURA-420010-AACH-ATDRCH</SimpleData>
					<SimpleData name="PAR_AR_BR">0.32</SimpleData>
					<SimpleData name="RES_ADM">126-2006-G.R.PIURA-420010-AACH-ATDRCH</SimpleData>
					<SimpleData name="TOMA">SOJO Y LAS MARIPOSAS</SimpleData>
				</SchemaData>
			</ExtendedData>
			<Polygon>
				<outerBoundaryIs>
					<LinearRing>
						<coordinates>
							-80.81383748381968,-4.891490792530444,0 -80.81267221849902,-4.894019001319725,0 -80.81265958393821,-4.894046318612313,0 -80.81256804986974,-4.894000427200062,0 -80.81369188373823,-4.891594246077013,0 -80.81381060118464,-4.891509330758757,0 -80.81381817820881,-4.891506437907398,0 -80.81383748381968,-4.891490792530444,0 -80.81383748381968,-4.891490792530444,0
						</coordinates>
					</LinearRing>
				</outerBoundaryIs>
			</Polygon>
		</Placemark>
		<Placemark>
			<name>31930</name>
			<visibility>0</visibility>
			<ExtendedData>
				<SchemaData schemaUrl="#S_BLOQUE_SOJO_Y_LAS_MARIPOSAS">
					<SimpleData name="AREA_HA">0.5397</SimpleData>
					<SimpleData name="NOM_LOC">SOJO</SimpleData>
					<SimpleData name="NOM_PRE">EL PRADO</SimpleData>
					<SimpleData name="NOM_BLO">SOJO Y LAS MARIPOSAS</SimpleData>
					<SimpleData name="CODCAT">31930</SimpleData>
					<SimpleData name="USUARIO">IPANAQUE LITANO, MANUEL</SimpleData>
					<SimpleData name="AP_PAT_USU">IPANAQUE</SimpleData>
					<SimpleData name="AP_MAT_USU">LITANO</SimpleData>
					<SimpleData name="NOM_USU">MANUEL</SimpleData>
					<SimpleData name="TIPODOC">DNI</SimpleData>
					<SimpleData name="NUM_DOC">80314039</SimpleData>
					<SimpleData name="DESC_LIC">G.R.PIURA-420010-AACH-ATDRCH</SimpleData>
					<SimpleData name="PAR_AR_BR">0.53</SimpleData>
					<SimpleData name="RES_ADM">126-2006-G.R.PIURA-420010-AACH-ATDRCH</SimpleData>
					<SimpleData name="TOMA">SOJO Y LAS MARIPOSAS</SimpleData>
				</SchemaData>
			</ExtendedData>
			<Polygon>
				<outerBoundaryIs>
					<LinearRing>
						<coordinates>
							-80.8136558896301,-4.891619928636852,0 -80.8125486608718,-4.893990742009153,0 -80.81238597372855,-4.893909277874295,0 -80.81239860819873,-4.893882322451382,0 -80.81336622255137,-4.8918270169631,0 -80.8136558896301,-4.891619928636852,0 -80.8136558896301,-4.891619928636852,0
						</coordinates>
					</LinearRing>
				</outerBoundaryIs>
			</Polygon>
		</Placemark>
		<Placemark>
			<name>31929</name>
			<visibility>0</visibility>
			<ExtendedData>
				<SchemaData schemaUrl="#S_BLOQUE_SOJO_Y_LAS_MARIPOSAS">
					<SimpleData name="AREA_HA">0.6794</SimpleData>
					<SimpleData name="NOM_LOC">SOJO</SimpleData>
					<SimpleData name="NOM_PRE">EL PRADO</SimpleData>
					<SimpleData name="NOM_BLO">SOJO Y LAS MARIPOSAS</SimpleData>
					<SimpleData name="CODCAT">31929</SimpleData>
					<SimpleData name="USUARIO">CRUZ MARIÑAS, JOSE DEL CARMEN</SimpleData>
					<SimpleData name="AP_PAT_USU">CRUZ</SimpleData>
					<SimpleData name="AP_MAT_USU">MARIÑAS</SimpleData>
					<SimpleData name="NOM_USU">JOSE DEL CARMEN</SimpleData>
					<SimpleData name="TIPODOC">DNI</SimpleData>
					<SimpleData name="NUM_DOC">03629258</SimpleData>
					<SimpleData name="DESC_LIC">G.R.PIURA-420010-AACH-ATDRCH</SimpleData>
					<SimpleData name="PAR_AR_BR">0.6794</SimpleData>
					<SimpleData name="RES_ADM">126-2006-G.R.PIURA-420010-AACH-ATDRCH</SimpleData>
					<SimpleData name="TOMA">SOJO Y LAS MARIPOSAS</SimpleData>
				</SchemaData>
			</ExtendedData>
			<Polygon>
				<outerBoundaryIs>
					<LinearRing>
						<coordinates>
							-80.81336622255137,-4.8918270169631,0 -80.81239860819873,-4.893882322451382,0 -80.81238597372855,-4.893909277874295,0 -80.81219452130664,-4.893804194146436,0 -80.81220435859301,-4.893781580330257,0 -80.81216675355883,-4.893760672326728,0 -80.81290470340723,-4.892157001549615,0 -80.81336622255137,-4.8918270169631,0 -80.81336622255137,-4.8918270169631,0
						</coordinates>
					</LinearRing>
				</outerBoundaryIs>
			</Polygon>
		</Placemark>
		<Placemark>
			<name>31927</name>
			<visibility>0</visibility>
			<ExtendedData>
				<SchemaData schemaUrl="#S_BLOQUE_SOJO_Y_LAS_MARIPOSAS">
					<SimpleData name="AREA_HA">0.4199</SimpleData>
					<SimpleData name="NOM_LOC">SOJO</SimpleData>
					<SimpleData name="NOM_PRE">EL PRADO</SimpleData>
					<SimpleData name="NOM_BLO">SOJO Y LAS MARIPOSAS</SimpleData>
					<SimpleData name="CODCAT">31927</SimpleData>
					<SimpleData name="USUARIO">LEJABO ZAPATA, MANUEL</SimpleData>
					<SimpleData name="AP_PAT_USU">LEJABO</SimpleData>
					<SimpleData name="AP_MAT_USU">ZAPATA</SimpleData>
					<SimpleData name="NOM_USU">MANUEL</SimpleData>
					<SimpleData name="TIPODOC">DNI</SimpleData>
					<SimpleData name="NUM_DOC">03629508</SimpleData>
					<SimpleData name="DESC_LIC">G.R.PIURA-420010-AACH-ATDRCH</SimpleData>
					<SimpleData name="PAR_AR_BR">0.41</SimpleData>
					<SimpleData name="RES_ADM">126-2006-G.R.PIURA-420010-AACH-ATDRCH</SimpleData>
					<SimpleData name="TOMA">SOJO Y LAS MARIPOSAS</SimpleData>
				</SchemaData>
			</ExtendedData>
			<Polygon>
				<outerBoundaryIs>
					<LinearRing>
						<coordinates>
							-80.81290470340723,-4.892157001549615,0 -80.81216675355883,-4.893760672326728,0 -80.81197692546718,-4.893652784537206,0 -80.81197665523283,-4.893651517937721,0 -80.81253763055648,-4.892434993713064,0 -80.81254827972349,-4.89241174684981,0 -80.81290470340723,-4.892157001549615,0 -80.81290470340723,-4.892157001549615,0
						</coordinates>
					</LinearRing>
				</outerBoundaryIs>
			</Polygon>
		</Placemark>
		<Placemark>
			<name>31919</name>
			<visibility>0</visibility>
			<ExtendedData>
				<SchemaData schemaUrl="#S_BLOQUE_SOJO_Y_LAS_MARIPOSAS">
					<SimpleData name="AREA_HA">2.3899</SimpleData>
					<SimpleData name="NOM_LOC">SOJO</SimpleData>
					<SimpleData name="NOM_PRE">EL PRADO</SimpleData>
					<SimpleData name="NOM_BLO">SOJO Y LAS MARIPOSAS</SimpleData>
					<SimpleData name="CODCAT">31919</SimpleData>
					<SimpleData name="USUARIO">ATO CORNEJO, SIMONA CARLOTA</SimpleData>
					<SimpleData name="AP_PAT_USU">ATO</SimpleData>
					<SimpleData name="AP_MAT_USU">CORNEJO</SimpleData>
					<SimpleData name="NOM_USU">SIMONA CARLOTA</SimpleData>
					<SimpleData name="TIPODOC">DNI</SimpleData>
					<SimpleData name="NUM_DOC">06722392</SimpleData>
					<SimpleData name="DESC_LIC">G.R.PIURA-420010-AACH-ATDRCH</SimpleData>
					<SimpleData name="PAR_AR_BR">2.3899</SimpleData>
					<SimpleData name="RES_ADM">126-2006-G.R.PIURA-420010-AACH-ATDRCH</SimpleData>
					<SimpleData name="TOMA">SOJO Y LAS MARIPOSAS</SimpleData>
				</SchemaData>
			</ExtendedData>
			<Polygon>
				<outerBoundaryIs>
					<LinearRing>
						<coordinates>
							-80.81308993576602,-4.895565452505912,0 -80.81308096958122,-4.895701420572697,0 -80.81307698574086,-4.895757689384908,0 -80.81290329088327,-4.895689339929872,0 -80.81248204047132,-4.895523400067781,0 -80.81234342996474,-4.895459402475975,0 -80.81210686921136,-4.895394473252956,0 -80.81180465209964,-4.895312337302935,0 -80.81175387581992,-4.895301919709167,0 -80.81175469393487,-4.895278670153267,0 -80.8117599636212,-4.895138358722113,0 -80.81183050025317,-4.894790536095293,0 -80.81195208803638,-4.894436937682603,0 -80.81200606550955,-4.894284788595433,0 -80.81217042501815,-4.893857562509824,0 -80.81219316859986,-4.893803470045897,0 -80.81219452130664,-4.893804194146436,0 -80.81238597372855,-4.893909277874295,0 -80.8125486608718,-4.893990742009153,0 -80.81256804986974,-4.894000427200062,0 -80.81265958393821,-4.894046318612313,0 -80.81325939260059,-4.894302139991973,0 -80.81329086391376,-4.894325307912075,0 -80.81329600104787,-4.894339693423778,0 -80.81329500191285,-4.894365475985262,0 -80.81322211962032,-4.894718545193253,0 -80.81312439421245,-4.89521771031439,0 -80.81308993576602,-4.895565452505912,0 -80.81308993576602,-4.895565452505912,0
						</coordinates>
					</LinearRing>
				</outerBoundaryIs>
			</Polygon>
		</Placemark>
		<Placemark>
			<name>31920</name>
			<visibility>0</visibility>
			<ExtendedData>
				<SchemaData schemaUrl="#S_BLOQUE_SOJO_Y_LAS_MARIPOSAS">
					<SimpleData name="AREA_HA">0.4542</SimpleData>
					<SimpleData name="NOM_LOC">SOJO</SimpleData>
					<SimpleData name="NOM_PRE">EL PRADO</SimpleData>
					<SimpleData name="NOM_BLO">SOJO Y LAS MARIPOSAS</SimpleData>
					<SimpleData name="CODCAT">31920</SimpleData>
					<SimpleData name="USUARIO">LEJABO ZAPATA, MANUEL</SimpleData>
					<SimpleData name="AP_PAT_USU">LEJABO</SimpleData>
					<SimpleData name="AP_MAT_USU">ZAPATA</SimpleData>
					<SimpleData name="NOM_USU">MANUEL</SimpleData>
					<SimpleData name="TIPODOC">DNI</SimpleData>
					<SimpleData name="NUM_DOC">03629508</SimpleData>
					<SimpleData name="DESC_LIC">G.R.PIURA-420010-AACH-ATDRCH</SimpleData>
					<SimpleData name="PAR_AR_BR">0.45</SimpleData>
					<SimpleData name="RES_ADM">126-2006-G.R.PIURA-420010-AACH-ATDRCH</SimpleData>
					<SimpleData name="TOMA">SOJO Y LAS MARIPOSAS</SimpleData>
				</SchemaData>
			</ExtendedData>
			<Polygon>
				<outerBoundaryIs>
					<LinearRing>
						<coordinates>
							-80.81219316859986,-4.893803470045897,0 -80.81217042501815,-4.893857562509824,0 -80.81200606550955,-4.894284788595433,0 -80.81195208803638,-4.894436937682603,0 -80.81183050025317,-4.894790536095293,0 -80.8117599636212,-4.895138358722113,0 -80.81175469393487,-4.895278670153267,0 -80.81175387581992,-4.895301919709167,0 -80.81161390287603,-4.895273112897911,0 -80.81144831154661,-4.895256511904771,0 -80.81168328293239,-4.894538366561938,0 -80.81198845146638,-4.89372145146505,0 -80.81199991447059,-4.893690696152193,0 -80.81218054336958,-4.893796591152661,0 -80.81219316859986,-4.893803470045897,0 -80.81219316859986,-4.893803470045897,0
						</coordinates>
					</LinearRing>
				</outerBoundaryIs>
			</Polygon>
		</Placemark>
		<Placemark>
			<name>31921</name>
			<visibility>0</visibility>
			<ExtendedData>
				<SchemaData schemaUrl="#S_BLOQUE_SOJO_Y_LAS_MARIPOSAS">
					<SimpleData name="AREA_HA">0.7229</SimpleData>
					<SimpleData name="NOM_LOC">SOJO</SimpleData>
					<SimpleData name="NOM_PRE">EL PRADO</SimpleData>
					<SimpleData name="NOM_BLO">SOJO Y LAS MARIPOSAS</SimpleData>
					<SimpleData name="CODCAT">31921</SimpleData>
					<SimpleData name="USUARIO">RUFINO CHORRES, GABRIEL</SimpleData>
					<SimpleData name="AP_PAT_USU">RUFINO</SimpleData>
					<SimpleData name="AP_MAT_USU">CHORRES</SimpleData>
					<SimpleData name="NOM_USU">GABRIEL</SimpleData>
					<SimpleData name="TIPODOC">DNI</SimpleData>
					<SimpleData name="NUM_DOC">03630071</SimpleData>
					<SimpleData name="DESC_LIC">G.R.PIURA-420010-DRA.P-AACH-S.ATDRCH</SimpleData>
					<SimpleData name="PAR_AR_BR">0.7229</SimpleData>
					<SimpleData name="RES_ADM">518-2005-G.R.PIURA-420010-DRA.P-AACH-S.ATDRCH</SimpleData>
					<SimpleData name="TOMA">SOJO Y LAS MARIPOSAS</SimpleData>
				</SchemaData>
			</ExtendedData>
			<Polygon>
				<outerBoundaryIs>
					<LinearRing>
						<coordinates>
							-80.81251282678865,-4.892437067628343,0 -80.81195374659899,-4.893649521378363,0 -80.81195834167153,-4.893667073062948,0 -80.81199991447059,-4.893690696152193,0 -80.81198845146638,-4.89372145146505,0 -80.81168328293239,-4.894538366561938,0 -80.81144831154661,-4.895256511904771,0 -80.81141079195726,-4.895252701968964,0 -80.81120163742057,-4.895234641425843,0 -80.81215044888046,-4.892696062975512,0 -80.81251282678865,-4.892437067628343,0 -80.81251282678865,-4.892437067628343,0
						</coordinates>
					</LinearRing>
				</outerBoundaryIs>
			</Polygon>
		</Placemark>
		<Placemark>
			<name>31922</name>
			<visibility>0</visibility>
			<ExtendedData>
				<SchemaData schemaUrl="#S_BLOQUE_SOJO_Y_LAS_MARIPOSAS">
					<SimpleData name="AREA_HA">0.7925</SimpleData>
					<SimpleData name="NOM_LOC">SOJO</SimpleData>
					<SimpleData name="NOM_PRE">EL PRADO</SimpleData>
					<SimpleData name="NOM_BLO">SOJO Y LAS MARIPOSAS</SimpleData>
					<SimpleData name="CODCAT">31922</SimpleData>
					<SimpleData name="USUARIO">CORNEJO RENTERIA, PEDRO FRANCISCO</SimpleData>
					<SimpleData name="AP_PAT_USU">CORNEJO</SimpleData>
					<SimpleData name="AP_MAT_USU">RENTERIA</SimpleData>
					<SimpleData name="NOM_USU">PEDRO FRANCISCO</SimpleData>
					<SimpleData name="TIPODOC">DNI</SimpleData>
					<SimpleData name="NUM_DOC">03630341</SimpleData>
					<SimpleData name="DESC_LIC">G.R.PIURA-420010-AACH-ATDRCH</SimpleData>
					<SimpleData name="PAR_AR_BR">0.79</SimpleData>
					<SimpleData name="RES_ADM">126-2006-G.R.PIURA-420010-AACH-ATDRCH</SimpleData>
					<SimpleData name="TOMA">SOJO Y LAS MARIPOSAS</SimpleData>
				</SchemaData>
			</ExtendedData>
			<Polygon>
				<outerBoundaryIs>
					<LinearRing>
						<coordinates>
							-80.81215044888046,-4.892696062975512,0 -80.81120163742057,-4.895234641425843,0 -80.81114472646085,-4.895229740520741,0 -80.81091978451244,-4.895224431239766,0 -80.8118093605048,-4.892939956142475,0 -80.81215044888046,-4.892696062975512,0 -80.81215044888046,-4.892696062975512,0
						</coordinates>
					</LinearRing>
				</outerBoundaryIs>
			</Polygon>
		</Placemark>
		<Placemark>
			<name>31924</name>
			<visibility>0</visibility>
			<ExtendedData>
				<SchemaData schemaUrl="#S_BLOQUE_SOJO_Y_LAS_MARIPOSAS">
					<SimpleData name="AREA_HA">1.6239</SimpleData>
					<SimpleData name="NOM_LOC">SOJO</SimpleData>
					<SimpleData name="NOM_PRE">EL PRADO</SimpleData>
					<SimpleData name="NOM_BLO">SOJO Y LAS MARIPOSAS</SimpleData>
					<SimpleData name="CODCAT">31924</SimpleData>
					<SimpleData name="USUARIO">CARRASCO DIOSES, RAMOS</SimpleData>
					<SimpleData name="AP_PAT_USU">CARRASCO</SimpleData>
					<SimpleData name="AP_MAT_USU">DIOSES</SimpleData>
					<SimpleData name="NOM_USU">RAMOS</SimpleData>
					<SimpleData name="TIPODOC">DNI</SimpleData>
					<SimpleData name="NUM_DOC">03630414</SimpleData>
					<SimpleData name="DESC_LIC">G.R.PIURA-420010-DRA.P-AACH-S.ATDRCH</SimpleData>
					<SimpleData name="PAR_AR_BR">1.62</SimpleData>
					<SimpleData name="RES_ADM">518-2005-G.R.PIURA-420010-DRA.P-AACH-S.ATDRCH</SimpleData>
					<SimpleData name="TOMA">SOJO Y LAS MARIPOSAS</SimpleData>
				</SchemaData>
			</ExtendedData>
			<Polygon>
				<outerBoundaryIs>
					<LinearRing>
						<coordinates>
							-80.81218580290384,-4.892042455224351,0 -80.81217416123269,-4.892067058800366,0 -80.81177960298493,-4.892916788628348,0 -80.81088145236272,-4.895223606429826,0 -80.81082417966047,-4.895222233574197,0 -80.81052346770281,-4.895243047858433,0 -80.81032331090293,-4.895303514085918,0 -80.81099360938921,-4.893416577648797,0 -80.81100083047339,-4.893396224779448,0 -80.81113886048072,-4.89327313862276,0 -80.81143783141229,-4.893020006652415,0 -80.81165543898595,-4.892798243844718,0 -80.81176839573156,-4.89267234618606,0 -80.81187053865139,-4.892511977951129,0 -80.81203042686883,-4.892272829624707,0 -80.81218580290384,-4.892042455224351,0 -80.81218580290384,-4.892042455224351,0
						</coordinates>
					</LinearRing>
				</outerBoundaryIs>
			</Polygon>
		</Placemark>
		<Placemark>
			<name>31925</name>
			<visibility>0</visibility>
			<ExtendedData>
				<SchemaData schemaUrl="#S_BLOQUE_SOJO_Y_LAS_MARIPOSAS">
					<SimpleData name="AREA_HA">1.5104</SimpleData>
					<SimpleData name="NOM_LOC">SOJO</SimpleData>
					<SimpleData name="NOM_PRE">EL PRADO</SimpleData>
					<SimpleData name="NOM_BLO">SOJO Y LAS MARIPOSAS</SimpleData>
					<SimpleData name="CODCAT">31925</SimpleData>
					<SimpleData name="USUARIO">FLORES SILVA, CRESENCIO</SimpleData>
					<SimpleData name="AP_PAT_USU">FLORES</SimpleData>
					<SimpleData name="AP_MAT_USU">SILVA</SimpleData>
					<SimpleData name="NOM_USU">CRESENCIO</SimpleData>
					<SimpleData name="TIPODOC">DNI</SimpleData>
					<SimpleData name="NUM_DOC">03629595</SimpleData>
					<SimpleData name="DESC_LIC">G.R.PIURA-420010-DRA.P-AACH-S.ATDRCH</SimpleData>
					<SimpleData name="PAR_AR_BR">1.425</SimpleData>
					<SimpleData name="RES_ADM">518-2005-G.R.PIURA-420010-DRA.P-AACH-S.ATDRCH</SimpleData>
					<SimpleData name="TOMA">SOJO Y LAS MARIPOSAS</SimpleData>
				</SchemaData>
			</ExtendedData>
			<Polygon>
				<outerBoundaryIs>
					<LinearRing>
						<coordinates>
							-80.81100083047339,-4.893396224779448,0 -80.81099360938921,-4.893416577648797,0 -80.81032331090293,-4.895303514085918,0 -80.8103089688851,-4.895307852472848,0 -80.8102042373026,-4.895367711905019,0 -80.81012043404976,-4.895415364221512,0 -80.80995059616716,-4.895425720564655,0 -80.80979410326209,-4.895449469560045,0 -80.80961082397842,-4.895468868677957,0 -80.80950069839598,-4.895464857451366,0 -80.80942133996146,-4.895421049728377,0 -80.80941894770208,-4.895266171160206,0 -80.80947825407266,-4.895089417023519,0 -80.80953962232549,-4.894957896487058,0 -80.80969932192717,-4.89475357817245,0 -80.81058323431911,-4.893722963037397,0 -80.81085495163114,-4.893526365085899,0 -80.81100083047339,-4.893396224779448,0 -80.81100083047339,-4.893396224779448,0
						</coordinates>
					</LinearRing>
				</outerBoundaryIs>
			</Polygon>
		</Placemark>
		<Placemark>
			<name>31923</name>
			<visibility>0</visibility>
			<ExtendedData>
				<SchemaData schemaUrl="#S_BLOQUE_SOJO_Y_LAS_MARIPOSAS">
					<SimpleData name="AREA_HA">0.3347</SimpleData>
					<SimpleData name="NOM_LOC">SOJO</SimpleData>
					<SimpleData name="NOM_PRE">EL PRADO</SimpleData>
					<SimpleData name="NOM_BLO">SOJO Y LAS MARIPOSAS</SimpleData>
					<SimpleData name="CODCAT">31923</SimpleData>
					<SimpleData name="USUARIO">CORNEJO RENTERIA, PEDRO FRANCISCO</SimpleData>
					<SimpleData name="AP_PAT_USU">CORNEJO</SimpleData>
					<SimpleData name="AP_MAT_USU">RENTERIA</SimpleData>
					<SimpleData name="NOM_USU">PEDRO FRANCISCO</SimpleData>
					<SimpleData name="TIPODOC">DNI</SimpleData>
					<SimpleData name="NUM_DOC">03630341</SimpleData>
					<SimpleData name="DESC_LIC">G.R.PIURA-420010-AACH-ATDRCH</SimpleData>
					<SimpleData name="PAR_AR_BR">0.3347</SimpleData>
					<SimpleData name="RES_ADM">126-2006-G.R.PIURA-420010-AACH-ATDRCH</SimpleData>
					<SimpleData name="TOMA">SOJO Y LAS MARIPOSAS</SimpleData>
				</SchemaData>
			</ExtendedData>
			<Polygon>
				<outerBoundaryIs>
					<LinearRing>
						<coordinates>
							-80.81266359543052,-4.89157180083303,0 -80.8126543000693,-4.891591791291178,0 -80.81238987791347,-4.892162197912335,0 -80.81217725369815,-4.892632563152453,0 -80.81177960298493,-4.892916788628348,0 -80.81217416123269,-4.892067058800366,0 -80.81218580290384,-4.892042455224351,0 -80.81221088682503,-4.892005280555926,0 -80.81238907963241,-4.891782330590157,0 -80.8125884552547,-4.891605252687157,0 -80.81266359543052,-4.89157180083303,0 -80.81266359543052,-4.89157180083303,0
						</coordinates>
					</LinearRing>
				</outerBoundaryIs>
			</Polygon>
		</Placemark>
		<Placemark>
			<name>31926</name>
			<visibility>0</visibility>
			<ExtendedData>
				<SchemaData schemaUrl="#S_BLOQUE_SOJO_Y_LAS_MARIPOSAS">
					<SimpleData name="AREA_HA">0.3078</SimpleData>
					<SimpleData name="NOM_LOC">SOJO</SimpleData>
					<SimpleData name="NOM_PRE">S/N</SimpleData>
					<SimpleData name="NOM_BLO">SOJO Y LAS MARIPOSAS</SimpleData>
					<SimpleData name="CODCAT">31926</SimpleData>
					<SimpleData name="USUARIO"></SimpleData>
					<SimpleData name="AP_PAT_USU"></SimpleData>
					<SimpleData name="AP_MAT_USU"></SimpleData>
					<SimpleData name="NOM_USU"></SimpleData>
					<SimpleData name="TIPODOC">SIN DATO</SimpleData>
					<SimpleData name="NUM_DOC"></SimpleData>
					<SimpleData name="DESC_LIC"></SimpleData>
					<SimpleData name="PAR_AR_BR">0.3078</SimpleData>
					<SimpleData name="RES_ADM"></SimpleData>
					<SimpleData name="TOMA">SOJO Y LAS MARIPOSAS</SimpleData>
				</SchemaData>
			</ExtendedData>
			<Polygon>
				<outerBoundaryIs>
					<LinearRing>
						<coordinates>
							-80.81299500483577,-4.891428231431263,0 -80.81252249147613,-4.892385776008352,0 -80.81217725369815,-4.892632563152453,0 -80.81238987791347,-4.892162197912335,0 -80.8126543000693,-4.891591791291178,0 -80.81266359543052,-4.89157180083303,0 -80.81284400405161,-4.89149124496879,0 -80.81299500483577,-4.891428231431263,0 -80.81299500483577,-4.891428231431263,0
						</coordinates>
					</LinearRing>
				</outerBoundaryIs>
			</Polygon>
		</Placemark>
		<Placemark>
			<name>31928</name>
			<visibility>0</visibility>
			<ExtendedData>
				<SchemaData schemaUrl="#S_BLOQUE_SOJO_Y_LAS_MARIPOSAS">
					<SimpleData name="AREA_HA">0.2823</SimpleData>
					<SimpleData name="NOM_LOC">SOJO</SimpleData>
					<SimpleData name="NOM_PRE">EL PRADO</SimpleData>
					<SimpleData name="NOM_BLO">SOJO Y LAS MARIPOSAS</SimpleData>
					<SimpleData name="CODCAT">31928</SimpleData>
					<SimpleData name="USUARIO">LEJABO ZAPATA, MANUEL</SimpleData>
					<SimpleData name="AP_PAT_USU">LEJABO</SimpleData>
					<SimpleData name="AP_MAT_USU">ZAPATA</SimpleData>
					<SimpleData name="NOM_USU">MANUEL</SimpleData>
					<SimpleData name="TIPODOC">DNI</SimpleData>
					<SimpleData name="NUM_DOC">03629508</SimpleData>
					<SimpleData name="DESC_LIC">G.R.PIURA-420010-AACH-ATDRCH</SimpleData>
					<SimpleData name="PAR_AR_BR">0.28</SimpleData>
					<SimpleData name="RES_ADM">126-2006-G.R.PIURA-420010-AACH-ATDRCH</SimpleData>
					<SimpleData name="TOMA">SOJO Y LAS MARIPOSAS</SimpleData>
				</SchemaData>
			</ExtendedData>
			<Polygon>
				<outerBoundaryIs>
					<LinearRing>
						<coordinates>
							-80.81329149812042,-4.89132581439663,0 -80.81295288815406,-4.892078128308097,0 -80.81252249147613,-4.892385776008352,0 -80.81299500483577,-4.891428231431263,0 -80.81302828993545,-4.891414399224523,0 -80.813228359584,-4.891337648206622,0 -80.81329149812042,-4.89132581439663,0 -80.81329149812042,-4.89132581439663,0
						</coordinates>
					</LinearRing>
				</outerBoundaryIs>
			</Polygon>
		</Placemark>
		<Placemark>
			<name>31932</name>
			<visibility>0</visibility>
			<ExtendedData>
				<SchemaData schemaUrl="#S_BLOQUE_SOJO_Y_LAS_MARIPOSAS">
					<SimpleData name="AREA_HA">0.2175</SimpleData>
					<SimpleData name="NOM_LOC">SOJO</SimpleData>
					<SimpleData name="NOM_PRE">EL PRADO</SimpleData>
					<SimpleData name="NOM_BLO">SOJO Y LAS MARIPOSAS</SimpleData>
					<SimpleData name="CODCAT">31932</SimpleData>
					<SimpleData name="USUARIO">CRUZ MARIÑAS, JOSE DEL CARMEN</SimpleData>
					<SimpleData name="AP_PAT_USU">CRUZ</SimpleData>
					<SimpleData name="AP_MAT_USU">MARIÑAS</SimpleData>
					<SimpleData name="NOM_USU">JOSE DEL CARMEN</SimpleData>
					<SimpleData name="TIPODOC">DNI</SimpleData>
					<SimpleData name="NUM_DOC">03629258</SimpleData>
					<SimpleData name="DESC_LIC">G.R.PIURA-420010-AACH-ATDRCH</SimpleData>
					<SimpleData name="PAR_AR_BR">0.2175</SimpleData>
					<SimpleData name="RES_ADM">126-2006-G.R.PIURA-420010-AACH-ATDRCH</SimpleData>
					<SimpleData name="TOMA">SOJO Y LAS MARIPOSAS</SimpleData>
				</SchemaData>
			</ExtendedData>
			<Polygon>
				<outerBoundaryIs>
					<LinearRing>
						<coordinates>
							-80.81357848625096,-4.891351675558921,0 -80.8135691007999,-4.891371394608235,0 -80.81337615779304,-4.891775544468693,0 -80.81295288815406,-4.892078128308097,0 -80.81329149812042,-4.89132581439663,0 -80.81337096247871,-4.891310909190761,0 -80.8134592620483,-4.891309757232872,0 -80.81357848625096,-4.891351675558921,0 -80.81357848625096,-4.891351675558921,0
						</coordinates>
					</LinearRing>
				</outerBoundaryIs>
			</Polygon>
		</Placemark>
		<Placemark>
			<name>31933</name>
			<visibility>0</visibility>
			<ExtendedData>
				<SchemaData schemaUrl="#S_BLOQUE_SOJO_Y_LAS_MARIPOSAS">
					<SimpleData name="AREA_HA">0.0782</SimpleData>
					<SimpleData name="NOM_LOC">SOJO</SimpleData>
					<SimpleData name="NOM_PRE">EL PRADO</SimpleData>
					<SimpleData name="NOM_BLO">SOJO Y LAS MARIPOSAS</SimpleData>
					<SimpleData name="CODCAT">31933</SimpleData>
					<SimpleData name="USUARIO">IPANAQUE LITANO, MANUEL</SimpleData>
					<SimpleData name="AP_PAT_USU">IPANAQUE</SimpleData>
					<SimpleData name="AP_MAT_USU">LITANO</SimpleData>
					<SimpleData name="NOM_USU">MANUEL</SimpleData>
					<SimpleData name="TIPODOC">DNI</SimpleData>
					<SimpleData name="NUM_DOC">80314039</SimpleData>
					<SimpleData name="DESC_LIC">G.R.PIURA-420010-AACH-ATDRCH</SimpleData>
					<SimpleData name="PAR_AR_BR">0.078</SimpleData>
					<SimpleData name="RES_ADM">126-2006-G.R.PIURA-420010-AACH-ATDRCH</SimpleData>
					<SimpleData name="TOMA">SOJO Y LAS MARIPOSAS</SimpleData>
				</SchemaData>
			</ExtendedData>
			<Polygon>
				<outerBoundaryIs>
					<LinearRing>
						<coordinates>
							-80.81379465241938,-4.891452242307731,0 -80.81379663468866,-4.891459570601482,0 -80.81379554989482,-4.891468707381755,0 -80.81378697729053,-4.891484355681291,0 -80.81376920643531,-4.891494573509075,0 -80.81337615779304,-4.891775544468693,0 -80.8135691007999,-4.891371394608235,0 -80.81357848625096,-4.891351675558921,0 -80.81372945548047,-4.89140482031104,0 -80.81378076994608,-4.89142527962938,0 -80.81379402150694,-4.891450613746144,0 -80.81379465241938,-4.891452242307731,0 -80.81379465241938,-4.891452242307731,0
						</coordinates>
					</LinearRing>
				</outerBoundaryIs>
			</Polygon>
		</Placemark>
		<Placemark>
			<name>40325</name>
			<visibility>0</visibility>
			<ExtendedData>
				<SchemaData schemaUrl="#S_BLOQUE_SOJO_Y_LAS_MARIPOSAS">
					<SimpleData name="AREA_HA">2.1102</SimpleData>
					<SimpleData name="NOM_LOC">SOJO</SimpleData>
					<SimpleData name="NOM_PRE">S/N</SimpleData>
					<SimpleData name="NOM_BLO">SOJO Y LAS MARIPOSAS</SimpleData>
					<SimpleData name="CODCAT">40325</SimpleData>
					<SimpleData name="USUARIO"></SimpleData>
					<SimpleData name="AP_PAT_USU"></SimpleData>
					<SimpleData name="AP_MAT_USU"></SimpleData>
					<SimpleData name="NOM_USU"></SimpleData>
					<SimpleData name="TIPODOC">SIN DATO</SimpleData>
					<SimpleData name="NUM_DOC"></SimpleData>
					<SimpleData name="DESC_LIC"></SimpleData>
					<SimpleData name="PAR_AR_BR">2.1102</SimpleData>
					<SimpleData name="RES_ADM"></SimpleData>
					<SimpleData name="TOMA">SOJO Y LAS MARIPOSAS</SimpleData>
				</SchemaData>
			</ExtendedData>
			<Polygon>
				<outerBoundaryIs>
					<LinearRing>
						<coordinates>
							-80.82010524961875,-4.899922555223355,0 -80.82004382064905,-4.899947417216879,0 -80.81996417141313,-4.899975983511348,0 -80.81984708782028,-4.90001838123484,0 -80.8197535407089,-4.900077069049209,0 -80.8196766791648,-4.900137299180251,0 -80.81957095816071,-4.900186846676238,0 -80.81950654552631,-4.90023911905902,0 -80.81947279988283,-4.900288142764615,0 -80.81945906574938,-4.900381590615892,0 -80.81946995491907,-4.900474321248945,0 -80.81949149218727,-4.900547514019169,0 -80.81952142580518,-4.900589317271349,0 -80.81953746249556,-4.900657623416629,0 -80.8195452763632,-4.9007834638282,0 -80.81954101097483,-4.900883337275673,0 -80.81952303364623,-4.900992163241831,0 -80.8194580820678,-4.901035660261557,0 -80.81940449957442,-4.901061790791337,0 -80.81935018514443,-4.901127364342026,0 -80.8193402441463,-4.901201815310376,0 -80.8193398648998,-4.901272016902336,0 -80.81933795462811,-4.901333533343538,0 -80.81933929821901,-4.90136899640958,0 -80.81875078431338,-4.900661033658118,0 -80.81871327236675,-4.900626917979016,0 -80.81874160657443,-4.900577259615455,0 -80.81879205023924,-4.900482916867242,0 -80.81885881325827,-4.900410742638628,0 -80.81886875856495,-4.900320098246775,0 -80.81887402899687,-4.900171644777038,0 -80.81887841415451,-4.899959955268196,0 -80.81888550373368,-4.899753603975164,0 -80.81891458267339,-4.899615831816822,0 -80.81896342331177,-4.899443416378915,0 -80.81900530677524,-4.899317227269792,0 -80.81904023538874,-4.899228489280397,0 -80.81904276690823,-4.899205421095134,0 -80.81907237971191,-4.89909515076233,0 -80.8191336426548,-4.899015556819393,0 -80.81917117158496,-4.898984898748391,0 -80.81919778099453,-4.898977035242504,0 -80.81927606858642,-4.898981307870775,0 -80.81934388970808,-4.899000504628619,0 -80.81948935678096,-4.899063145637039,0 -80.81966547950277,-4.89916569026263,0 -80.8197722506103,-4.899238362730413,0 -80.81994421869484,-4.899362979918922,0 -80.81996594867607,-4.899389220818515,0 -80.8200093083056,-4.899480422082776,0 -80.82005869953061,-4.899615320063102,0 -80.82008328537503,-4.899757539259781,0 -80.82010237199414,-4.899889715268899,0 -80.82010524961875,-4.899922555223355,0 -80.82010524961875,-4.899922555223355,0
						</coordinates>
					</LinearRing>
				</outerBoundaryIs>
			</Polygon>
		</Placemark>
		<Placemark>
			<name>40324</name>
			<visibility>0</visibility>
			<ExtendedData>
				<SchemaData schemaUrl="#S_BLOQUE_SOJO_Y_LAS_MARIPOSAS">
					<SimpleData name="AREA_HA">3.6999</SimpleData>
					<SimpleData name="NOM_LOC">SOJO</SimpleData>
					<SimpleData name="NOM_PRE">S/N</SimpleData>
					<SimpleData name="NOM_BLO">SOJO Y LAS MARIPOSAS</SimpleData>
					<SimpleData name="CODCAT">40324</SimpleData>
					<SimpleData name="USUARIO"></SimpleData>
					<SimpleData name="AP_PAT_USU"></SimpleData>
					<SimpleData name="AP_MAT_USU"></SimpleData>
					<SimpleData name="NOM_USU"></SimpleData>
					<SimpleData name="TIPODOC">SIN DATO</SimpleData>
					<SimpleData name="NUM_DOC"></SimpleData>
					<SimpleData name="DESC_LIC"></SimpleData>
					<SimpleData name="PAR_AR_BR">3.6999</SimpleData>
					<SimpleData name="RES_ADM"></SimpleData>
					<SimpleData name="TOMA">SOJO Y LAS MARIPOSAS</SimpleData>
				</SchemaData>
			</ExtendedData>
			<Polygon>
				<outerBoundaryIs>
					<LinearRing>
						<coordinates>
							-80.82042295294906,-4.90081119693679,0 -80.82034925251762,-4.900854872677234,0 -80.82031118482475,-4.90087612219414,0 -80.82027347355248,-4.900914017565761,0 -80.82023016895361,-4.900956706165776,0 -80.82018776537198,-4.901002923178053,0 -80.82014626117257,-4.901058910763421,0 -80.82010746164485,-4.901119331897597,0 -80.82004862023966,-4.901250944568798,0 -80.81998370202238,-4.901511288892837,0 -80.81996247742609,-4.901621290073761,0 -80.81992707917703,-4.901781134335548,0 -80.8198693528237,-4.902131494306284,0 -80.8198278340452,-4.902242666182469,0 -80.81980301463747,-4.902303000517517,0 -80.8197888419421,-4.902349134485322,0 -80.81977114696829,-4.902413089343732,0 -80.81902764608097,-4.902849572422592,0 -80.81863494757711,-4.902128724808932,0 -80.81843688728975,-4.901759389556251,0 -80.81838027316164,-4.901652895901975,0 -80.81829968030645,-4.901497091839524,0 -80.81849292597272,-4.900971987581788,0 -80.81851178537714,-4.900938972471662,0 -80.81858594854134,-4.900851240073076,0 -80.81863088010532,-4.900795796295768,0 -80.81867436680454,-4.900746956156334,0 -80.81870775516555,-4.90068499574801,0 -80.81873112812484,-4.900637416787759,0 -80.81875078431338,-4.900661033658118,0 -80.81933929821901,-4.90136899640958,0 -80.81933795462811,-4.901333533343538,0 -80.8193398648998,-4.901272016902336,0 -80.8193402441463,-4.901201815310376,0 -80.81935018514443,-4.901127364342026,0 -80.81940449957442,-4.901061790791337,0 -80.8194580820678,-4.901035660261557,0 -80.81952303364623,-4.900992163241831,0 -80.81954101097483,-4.900883337275673,0 -80.8195452763632,-4.9007834638282,0 -80.81953746249556,-4.900657623416629,0 -80.81952142580518,-4.900589317271349,0 -80.81949149218727,-4.900547514019169,0 -80.81946995491907,-4.900474321248945,0 -80.81945906574938,-4.900381590615892,0 -80.81947279988283,-4.900288142764615,0 -80.81950654552631,-4.90023911905902,0 -80.81957095816071,-4.900186846676238,0 -80.8196766791648,-4.900137299180251,0 -80.8197535407089,-4.900077069049209,0 -80.81984708782028,-4.90001838123484,0 -80.81996417141313,-4.899975983511348,0 -80.82004382064905,-4.899947417216879,0 -80.82010524961875,-4.899922555223355,0 -80.82011352285303,-4.900016732618758,0 -80.82012584143554,-4.900162114895075,0 -80.82016187370479,-4.900336090705853,0 -80.82021235208762,-4.900452895740218,0 -80.82028303073726,-4.900582461808911,0 -80.82037552917424,-4.900740078103807,0 -80.82042295294906,-4.90081119693679,0 -80.82042295294906,-4.90081119693679,0
						</coordinates>
					</LinearRing>
				</outerBoundaryIs>
			</Polygon>
		</Placemark>
		<Placemark>
			<name>40326</name>
			<visibility>0</visibility>
			<ExtendedData>
				<SchemaData schemaUrl="#S_BLOQUE_SOJO_Y_LAS_MARIPOSAS">
					<SimpleData name="AREA_HA">7.3562</SimpleData>
					<SimpleData name="NOM_LOC">SOJO</SimpleData>
					<SimpleData name="NOM_PRE">S/N</SimpleData>
					<SimpleData name="NOM_BLO">SOJO Y LAS MARIPOSAS</SimpleData>
					<SimpleData name="CODCAT">40326</SimpleData>
					<SimpleData name="USUARIO"></SimpleData>
					<SimpleData name="AP_PAT_USU"></SimpleData>
					<SimpleData name="AP_MAT_USU"></SimpleData>
					<SimpleData name="NOM_USU"></SimpleData>
					<SimpleData name="TIPODOC">SIN DATO</SimpleData>
					<SimpleData name="NUM_DOC"></SimpleData>
					<SimpleData name="DESC_LIC"></SimpleData>
					<SimpleData name="PAR_AR_BR">7.3562</SimpleData>
					<SimpleData name="RES_ADM"></SimpleData>
					<SimpleData name="TOMA">SOJO Y LAS MARIPOSAS</SimpleData>
				</SchemaData>
			</ExtendedData>
			<Polygon>
				<outerBoundaryIs>
					<LinearRing>
						<coordinates>
							-80.82145038070279,-4.904547173710334,0 -80.82142683565665,-4.90456299911616,0 -80.81992743837317,-4.905569221215362,0 -80.81893604955435,-4.90405998441333,0 -80.81836934692095,-4.904427668865534,0 -80.81743676710366,-4.903947768724208,0 -80.81740505201218,-4.903821650517251,0 -80.81916539352129,-4.902774250684705,0 -80.81993704095484,-4.902315158346859,0 -80.82089626238228,-4.903700356265768,0 -80.82142089915884,-4.904500033156973,0 -80.82145038070279,-4.904547173710334,0 -80.82145038070279,-4.904547173710334,0
						</coordinates>
					</LinearRing>
				</outerBoundaryIs>
			</Polygon>
		</Placemark>
		<Placemark>
			<name>40323</name>
			<visibility>0</visibility>
			<ExtendedData>
				<SchemaData schemaUrl="#S_BLOQUE_SOJO_Y_LAS_MARIPOSAS">
					<SimpleData name="AREA_HA">12.47</SimpleData>
					<SimpleData name="NOM_LOC">SOJO</SimpleData>
					<SimpleData name="NOM_PRE">S/N</SimpleData>
					<SimpleData name="NOM_BLO">SOJO Y LAS MARIPOSAS</SimpleData>
					<SimpleData name="CODCAT">40323</SimpleData>
					<SimpleData name="USUARIO"></SimpleData>
					<SimpleData name="AP_PAT_USU"></SimpleData>
					<SimpleData name="AP_MAT_USU"></SimpleData>
					<SimpleData name="NOM_USU"></SimpleData>
					<SimpleData name="TIPODOC">SIN DATO</SimpleData>
					<SimpleData name="NUM_DOC"></SimpleData>
					<SimpleData name="DESC_LIC"></SimpleData>
					<SimpleData name="PAR_AR_BR">12.47</SimpleData>
					<SimpleData name="RES_ADM"></SimpleData>
					<SimpleData name="TOMA">SOJO Y LAS MARIPOSAS</SimpleData>
				</SchemaData>
			</ExtendedData>
			<Polygon>
				<outerBoundaryIs>
					<LinearRing>
						<coordinates>
							-80.82479513075643,-4.907909851764282,0 -80.82471989381369,-4.907963931167219,0 -80.82461758964492,-4.908051385595198,0 -80.82450933272378,-4.908138114745899,0 -80.82438709188601,-4.908238772057465,0 -80.82430770219149,-4.908307234452138,0 -80.82423138272527,-4.908361675381883,0 -80.82415879345031,-4.908290550313208,0 -80.82407177896722,-4.908195719397249,0 -80.82390306887532,-4.90801673390658,0 -80.82374869355633,-4.907862720724292,0 -80.82360396951212,-4.90770762441108,0 -80.82351406948351,-4.907610621493641,0 -80.82343634550529,-4.907515069174444,0 -80.82333996095183,-4.907381154386766,0 -80.82325079079436,-4.907252217091125,0 -80.82314322422043,-4.907109976497801,0 -80.82303927127226,-4.906945391698692,0 -80.82295542927139,-4.906791215706059,0 -80.82286617530316,-4.906638123891534,0 -80.82277186935814,-4.90648919219402,0 -80.8226616940949,-4.906320806147053,0 -80.82257694384664,-4.906191598517897,0 -80.82250616777716,-4.906086096633029,0 -80.82244494695706,-4.906001766295796,0 -80.82237786879497,-4.905896808157275,0 -80.82225552445968,-4.905701007650587,0 -80.82217113118499,-4.905587088837244,0 -80.82210225506272,-4.905459513679007,0 -80.82200929423466,-4.905341973968442,0 -80.82193392427577,-4.90521376383713,0 -80.82185566373153,-4.905102379637847,0 -80.82176162760626,-4.904958061648507,0 -80.82163982003803,-4.904780535328863,0 -80.82149482845537,-4.904618110762266,0 -80.82145038070279,-4.904547173710334,0 -80.82142089915884,-4.904500033156973,0 -80.82089626238228,-4.903700356265768,0 -80.81993704095484,-4.902315158346859,0 -80.81977114696829,-4.902413089343732,0 -80.8197888419421,-4.902349134485322,0 -80.8198693528237,-4.902131494306284,0 -80.81992707917703,-4.901781134335548,0 -80.81996247742609,-4.901621290073761,0 -80.81998370202238,-4.901511288892837,0 -80.82004862023966,-4.901250944568798,0 -80.82010746164485,-4.901119331897597,0 -80.82014626117257,-4.901058910763421,0 -80.82018776537198,-4.901002923178053,0 -80.82023016895361,-4.900956706165776,0 -80.82027347355248,-4.900914017565761,0 -80.82031118482475,-4.90087612219414,0 -80.82034925251762,-4.900854872677234,0 -80.82042295294906,-4.90081119693679,0 -80.82047984348129,-4.900896430968142,0 -80.82058956675053,-4.901063369772942,0 -80.82067133565228,-4.901207594226542,0 -80.8208000034447,-4.901360968058977,0 -80.82092948028823,-4.901524926614629,0 -80.82105192704881,-4.901669523557468,0 -80.82115164803405,-4.901801630203351,0 -80.82123495690588,-4.901921067283077,0 -80.82127994587594,-4.9019910998283,0 -80.82134305638321,-4.902090448131764,0 -80.82140939947743,-4.902245343464465,0 -80.82147592578937,-4.902389473372293,0 -80.82154785937718,-4.902550702781556,0 -80.82164063830702,-4.902672313476211,0 -80.82170655335582,-4.90273936608062,0 -80.82172638815126,-4.90277049160162,0 -80.82179483076476,-4.902829493374448,0 -80.82193315970952,-4.902945326090167,0 -80.82208654919278,-4.903069123721613,0 -80.82222542254577,-4.903172834063147,0 -80.82237872023249,-4.903303235632571,0 -80.82248891887998,-4.903379074898178,0 -80.82259965044911,-4.903486939287298,0 -80.82365550279987,-4.904776083565226,0 -80.82402045293257,-4.905400032066931,0 -80.82400276912028,-4.905421648906749,0 -80.82398048388741,-4.905448963924137,0 -80.82394826916993,-4.905507487186894,0 -80.82391588015898,-4.905542217816086,0 -80.82386798226919,-4.905558579820477,0 -80.82379889368897,-4.905554671941537,0 -80.82371231189691,-4.905532575848602,0 -80.82367118401648,-4.905528041916732,0 -80.82365557272887,-4.905557258435415,0 -80.8236679112624,-4.905628187052655,0 -80.82367114527932,-4.905678848908766,0 -80.82365634625688,-4.90570607538274,0 -80.82361485440053,-4.90571393520971,0 -80.82360213539975,-4.90571963128648,0 -80.82360177424661,-4.905721078650829,0 -80.8236018416126,-4.905809916385557,0 -80.82365178961479,-4.905888544343721,0 -80.82374412209148,-4.905995770538445,0 -80.82380335327727,-4.906101540716181,0 -80.82385419584851,-4.906209118045526,0 -80.82392460189712,-4.906351529871557,0 -80.82397209655693,-4.906500901669948,0 -80.82399965997449,-4.906642759636761,0 -80.82399520736297,-4.906771582223879,0 -80.82398805624005,-4.906871726358584,0 -80.82398642223488,-4.906912616616943,0 -80.82398405912502,-4.9069829081715,0 -80.82398268366323,-4.907070750405246,0 -80.82403858386652,-4.90715263665215,0 -80.82409963869878,-4.907181963416387,0 -80.82416872740251,-4.907186052202377,0 -80.82422942843617,-4.907188148565799,0 -80.82427858458622,-4.907189699153398,0 -80.82434533258582,-4.907176689224024,0 -80.82440260757987,-4.90717335672313,0 -80.82444661920802,-4.907188114025749,0 -80.82444938564797,-4.907303911355094,0 -80.82443447684332,-4.907407672143056,0 -80.82436454218008,-4.907537111138858,0 -80.82428685085661,-4.907665824398948,0 -80.82422224050296,-4.907784227883645,0 -80.82420959275095,-4.907863744330112,0 -80.82422571986996,-4.907933588319004,0 -80.82427478504482,-4.907938395665106,0 -80.82434288911027,-4.907913444562462,0 -80.82442542541398,-4.907884788057433,0 -80.82453077908868,-4.907864369827585,0 -80.82464415510168,-4.907863765720641,0 -80.82474120065415,-4.907882969476307,0 -80.82477393747179,-4.907899352252003,0 -80.82479513075643,-4.907909851764282,0 -80.82479513075643,-4.907909851764282,0
						</coordinates>
					</LinearRing>
				</outerBoundaryIs>
			</Polygon>
		</Placemark>
		<Placemark>
			<name>40322</name>
			<visibility>0</visibility>
			<ExtendedData>
				<SchemaData schemaUrl="#S_BLOQUE_SOJO_Y_LAS_MARIPOSAS">
					<SimpleData name="AREA_HA">2.6769</SimpleData>
					<SimpleData name="NOM_LOC">SOJO</SimpleData>
					<SimpleData name="NOM_PRE">S/N</SimpleData>
					<SimpleData name="NOM_BLO">SOJO Y LAS MARIPOSAS</SimpleData>
					<SimpleData name="CODCAT">40322</SimpleData>
					<SimpleData name="USUARIO"></SimpleData>
					<SimpleData name="AP_PAT_USU"></SimpleData>
					<SimpleData name="AP_MAT_USU"></SimpleData>
					<SimpleData name="NOM_USU"></SimpleData>
					<SimpleData name="TIPODOC">SIN DATO</SimpleData>
					<SimpleData name="NUM_DOC"></SimpleData>
					<SimpleData name="DESC_LIC"></SimpleData>
					<SimpleData name="PAR_AR_BR">2.6769</SimpleData>
					<SimpleData name="RES_ADM"></SimpleData>
					<SimpleData name="TOMA">SOJO Y LAS MARIPOSAS</SimpleData>
				</SchemaData>
			</ExtendedData>
			<Polygon>
				<outerBoundaryIs>
					<LinearRing>
						<coordinates>
							-80.82479513075643,-4.907909851764282,0 -80.82477393747179,-4.907899352252003,0 -80.82474120065415,-4.907882969476307,0 -80.82464415510168,-4.907863765720641,0 -80.82453077908868,-4.907864369827585,0 -80.82442542541398,-4.907884788057433,0 -80.82434288911027,-4.907913444562462,0 -80.82427478504482,-4.907938395665106,0 -80.82422571986996,-4.907933588319004,0 -80.82420959275095,-4.907863744330112,0 -80.82422224050296,-4.907784227883645,0 -80.82428685085661,-4.907665824398948,0 -80.82436454218008,-4.907537111138858,0 -80.82443447684332,-4.907407672143056,0 -80.82444938564797,-4.907303911355094,0 -80.82444661920802,-4.907188114025749,0 -80.82440260757987,-4.90717335672313,0 -80.82434533258582,-4.907176689224024,0 -80.82427858458622,-4.907189699153398,0 -80.82422942843617,-4.907188148565799,0 -80.82416872740251,-4.907186052202377,0 -80.82409963869878,-4.907181963416387,0 -80.82403858386652,-4.90715263665215,0 -80.82398268366323,-4.907070750405246,0 -80.82398405912502,-4.9069829081715,0 -80.82398642223488,-4.906912616616943,0 -80.82398805624005,-4.906871726358584,0 -80.82399520736297,-4.906771582223879,0 -80.82399965997449,-4.906642759636761,0 -80.82397209655693,-4.906500901669948,0 -80.82392460189712,-4.906351529871557,0 -80.82385419584851,-4.906209118045526,0 -80.82380335327727,-4.906101540716181,0 -80.82374412209148,-4.905995770538445,0 -80.82365178961479,-4.905888544343721,0 -80.8236018416126,-4.905809916385557,0 -80.82360177424661,-4.905721078650829,0 -80.82360213539975,-4.90571963128648,0 -80.82361485440053,-4.90571393520971,0 -80.82365634625688,-4.90570607538274,0 -80.82367114527932,-4.905678848908766,0 -80.8236679112624,-4.905628187052655,0 -80.82365557272887,-4.905557258435415,0 -80.82367118401648,-4.905528041916732,0 -80.82371231189691,-4.905532575848602,0 -80.82379889368897,-4.905554671941537,0 -80.82386798226919,-4.905558579820477,0 -80.82391588015898,-4.905542217816086,0 -80.82394826916993,-4.905507487186894,0 -80.82398048388741,-4.905448963924137,0 -80.82400276912028,-4.905421648906749,0 -80.82402045293257,-4.905400032066931,0 -80.82404082813257,-4.905434866773371,0 -80.82484365954852,-4.906482218554573,0 -80.82557640981913,-4.907181256981517,0 -80.8255382385899,-4.907254162909092,0 -80.82544359702042,-4.907358265197141,0 -80.82529519038508,-4.907495735699364,0 -80.82513947713447,-4.907636008742465,0 -80.82503771214414,-4.907731695793567,0 -80.8249981095757,-4.907758011272783,0 -80.82492269123617,-4.907816161628313,0 -80.8248312155981,-4.907883987725032,0 -80.82479513075643,-4.907909851764282,0 -80.82479513075643,-4.907909851764282,0
						</coordinates>
					</LinearRing>
				</outerBoundaryIs>
			</Polygon>
		</Placemark>
		<Placemark>
			<name>40362</name>
			<visibility>0</visibility>
			<ExtendedData>
				<SchemaData schemaUrl="#S_BLOQUE_SOJO_Y_LAS_MARIPOSAS">
					<SimpleData name="AREA_HA">0.7777</SimpleData>
					<SimpleData name="NOM_LOC">SOJO</SimpleData>
					<SimpleData name="NOM_PRE">LA HUACA</SimpleData>
					<SimpleData name="NOM_BLO">SOJO Y LAS MARIPOSAS</SimpleData>
					<SimpleData name="CODCAT">40362</SimpleData>
					<SimpleData name="USUARIO">PEÑA LINARES, PASCUAL</SimpleData>
					<SimpleData name="AP_PAT_USU">PEÑA</SimpleData>
					<SimpleData name="AP_MAT_USU">LINARES</SimpleData>
					<SimpleData name="NOM_USU">PASCUAL</SimpleData>
					<SimpleData name="TIPODOC">DNI</SimpleData>
					<SimpleData name="NUM_DOC">03629394</SimpleData>
					<SimpleData name="DESC_LIC">G.R.PIURA-420010-AACH-ATDRCH</SimpleData>
					<SimpleData name="PAR_AR_BR">0.7777</SimpleData>
					<SimpleData name="RES_ADM">126-2006-G.R.PIURA-420010-AACH-ATDRCH</SimpleData>
					<SimpleData name="TOMA">SOJO Y LAS MARIPOSAS</SimpleData>
				</SchemaData>
			</ExtendedData>
			<Polygon>
				<outerBoundaryIs>
					<LinearRing>
						<coordinates>
							-80.83672668589075,-4.915764638570246,0 -80.83672343646295,-4.915774498601897,0 -80.83628096964316,-4.91712604710711,0 -80.83622433375334,-4.917093556162994,0 -80.83611331023323,-4.917056528837129,0 -80.8359836136591,-4.917029176878032,0 -80.83587322225659,-4.916989164282515,0 -80.83585743942876,-4.91698237552304,0 -80.83628664090931,-4.915660858893354,0 -80.8367113533336,-4.915760925788044,0 -80.83672668589075,-4.915764638570246,0 -80.83672668589075,-4.915764638570246,0
						</coordinates>
					</LinearRing>
				</outerBoundaryIs>
			</Polygon>
		</Placemark>
		<Placemark>
			<name>40360</name>
			<visibility>0</visibility>
			<ExtendedData>
				<SchemaData schemaUrl="#S_BLOQUE_SOJO_Y_LAS_MARIPOSAS">
					<SimpleData name="AREA_HA">0.946</SimpleData>
					<SimpleData name="NOM_LOC">SOJO</SimpleData>
					<SimpleData name="NOM_PRE">LA HUACA</SimpleData>
					<SimpleData name="NOM_BLO">SOJO Y LAS MARIPOSAS</SimpleData>
					<SimpleData name="CODCAT">40360</SimpleData>
					<SimpleData name="USUARIO">CASTILLO CARRASCO, RICARDO HIGINIO</SimpleData>
					<SimpleData name="AP_PAT_USU">CASTILLO</SimpleData>
					<SimpleData name="AP_MAT_USU">CARRASCO</SimpleData>
					<SimpleData name="NOM_USU">RICARDO HIGINIO</SimpleData>
					<SimpleData name="TIPODOC">DNI</SimpleData>
					<SimpleData name="NUM_DOC">03642682</SimpleData>
					<SimpleData name="DESC_LIC">G.R.PIURA-420010-AACH-ATDRCH</SimpleData>
					<SimpleData name="PAR_AR_BR">0.946</SimpleData>
					<SimpleData name="RES_ADM">126-2006-G.R.PIURA-420010-AACH-ATDRCH</SimpleData>
					<SimpleData name="TOMA">SOJO Y LAS MARIPOSAS</SimpleData>
				</SchemaData>
			</ExtendedData>
			<Polygon>
				<outerBoundaryIs>
					<LinearRing>
						<coordinates>
							-80.83628664090931,-4.915660858893354,0 -80.83585743942876,-4.91698237552304,0 -80.8357123275603,-4.916920190339058,0 -80.83561114223446,-4.916855301732451,0 -80.83552654952383,-4.916805524958128,0 -80.83540651459424,-4.916734389611015,0 -80.83534311827648,-4.916684165600065,0 -80.83570318340705,-4.915556863465525,0 -80.83571311251445,-4.915525655039781,0 -80.83628664090931,-4.915660858893354,0 -80.83628664090931,-4.915660858893354,0
						</coordinates>
					</LinearRing>
				</outerBoundaryIs>
			</Polygon>
		</Placemark>
		<Placemark>
			<name>40358</name>
			<visibility>0</visibility>
			<ExtendedData>
				<SchemaData schemaUrl="#S_BLOQUE_SOJO_Y_LAS_MARIPOSAS">
					<SimpleData name="AREA_HA">0.6151</SimpleData>
					<SimpleData name="NOM_LOC">SOJO</SimpleData>
					<SimpleData name="NOM_PRE">LA HUACA</SimpleData>
					<SimpleData name="NOM_BLO">SOJO Y LAS MARIPOSAS</SimpleData>
					<SimpleData name="CODCAT">40358</SimpleData>
					<SimpleData name="USUARIO">REYES ALBURQUEQUE, ANDRES AVELINO</SimpleData>
					<SimpleData name="AP_PAT_USU">REYES</SimpleData>
					<SimpleData name="AP_MAT_USU">ALBURQUEQUE</SimpleData>
					<SimpleData name="NOM_USU">ANDRES AVELINO</SimpleData>
					<SimpleData name="TIPODOC">DNI</SimpleData>
					<SimpleData name="NUM_DOC">03630508</SimpleData>
					<SimpleData name="DESC_LIC">G.R.PIURA-420010-AACH-ATDRCH</SimpleData>
					<SimpleData name="PAR_AR_BR">0.6151</SimpleData>
					<SimpleData name="RES_ADM">126-2006-G.R.PIURA-420010-AACH-ATDRCH</SimpleData>
					<SimpleData name="TOMA">SOJO Y LAS MARIPOSAS</SimpleData>
				</SchemaData>
			</ExtendedData>
			<Polygon>
				<outerBoundaryIs>
					<LinearRing>
						<coordinates>
							-80.83571311251445,-4.915525655039781,0 -80.83570318340705,-4.915556863465525,0 -80.83534311827648,-4.916684165600065,0 -80.83533915037643,-4.916680998327141,0 -80.83526546667809,-4.916651398102909,0 -80.83520224540382,-4.916623519256158,0 -80.83510691374458,-4.916596989630562,0 -80.83506966611695,-4.916581782311138,0 -80.83497713607721,-4.916532365413644,0 -80.83511539173146,-4.916223909348794,0 -80.83517481277968,-4.915926018735457,0 -80.83517494503849,-4.915375532334614,0 -80.83551613411842,-4.915479198433738,0 -80.83571311251445,-4.915525655039781,0 -80.83571311251445,-4.915525655039781,0
						</coordinates>
					</LinearRing>
				</outerBoundaryIs>
			</Polygon>
		</Placemark>
		<Placemark>
			<name>40355</name>
			<visibility>0</visibility>
			<ExtendedData>
				<SchemaData schemaUrl="#S_BLOQUE_SOJO_Y_LAS_MARIPOSAS">
					<SimpleData name="AREA_HA">0.5411</SimpleData>
					<SimpleData name="NOM_LOC">SOJO</SimpleData>
					<SimpleData name="NOM_PRE">LA HUACA</SimpleData>
					<SimpleData name="NOM_BLO">SOJO Y LAS MARIPOSAS</SimpleData>
					<SimpleData name="CODCAT">40355</SimpleData>
					<SimpleData name="USUARIO">LEJABO ZAPATA, MANUEL</SimpleData>
					<SimpleData name="AP_PAT_USU">LEJABO</SimpleData>
					<SimpleData name="AP_MAT_USU">ZAPATA</SimpleData>
					<SimpleData name="NOM_USU">MANUEL</SimpleData>
					<SimpleData name="TIPODOC">DNI</SimpleData>
					<SimpleData name="NUM_DOC">03630163</SimpleData>
					<SimpleData name="DESC_LIC">G.R.PIURA-420010-AACH-ATDRCH</SimpleData>
					<SimpleData name="PAR_AR_BR">0.5411</SimpleData>
					<SimpleData name="RES_ADM">126-2006-G.R.PIURA-420010-AACH-ATDRCH</SimpleData>
					<SimpleData name="TOMA">SOJO Y LAS MARIPOSAS</SimpleData>
				</SchemaData>
			</ExtendedData>
			<Polygon>
				<outerBoundaryIs>
					<LinearRing>
						<coordinates>
							-80.83566330422687,-4.913724824052849,0 -80.83519128916834,-4.915298368670335,0 -80.83487129376272,-4.915205834875769,0 -80.83493336978081,-4.91511963567617,0 -80.83499499355963,-4.915038592930396,0 -80.83534173745491,-4.913793591254184,0 -80.83534670251262,-4.913775861088827,0 -80.83536483268973,-4.913772970547661,0 -80.83566330422687,-4.913724824052849,0 -80.83566330422687,-4.913724824052849,0
						</coordinates>
					</LinearRing>
				</outerBoundaryIs>
			</Polygon>
		</Placemark>
		<Placemark>
			<name>40357</name>
			<visibility>0</visibility>
			<ExtendedData>
				<SchemaData schemaUrl="#S_BLOQUE_SOJO_Y_LAS_MARIPOSAS">
					<SimpleData name="AREA_HA">1.1452</SimpleData>
					<SimpleData name="NOM_LOC">SOJO</SimpleData>
					<SimpleData name="NOM_PRE">LA HUACA</SimpleData>
					<SimpleData name="NOM_BLO">SOJO Y LAS MARIPOSAS</SimpleData>
					<SimpleData name="CODCAT">40357</SimpleData>
					<SimpleData name="USUARIO">REYES ALBURQUEQUE, ANDRES AVELINO</SimpleData>
					<SimpleData name="AP_PAT_USU">REYES</SimpleData>
					<SimpleData name="AP_MAT_USU">ALBURQUEQUE</SimpleData>
					<SimpleData name="NOM_USU">ANDRES AVELINO</SimpleData>
					<SimpleData name="TIPODOC">DNI</SimpleData>
					<SimpleData name="NUM_DOC">03630508</SimpleData>
					<SimpleData name="DESC_LIC">G.R.PIURA-420010-AACH-ATDRCH</SimpleData>
					<SimpleData name="PAR_AR_BR">1.1452</SimpleData>
					<SimpleData name="RES_ADM">126-2006-G.R.PIURA-420010-AACH-ATDRCH</SimpleData>
					<SimpleData name="TOMA">SOJO Y LAS MARIPOSAS</SimpleData>
				</SchemaData>
			</ExtendedData>
			<Polygon>
				<outerBoundaryIs>
					<LinearRing>
						<coordinates>
							-80.83615380359791,-4.914055867173466,0 -80.83572828279593,-4.915453647647832,0 -80.83519128916834,-4.915298368670335,0 -80.83566330422687,-4.913724824052849,0 -80.83594400605767,-4.91368074412708,0 -80.83615380359791,-4.914055867173466,0 -80.83615380359791,-4.914055867173466,0
						</coordinates>
					</LinearRing>
				</outerBoundaryIs>
			</Polygon>
		</Placemark>
		<Placemark>
			<name>40359</name>
			<visibility>0</visibility>
			<ExtendedData>
				<SchemaData schemaUrl="#S_BLOQUE_SOJO_Y_LAS_MARIPOSAS">
					<SimpleData name="AREA_HA">0.8782</SimpleData>
					<SimpleData name="NOM_LOC">SOJO</SimpleData>
					<SimpleData name="NOM_PRE">LA HUACA</SimpleData>
					<SimpleData name="NOM_BLO">SOJO Y LAS MARIPOSAS</SimpleData>
					<SimpleData name="CODCAT">40359</SimpleData>
					<SimpleData name="USUARIO">CASTILLO CARRASCO, RICARDO HIGINIO</SimpleData>
					<SimpleData name="AP_PAT_USU">CASTILLO</SimpleData>
					<SimpleData name="AP_MAT_USU">CARRASCO</SimpleData>
					<SimpleData name="NOM_USU">RICARDO HIGINIO</SimpleData>
					<SimpleData name="TIPODOC">DNI</SimpleData>
					<SimpleData name="NUM_DOC">03642682</SimpleData>
					<SimpleData name="DESC_LIC">G.R.PIURA-420010-AACH-ATDRCH</SimpleData>
					<SimpleData name="PAR_AR_BR">0.8782</SimpleData>
					<SimpleData name="RES_ADM">126-2006-G.R.PIURA-420010-AACH-ATDRCH</SimpleData>
					<SimpleData name="TOMA">SOJO Y LAS MARIPOSAS</SimpleData>
				</SchemaData>
			</ExtendedData>
			<Polygon>
				<outerBoundaryIs>
					<LinearRing>
						<coordinates>
							-80.83657488066413,-4.914645897893129,0 -80.83656973513052,-4.914664080355524,0 -80.83630271018632,-4.915601064631452,0 -80.83572828279593,-4.915453647647832,0 -80.83615380359791,-4.914055867173466,0 -80.83631085998427,-4.91433209801023,0 -80.83632519961139,-4.914338886411311,0 -80.83639689563805,-4.914381694093891,0 -80.83649500289775,-4.914493171902715,0 -80.83655189340513,-4.914591884098112,0 -80.83657488066413,-4.914645897893129,0 -80.83657488066413,-4.914645897893129,0
						</coordinates>
					</LinearRing>
				</outerBoundaryIs>
			</Polygon>
		</Placemark>
		<Placemark>
			<name>40361</name>
			<visibility>0</visibility>
			<ExtendedData>
				<SchemaData schemaUrl="#S_BLOQUE_SOJO_Y_LAS_MARIPOSAS">
					<SimpleData name="AREA_HA">0.3869</SimpleData>
					<SimpleData name="NOM_LOC">SOJO</SimpleData>
					<SimpleData name="NOM_PRE">LA HUACA</SimpleData>
					<SimpleData name="NOM_BLO">SOJO Y LAS MARIPOSAS</SimpleData>
					<SimpleData name="CODCAT">40361</SimpleData>
					<SimpleData name="USUARIO">PEÑA LINARES, PASCUAL</SimpleData>
					<SimpleData name="AP_PAT_USU">PEÑA</SimpleData>
					<SimpleData name="AP_MAT_USU">LINARES</SimpleData>
					<SimpleData name="NOM_USU">PASCUAL</SimpleData>
					<SimpleData name="TIPODOC">DNI</SimpleData>
					<SimpleData name="NUM_DOC">03629394</SimpleData>
					<SimpleData name="DESC_LIC">G.R.PIURA-420010-AACH-ATDRCH</SimpleData>
					<SimpleData name="PAR_AR_BR">0.3869</SimpleData>
					<SimpleData name="RES_ADM">126-2006-G.R.PIURA-420010-AACH-ATDRCH</SimpleData>
					<SimpleData name="TOMA">SOJO Y LAS MARIPOSAS</SimpleData>
				</SchemaData>
			</ExtendedData>
			<Polygon>
				<outerBoundaryIs>
					<LinearRing>
						<coordinates>
							-80.83657488066413,-4.914645897893129,0 -80.83660489931701,-4.914716468675866,0 -80.83663940846724,-4.914868279130014,0 -80.83668114337137,-4.914978024555201,0 -80.83671061686593,-4.915065421905618,0 -80.83672441216916,-4.915085508691472,0 -80.83676480348932,-4.915155991483696,0 -80.83680149688493,-4.9152259305921,0 -80.83683954338825,-4.915295236759225,0 -80.83688101735051,-4.915364634210031,0 -80.83688119770079,-4.915364815185425,0 -80.83674807426164,-4.915715249176111,0 -80.83630271018632,-4.915601064631452,0 -80.83656973513052,-4.914664080355524,0 -80.83657488066413,-4.914645897893129,0 -80.83657488066413,-4.914645897893129,0
						</coordinates>
					</LinearRing>
				</outerBoundaryIs>
			</Polygon>
		</Placemark>
		<Placemark>
			<name>40356</name>
			<visibility>0</visibility>
			<ExtendedData>
				<SchemaData schemaUrl="#S_BLOQUE_SOJO_Y_LAS_MARIPOSAS">
					<SimpleData name="AREA_HA">0.214</SimpleData>
					<SimpleData name="NOM_LOC">SOJO</SimpleData>
					<SimpleData name="NOM_PRE">LA HUACA</SimpleData>
					<SimpleData name="NOM_BLO">SOJO Y LAS MARIPOSAS</SimpleData>
					<SimpleData name="CODCAT">40356</SimpleData>
					<SimpleData name="USUARIO">LEJABO ZAPATA, MANUEL</SimpleData>
					<SimpleData name="AP_PAT_USU">LEJABO</SimpleData>
					<SimpleData name="AP_MAT_USU">ZAPATA</SimpleData>
					<SimpleData name="NOM_USU">MANUEL</SimpleData>
					<SimpleData name="TIPODOC">DNI</SimpleData>
					<SimpleData name="NUM_DOC">03630163</SimpleData>
					<SimpleData name="DESC_LIC">G.R.PIURA-420010-AACH-ATDRCH</SimpleData>
					<SimpleData name="PAR_AR_BR">0.214</SimpleData>
					<SimpleData name="RES_ADM">126-2006-G.R.PIURA-420010-AACH-ATDRCH</SimpleData>
					<SimpleData name="TOMA">SOJO Y LAS MARIPOSAS</SimpleData>
				</SchemaData>
			</ExtendedData>
			<Polygon>
				<outerBoundaryIs>
					<LinearRing>
						<coordinates>
							-80.83551406622614,-4.913193661366115,0 -80.83555194628903,-4.91320371223845,0 -80.83561174419776,-4.913213225592554,0 -80.83566621569354,-4.913242911608739,0 -80.83571923504563,-4.913310231186872,0 -80.83576982114059,-4.913369046357845,0 -80.83581283150528,-4.913424693387269,0 -80.83583446691117,-4.913473731243105,0 -80.83586872557619,-4.913540503499149,0 -80.8359044316078,-4.913589635203515,0 -80.83592489860231,-4.913621393742053,0 -80.83592471485764,-4.913635415950209,0 -80.83536168545002,-4.913732802821496,0 -80.83551406622614,-4.913193661366115,0 -80.83551406622614,-4.913193661366115,0
						</coordinates>
					</LinearRing>
				</outerBoundaryIs>
			</Polygon>
		</Placemark>
		<Placemark>
			<name>40353</name>
			<visibility>0</visibility>
			<ExtendedData>
				<SchemaData schemaUrl="#S_BLOQUE_SOJO_Y_LAS_MARIPOSAS">
					<SimpleData name="AREA_HA">0.1812</SimpleData>
					<SimpleData name="NOM_LOC">SOJO</SimpleData>
					<SimpleData name="NOM_PRE">LA HUACA</SimpleData>
					<SimpleData name="NOM_BLO">SOJO Y LAS MARIPOSAS</SimpleData>
					<SimpleData name="CODCAT">40353</SimpleData>
					<SimpleData name="USUARIO">LEJABO ZAPATA, MANUEL</SimpleData>
					<SimpleData name="AP_PAT_USU">LEJABO</SimpleData>
					<SimpleData name="AP_MAT_USU">ZAPATA</SimpleData>
					<SimpleData name="NOM_USU">MANUEL</SimpleData>
					<SimpleData name="TIPODOC">DNI</SimpleData>
					<SimpleData name="NUM_DOC">03630163</SimpleData>
					<SimpleData name="DESC_LIC">G.R.PIURA-420010-AACH-ATDRCH</SimpleData>
					<SimpleData name="PAR_AR_BR">0.1812</SimpleData>
					<SimpleData name="RES_ADM">126-2006-G.R.PIURA-420010-AACH-ATDRCH</SimpleData>
					<SimpleData name="TOMA">SOJO Y LAS MARIPOSAS</SimpleData>
				</SchemaData>
			</ExtendedData>
			<Polygon>
				<outerBoundaryIs>
					<LinearRing>
						<coordinates>
							-80.83544669200072,-4.913183422447083,0 -80.83543946924388,-4.913212822201674,0 -80.8353126176395,-4.91373677148891,0 -80.83521006213152,-4.913745793338937,0 -80.83503805476359,-4.913757331434796,0 -80.83521056032004,-4.91317350464942,0 -80.83521696951664,-4.913151613390934,0 -80.83534892228026,-4.91317037173687,0 -80.83544669200072,-4.913183422447083,0 -80.83544669200072,-4.913183422447083,0
						</coordinates>
					</LinearRing>
				</outerBoundaryIs>
			</Polygon>
		</Placemark>
		<Placemark>
			<name>40354</name>
			<visibility>0</visibility>
			<ExtendedData>
				<SchemaData schemaUrl="#S_BLOQUE_SOJO_Y_LAS_MARIPOSAS">
					<SimpleData name="AREA_HA">0.4216</SimpleData>
					<SimpleData name="NOM_LOC">SOJO</SimpleData>
					<SimpleData name="NOM_PRE">LA HUACA</SimpleData>
					<SimpleData name="NOM_BLO">SOJO Y LAS MARIPOSAS</SimpleData>
					<SimpleData name="CODCAT">40354</SimpleData>
					<SimpleData name="USUARIO">LEJABO ZAPATA, MANUEL</SimpleData>
					<SimpleData name="AP_PAT_USU">LEJABO</SimpleData>
					<SimpleData name="AP_MAT_USU">ZAPATA</SimpleData>
					<SimpleData name="NOM_USU">MANUEL</SimpleData>
					<SimpleData name="TIPODOC">DNI</SimpleData>
					<SimpleData name="NUM_DOC">03630163</SimpleData>
					<SimpleData name="DESC_LIC">G.R.PIURA-420010-AACH-ATDRCH</SimpleData>
					<SimpleData name="PAR_AR_BR">0.4216</SimpleData>
					<SimpleData name="RES_ADM">126-2006-G.R.PIURA-420010-AACH-ATDRCH</SimpleData>
					<SimpleData name="TOMA">SOJO Y LAS MARIPOSAS</SimpleData>
				</SchemaData>
			</ExtendedData>
			<Polygon>
				<outerBoundaryIs>
					<LinearRing>
						<coordinates>
							-80.83529781750157,-4.913769788057529,0 -80.83529330348991,-4.913787246932935,0 -80.83499700333952,-4.914932748037266,0 -80.83487078010522,-4.915091485556495,0 -80.83470874967985,-4.914871975462174,0 -80.83501982027521,-4.913818934466412,0 -80.83503722890487,-4.913815953293583,0 -80.83528338546482,-4.913772317625185,0 -80.83529781750157,-4.913769788057529,0 -80.83529781750157,-4.913769788057529,0
						</coordinates>
					</LinearRing>
				</outerBoundaryIs>
			</Polygon>
		</Placemark>
		<Placemark>
			<name>40350</name>
			<visibility>0</visibility>
			<ExtendedData>
				<SchemaData schemaUrl="#S_BLOQUE_SOJO_Y_LAS_MARIPOSAS">
					<SimpleData name="AREA_HA">0.4754</SimpleData>
					<SimpleData name="NOM_LOC"></SimpleData>
					<SimpleData name="NOM_PRE">S/N</SimpleData>
					<SimpleData name="NOM_BLO">SOJO Y LAS MARIPOSAS</SimpleData>
					<SimpleData name="CODCAT">40350</SimpleData>
					<SimpleData name="USUARIO"></SimpleData>
					<SimpleData name="AP_PAT_USU"></SimpleData>
					<SimpleData name="AP_MAT_USU"></SimpleData>
					<SimpleData name="NOM_USU"></SimpleData>
					<SimpleData name="TIPODOC">SIN DATO</SimpleData>
					<SimpleData name="NUM_DOC"></SimpleData>
					<SimpleData name="DESC_LIC"></SimpleData>
					<SimpleData name="PAR_AR_BR">0.4754</SimpleData>
					<SimpleData name="RES_ADM"></SimpleData>
					<SimpleData name="TOMA">SOJO Y LAS MARIPOSAS</SimpleData>
				</SchemaData>
			</ExtendedData>
			<Polygon>
				<outerBoundaryIs>
					<LinearRing>
						<coordinates>
							-80.83501982027521,-4.913818934466412,0 -80.83470874967985,-4.914871975462174,0 -80.8343520486418,-4.914388890227739,0 -80.83449278555672,-4.913889098990703,0 -80.83462537509064,-4.913885964832869,0 -80.83501982027521,-4.913818934466412,0 -80.83501982027521,-4.913818934466412,0
						</coordinates>
					</LinearRing>
				</outerBoundaryIs>
			</Polygon>
		</Placemark>
		<Placemark>
			<name>40349</name>
			<visibility>0</visibility>
			<ExtendedData>
				<SchemaData schemaUrl="#S_BLOQUE_SOJO_Y_LAS_MARIPOSAS">
					<SimpleData name="AREA_HA">0.1569</SimpleData>
					<SimpleData name="NOM_LOC"></SimpleData>
					<SimpleData name="NOM_PRE">S/N</SimpleData>
					<SimpleData name="NOM_BLO">SOJO Y LAS MARIPOSAS</SimpleData>
					<SimpleData name="CODCAT">40349</SimpleData>
					<SimpleData name="USUARIO"></SimpleData>
					<SimpleData name="AP_PAT_USU"></SimpleData>
					<SimpleData name="AP_MAT_USU"></SimpleData>
					<SimpleData name="NOM_USU"></SimpleData>
					<SimpleData name="TIPODOC">SIN DATO</SimpleData>
					<SimpleData name="NUM_DOC"></SimpleData>
					<SimpleData name="DESC_LIC"></SimpleData>
					<SimpleData name="PAR_AR_BR">0.1569</SimpleData>
					<SimpleData name="RES_ADM"></SimpleData>
					<SimpleData name="TOMA">SOJO Y LAS MARIPOSAS</SimpleData>
				</SchemaData>
			</ExtendedData>
			<Polygon>
				<outerBoundaryIs>
					<LinearRing>
						<coordinates>
							-80.83449278555672,-4.913889098990703,0 -80.8343520486418,-4.914388890227739,0 -80.83397767541001,-4.913881826986164,0 -80.83429904248521,-4.913893665727671,0 -80.83449278555672,-4.913889098990703,0 -80.83449278555672,-4.913889098990703,0
						</coordinates>
					</LinearRing>
				</outerBoundaryIs>
			</Polygon>
		</Placemark>
		<Placemark>
			<name>40351</name>
			<visibility>0</visibility>
			<ExtendedData>
				<SchemaData schemaUrl="#S_BLOQUE_SOJO_Y_LAS_MARIPOSAS">
					<SimpleData name="AREA_HA">0.4291</SimpleData>
					<SimpleData name="NOM_LOC"></SimpleData>
					<SimpleData name="NOM_PRE">S/N</SimpleData>
					<SimpleData name="NOM_BLO">SOJO Y LAS MARIPOSAS</SimpleData>
					<SimpleData name="CODCAT">40351</SimpleData>
					<SimpleData name="USUARIO"></SimpleData>
					<SimpleData name="AP_PAT_USU"></SimpleData>
					<SimpleData name="AP_MAT_USU"></SimpleData>
					<SimpleData name="NOM_USU"></SimpleData>
					<SimpleData name="TIPODOC">SIN DATO</SimpleData>
					<SimpleData name="NUM_DOC"></SimpleData>
					<SimpleData name="DESC_LIC"></SimpleData>
					<SimpleData name="PAR_AR_BR">0.4291</SimpleData>
					<SimpleData name="RES_ADM"></SimpleData>
					<SimpleData name="TOMA">SOJO Y LAS MARIPOSAS</SimpleData>
				</SchemaData>
			</ExtendedData>
			<Polygon>
				<outerBoundaryIs>
					<LinearRing>
						<coordinates>
							-80.83521696951664,-4.913151613390934,0 -80.83521056032004,-4.91317350464942,0 -80.83503805476359,-4.913757331434796,0 -80.83499394799293,-4.91376030615069,0 -80.834766824808,-4.913795894835909,0 -80.83451129173163,-4.913823153666701,0 -80.8347207265862,-4.913079391846869,0 -80.8349311492405,-4.913101878390876,0 -80.83516150065363,-4.913143729438183,0 -80.83521696951664,-4.913151613390934,0 -80.83521696951664,-4.913151613390934,0
						</coordinates>
					</LinearRing>
				</outerBoundaryIs>
			</Polygon>
		</Placemark>
		<Placemark>
			<name>40348</name>
			<visibility>0</visibility>
			<ExtendedData>
				<SchemaData schemaUrl="#S_BLOQUE_SOJO_Y_LAS_MARIPOSAS">
					<SimpleData name="AREA_HA">0.6535</SimpleData>
					<SimpleData name="NOM_LOC"></SimpleData>
					<SimpleData name="NOM_PRE">S/N</SimpleData>
					<SimpleData name="NOM_BLO">SOJO Y LAS MARIPOSAS</SimpleData>
					<SimpleData name="CODCAT">40348</SimpleData>
					<SimpleData name="USUARIO"></SimpleData>
					<SimpleData name="AP_PAT_USU"></SimpleData>
					<SimpleData name="AP_MAT_USU"></SimpleData>
					<SimpleData name="NOM_USU"></SimpleData>
					<SimpleData name="TIPODOC">SIN DATO</SimpleData>
					<SimpleData name="NUM_DOC"></SimpleData>
					<SimpleData name="DESC_LIC"></SimpleData>
					<SimpleData name="PAR_AR_BR">0.6535</SimpleData>
					<SimpleData name="RES_ADM"></SimpleData>
					<SimpleData name="TOMA">SOJO Y LAS MARIPOSAS</SimpleData>
				</SchemaData>
			</ExtendedData>
			<Polygon>
				<outerBoundaryIs>
					<LinearRing>
						<coordinates>
							-80.8347207265862,-4.913079391846869,0 -80.83451129173163,-4.913823153666701,0 -80.8345084053803,-4.913823424364865,0 -80.83425098303402,-4.913830508688532,0 -80.833988156188,-4.913807466374416,0 -80.83390220963373,-4.913763478909685,0 -80.83409020406353,-4.91291359530913,0 -80.83415928986803,-4.91293251952894,0 -80.83436573586688,-4.912987934957047,0 -80.83454530601271,-4.913032487868547,0 -80.83470169563891,-4.913077396981356,0 -80.8347207265862,-4.913079391846869,0 -80.8347207265862,-4.913079391846869,0
						</coordinates>
					</LinearRing>
				</outerBoundaryIs>
			</Polygon>
		</Placemark>
		<Placemark>
			<name>40352</name>
			<visibility>0</visibility>
			<ExtendedData>
				<SchemaData schemaUrl="#S_BLOQUE_SOJO_Y_LAS_MARIPOSAS">
					<SimpleData name="AREA_HA">0.186</SimpleData>
					<SimpleData name="NOM_LOC"></SimpleData>
					<SimpleData name="NOM_PRE">S/N</SimpleData>
					<SimpleData name="NOM_BLO">SOJO Y LAS MARIPOSAS</SimpleData>
					<SimpleData name="CODCAT">40352</SimpleData>
					<SimpleData name="USUARIO"></SimpleData>
					<SimpleData name="AP_PAT_USU"></SimpleData>
					<SimpleData name="AP_MAT_USU"></SimpleData>
					<SimpleData name="NOM_USU"></SimpleData>
					<SimpleData name="TIPODOC">SIN DATO</SimpleData>
					<SimpleData name="NUM_DOC"></SimpleData>
					<SimpleData name="DESC_LIC"></SimpleData>
					<SimpleData name="PAR_AR_BR">0.186</SimpleData>
					<SimpleData name="RES_ADM"></SimpleData>
					<SimpleData name="TOMA">SOJO Y LAS MARIPOSAS</SimpleData>
				</SchemaData>
			</ExtendedData>
			<Polygon>
				<outerBoundaryIs>
					<LinearRing>
						<coordinates>
							-80.83523989124498,-4.913102224412567,0 -80.83516981107852,-4.913092256211023,0 -80.83493855774076,-4.913050314482772,0 -80.83473498984887,-4.913028553331151,0 -80.83482038850555,-4.912725512438552,0 -80.8348757599949,-4.912763069289361,0 -80.83523320619133,-4.912770302520335,0 -80.83530156606265,-4.912807500608185,0 -80.83523989124498,-4.913102224412567,0 -80.83523989124498,-4.913102224412567,0
						</coordinates>
					</LinearRing>
				</outerBoundaryIs>
			</Polygon>
		</Placemark>
		<Placemark>
			<name>40347</name>
			<visibility>0</visibility>
			<ExtendedData>
				<SchemaData schemaUrl="#S_BLOQUE_SOJO_Y_LAS_MARIPOSAS">
					<SimpleData name="AREA_HA">0.3556</SimpleData>
					<SimpleData name="NOM_LOC"></SimpleData>
					<SimpleData name="NOM_PRE">S/N</SimpleData>
					<SimpleData name="NOM_BLO">SOJO Y LAS MARIPOSAS</SimpleData>
					<SimpleData name="CODCAT">40347</SimpleData>
					<SimpleData name="USUARIO"></SimpleData>
					<SimpleData name="AP_PAT_USU"></SimpleData>
					<SimpleData name="AP_MAT_USU"></SimpleData>
					<SimpleData name="NOM_USU"></SimpleData>
					<SimpleData name="TIPODOC">SIN DATO</SimpleData>
					<SimpleData name="NUM_DOC"></SimpleData>
					<SimpleData name="DESC_LIC"></SimpleData>
					<SimpleData name="PAR_AR_BR">0.3556</SimpleData>
					<SimpleData name="RES_ADM"></SimpleData>
					<SimpleData name="TOMA">SOJO Y LAS MARIPOSAS</SimpleData>
				</SchemaData>
			</ExtendedData>
			<Polygon>
				<outerBoundaryIs>
					<LinearRing>
						<coordinates>
							-80.83482038850555,-4.912725512438552,0 -80.83473498984887,-4.913028553331151,0 -80.83471162958816,-4.913026105086564,0 -80.83455866721522,-4.912982101468875,0 -80.83437873631829,-4.912937458007627,0 -80.83417283146774,-4.912882223647761,0 -80.83410149091344,-4.912862665618265,0 -80.83421165064964,-4.912364857233111,0 -80.83421751985047,-4.91233817114793,0 -80.8342729851606,-4.912360439292119,0 -80.83437137434538,-4.912422251555646,0 -80.83449338861955,-4.912510395182943,0 -80.83462776031631,-4.912596461062626,0 -80.83476456610643,-4.91268768407571,0 -80.83482038850555,-4.912725512438552,0 -80.83482038850555,-4.912725512438552,0
						</coordinates>
					</LinearRing>
				</outerBoundaryIs>
			</Polygon>
		</Placemark>
		<Placemark>
			<name>40346</name>
			<visibility>0</visibility>
			<ExtendedData>
				<SchemaData schemaUrl="#S_BLOQUE_SOJO_Y_LAS_MARIPOSAS">
					<SimpleData name="AREA_HA">0.5337</SimpleData>
					<SimpleData name="NOM_LOC">SOJO</SimpleData>
					<SimpleData name="NOM_PRE">LA HUACA</SimpleData>
					<SimpleData name="NOM_BLO">SOJO Y LAS MARIPOSAS</SimpleData>
					<SimpleData name="CODCAT">40346</SimpleData>
					<SimpleData name="USUARIO">CHINCHAY MONTERO, CEFERINO</SimpleData>
					<SimpleData name="AP_PAT_USU">CHINCHAY</SimpleData>
					<SimpleData name="AP_MAT_USU">MONTERO</SimpleData>
					<SimpleData name="NOM_USU">CEFERINO</SimpleData>
					<SimpleData name="TIPODOC">DNI</SimpleData>
					<SimpleData name="NUM_DOC">03630271</SimpleData>
					<SimpleData name="DESC_LIC">G.R.PIURA-420010-AACH-ATDRCH</SimpleData>
					<SimpleData name="PAR_AR_BR">0.5337</SimpleData>
					<SimpleData name="RES_ADM">126-2006-G.R.PIURA-420010-AACH-ATDRCH</SimpleData>
					<SimpleData name="TOMA">SOJO Y LAS MARIPOSAS</SimpleData>
				</SchemaData>
			</ExtendedData>
			<Polygon>
				<outerBoundaryIs>
					<LinearRing>
						<coordinates>
							-80.83421751985047,-4.91233817114793,0 -80.83421165064964,-4.912364857233111,0 -80.83410149091344,-4.912862665618265,0 -80.83389811173902,-4.912806888992327,0 -80.8336670520315,-4.912711119525031,0 -80.83339045636696,-4.9125614210439,0 -80.83356738914902,-4.911950636872979,0 -80.83358244660295,-4.91197253335097,0 -80.83365125197261,-4.91203162451699,0 -80.83374467705981,-4.912106643715903,0 -80.8338676004232,-4.912164752917214,0 -80.83399818792709,-4.912233448499417,0 -80.83410758131264,-4.912293996951808,0 -80.83421751985047,-4.91233817114793,0 -80.83421751985047,-4.91233817114793,0
						</coordinates>
					</LinearRing>
				</outerBoundaryIs>
			</Polygon>
		</Placemark>
		<Placemark>
			<name>40345</name>
			<visibility>0</visibility>
			<ExtendedData>
				<SchemaData schemaUrl="#S_BLOQUE_SOJO_Y_LAS_MARIPOSAS">
					<SimpleData name="AREA_HA">0.7444</SimpleData>
					<SimpleData name="NOM_LOC">SOJO</SimpleData>
					<SimpleData name="NOM_PRE">LA HUACA</SimpleData>
					<SimpleData name="NOM_BLO">SOJO Y LAS MARIPOSAS</SimpleData>
					<SimpleData name="CODCAT">40345</SimpleData>
					<SimpleData name="USUARIO">CHINCHAY MONTERO, CEFERINO</SimpleData>
					<SimpleData name="AP_PAT_USU">CHINCHAY</SimpleData>
					<SimpleData name="AP_MAT_USU">MONTERO</SimpleData>
					<SimpleData name="NOM_USU">CEFERINO</SimpleData>
					<SimpleData name="TIPODOC">DNI</SimpleData>
					<SimpleData name="NUM_DOC">03630271</SimpleData>
					<SimpleData name="DESC_LIC">G.R.PIURA-420010-AACH-ATDRCH</SimpleData>
					<SimpleData name="PAR_AR_BR">0.7444</SimpleData>
					<SimpleData name="RES_ADM">126-2006-G.R.PIURA-420010-AACH-ATDRCH</SimpleData>
					<SimpleData name="TOMA">SOJO Y LAS MARIPOSAS</SimpleData>
				</SchemaData>
			</ExtendedData>
			<Polygon>
				<outerBoundaryIs>
					<LinearRing>
						<coordinates>
							-80.83409020406353,-4.91291359530913,0 -80.83390220963373,-4.913763478909685,0 -80.83374700083553,-4.913684011831387,0 -80.83347032532001,-4.913489984948647,0 -80.83323055001648,-4.913255890481596,0 -80.83319790619421,-4.913226028675927,0 -80.83337565174908,-4.912612621260766,0 -80.83364476212577,-4.912758246947115,0 -80.83388123307645,-4.912856279393476,0 -80.83409020406353,-4.91291359530913,0 -80.83409020406353,-4.91291359530913,0
						</coordinates>
					</LinearRing>
				</outerBoundaryIs>
			</Polygon>
		</Placemark>
		<Placemark>
			<name>40344</name>
			<visibility>0</visibility>
			<ExtendedData>
				<SchemaData schemaUrl="#S_BLOQUE_SOJO_Y_LAS_MARIPOSAS">
					<SimpleData name="AREA_HA">0.4792</SimpleData>
					<SimpleData name="NOM_LOC">SOJO</SimpleData>
					<SimpleData name="NOM_PRE">LA HUACA</SimpleData>
					<SimpleData name="NOM_BLO">SOJO Y LAS MARIPOSAS</SimpleData>
					<SimpleData name="CODCAT">40344</SimpleData>
					<SimpleData name="USUARIO">CHINCHAY MONTERO, CEFERINO</SimpleData>
					<SimpleData name="AP_PAT_USU">CHINCHAY</SimpleData>
					<SimpleData name="AP_MAT_USU">MONTERO</SimpleData>
					<SimpleData name="NOM_USU">CEFERINO</SimpleData>
					<SimpleData name="TIPODOC">DNI</SimpleData>
					<SimpleData name="NUM_DOC">03630271</SimpleData>
					<SimpleData name="DESC_LIC">G.R.PIURA-420010-AACH-ATDRCH</SimpleData>
					<SimpleData name="PAR_AR_BR">0.23</SimpleData>
					<SimpleData name="RES_ADM">126-2006-G.R.PIURA-420010-AACH-ATDRCH</SimpleData>
					<SimpleData name="TOMA">SOJO Y LAS MARIPOSAS</SimpleData>
				</SchemaData>
			</ExtendedData>
			<Polygon>
				<outerBoundaryIs>
					<LinearRing>
						<coordinates>
							-80.83397767541001,-4.913881826986164,0 -80.83391660182274,-4.913925597726896,0 -80.83380690824345,-4.913986273783555,0 -80.83368017512328,-4.914015553918372,0 -80.83353035461865,-4.914032796398336,0 -80.83329700776845,-4.914068202125486,0 -80.83312852040605,-4.914069698844735,0 -80.83303724345971,-4.914061986883405,0 -80.83296581632229,-4.914027230398994,0 -80.8331736229663,-4.913309975308273,0 -80.83332223347192,-4.913446253634637,0 -80.83352405343734,-4.913609232427538,0 -80.83373245843228,-4.913769770181508,0 -80.8339474617265,-4.913873044416373,0 -80.83397767541001,-4.913881826986164,0 -80.83397767541001,-4.913881826986164,0
						</coordinates>
					</LinearRing>
				</outerBoundaryIs>
			</Polygon>
		</Placemark>
		<Placemark>
			<name>40343</name>
			<visibility>0</visibility>
			<ExtendedData>
				<SchemaData schemaUrl="#S_BLOQUE_SOJO_Y_LAS_MARIPOSAS">
					<SimpleData name="AREA_HA">0.5465</SimpleData>
					<SimpleData name="NOM_LOC">SOJO</SimpleData>
					<SimpleData name="NOM_PRE">LA HUACA</SimpleData>
					<SimpleData name="NOM_BLO">SOJO Y LAS MARIPOSAS</SimpleData>
					<SimpleData name="CODCAT">40343</SimpleData>
					<SimpleData name="USUARIO">ALEJABO REBOLLEDO, JOSE SANTOS</SimpleData>
					<SimpleData name="AP_PAT_USU">ALEJABO</SimpleData>
					<SimpleData name="AP_MAT_USU">REBOLLEDO</SimpleData>
					<SimpleData name="NOM_USU">JOSE SANTOS</SimpleData>
					<SimpleData name="TIPODOC">DNI</SimpleData>
					<SimpleData name="NUM_DOC">03629154</SimpleData>
					<SimpleData name="DESC_LIC">G.R.PIURA-420010-AACH-ATDRCH</SimpleData>
					<SimpleData name="PAR_AR_BR">0.5465</SimpleData>
					<SimpleData name="RES_ADM">126-2006-G.R.PIURA-420010-AACH-ATDRCH</SimpleData>
					<SimpleData name="TOMA">SOJO Y LAS MARIPOSAS</SimpleData>
				</SchemaData>
			</ExtendedData>
			<Polygon>
				<outerBoundaryIs>
					<LinearRing>
						<coordinates>
							-80.8331736229663,-4.913309975308273,0 -80.83296581632229,-4.914027230398994,0 -80.83293578447196,-4.914012567529795,0 -80.83285083709136,-4.913939992879246,0 -80.83276489730389,-4.913868503568555,0 -80.83274316527911,-4.913846695902002,0 -80.83245804955408,-4.913866347531926,0 -80.832446595889,-4.91386109768249,0 -80.83273987615465,-4.912909194588481,0 -80.83287721575438,-4.913029819604957,0 -80.83312429655871,-4.913264730176172,0 -80.8331736229663,-4.913309975308273,0 -80.8331736229663,-4.913309975308273,0
						</coordinates>
					</LinearRing>
				</outerBoundaryIs>
			</Polygon>
		</Placemark>
		<Placemark>
			<name>40338</name>
			<visibility>0</visibility>
			<ExtendedData>
				<SchemaData schemaUrl="#S_BLOQUE_SOJO_Y_LAS_MARIPOSAS">
					<SimpleData name="AREA_HA">0.6908</SimpleData>
					<SimpleData name="NOM_LOC">SOJO</SimpleData>
					<SimpleData name="NOM_PRE">LA HUACA</SimpleData>
					<SimpleData name="NOM_BLO">SOJO Y LAS MARIPOSAS</SimpleData>
					<SimpleData name="CODCAT">40338</SimpleData>
					<SimpleData name="USUARIO">COLMENARES CHINCHAY, SANTOS ELAUTERIO</SimpleData>
					<SimpleData name="AP_PAT_USU">COLMENARES</SimpleData>
					<SimpleData name="AP_MAT_USU">CHINCHAY</SimpleData>
					<SimpleData name="NOM_USU">SANTOS ELAUTERIO</SimpleData>
					<SimpleData name="TIPODOC">DNI</SimpleData>
					<SimpleData name="NUM_DOC">03630826</SimpleData>
					<SimpleData name="DESC_LIC">G.R.PIURA-420010-AACH-ATDRCH</SimpleData>
					<SimpleData name="PAR_AR_BR">0.6908</SimpleData>
					<SimpleData name="RES_ADM">126-2006-G.R.PIURA-420010-AACH-ATDRCH</SimpleData>
					<SimpleData name="TOMA">SOJO Y LAS MARIPOSAS</SimpleData>
				</SchemaData>
			</ExtendedData>
			<Polygon>
				<outerBoundaryIs>
					<LinearRing>
						<coordinates>
							-80.83273987615465,-4.912909194588481,0 -80.832446595889,-4.91386109768249,0 -80.8324440706762,-4.913859921002397,0 -80.83238428089871,-4.913817115831169,0 -80.83229717654189,-4.91371323930241,0 -80.83220050648195,-4.913629443889502,0 -80.83212178546049,-4.913545924280274,0 -80.83204991444431,-4.913482580295496,0 -80.83200067716962,-4.913441948877106,0 -80.83198642745023,-4.913436607865154,0 -80.83226816166533,-4.912490311038615,0 -80.83240162305229,-4.912609306804616,0 -80.83264491979087,-4.912825761524764,0 -80.83273987615465,-4.912909194588481,0 -80.83273987615465,-4.912909194588481,0
						</coordinates>
					</LinearRing>
				</outerBoundaryIs>
			</Polygon>
		</Placemark>
		<Placemark>
			<name>40342</name>
			<visibility>0</visibility>
			<ExtendedData>
				<SchemaData schemaUrl="#S_BLOQUE_SOJO_Y_LAS_MARIPOSAS">
					<SimpleData name="AREA_HA">0.3712</SimpleData>
					<SimpleData name="NOM_LOC">SOJO</SimpleData>
					<SimpleData name="NOM_PRE">LA HUACA</SimpleData>
					<SimpleData name="NOM_BLO">SOJO Y LAS MARIPOSAS</SimpleData>
					<SimpleData name="CODCAT">40342</SimpleData>
					<SimpleData name="USUARIO">ALEJABO REBOLLEDO, JOSE SANTOS</SimpleData>
					<SimpleData name="AP_PAT_USU">ALEJABO</SimpleData>
					<SimpleData name="AP_MAT_USU">REBOLLEDO</SimpleData>
					<SimpleData name="NOM_USU">JOSE SANTOS</SimpleData>
					<SimpleData name="TIPODOC">DNI</SimpleData>
					<SimpleData name="NUM_DOC">03629154</SimpleData>
					<SimpleData name="DESC_LIC">G.R.PIURA-420010-AACH-ATDRCH</SimpleData>
					<SimpleData name="PAR_AR_BR">0.3712</SimpleData>
					<SimpleData name="RES_ADM">126-2006-G.R.PIURA-420010-AACH-ATDRCH</SimpleData>
					<SimpleData name="TOMA">SOJO Y LAS MARIPOSAS</SimpleData>
				</SchemaData>
			</ExtendedData>
			<Polygon>
				<outerBoundaryIs>
					<LinearRing>
						<coordinates>
							-80.83337565174908,-4.912612621260766,0 -80.83319790619421,-4.913226028675927,0 -80.83299338645645,-4.913038713738587,0 -80.8327573880176,-4.91285265755007,0 -80.83290542699456,-4.912371956798946,0 -80.83291409266046,-4.912343914419948,0 -80.83307921612224,-4.912450162082955,0 -80.83331991779541,-4.912582391956906,0 -80.83337565174908,-4.912612621260766,0 -80.83337565174908,-4.912612621260766,0
						</coordinates>
					</LinearRing>
				</outerBoundaryIs>
			</Polygon>
		</Placemark>
		<Placemark>
			<name>40341</name>
			<visibility>0</visibility>
			<ExtendedData>
				<SchemaData schemaUrl="#S_BLOQUE_SOJO_Y_LAS_MARIPOSAS">
					<SimpleData name="AREA_HA">0.4363</SimpleData>
					<SimpleData name="NOM_LOC">SOJO</SimpleData>
					<SimpleData name="NOM_PRE">LA HUACA</SimpleData>
					<SimpleData name="NOM_BLO">SOJO Y LAS MARIPOSAS</SimpleData>
					<SimpleData name="CODCAT">40341</SimpleData>
					<SimpleData name="USUARIO">ALEJABO REBOLLEDO, JOSE SANTOS</SimpleData>
					<SimpleData name="AP_PAT_USU">ALEJABO</SimpleData>
					<SimpleData name="AP_MAT_USU">REBOLLEDO</SimpleData>
					<SimpleData name="NOM_USU">JOSE SANTOS</SimpleData>
					<SimpleData name="TIPODOC">DNI</SimpleData>
					<SimpleData name="NUM_DOC">03629154</SimpleData>
					<SimpleData name="DESC_LIC">G.R.PIURA-420010-AACH-ATDRCH</SimpleData>
					<SimpleData name="PAR_AR_BR">0.4363</SimpleData>
					<SimpleData name="RES_ADM">126-2006-G.R.PIURA-420010-AACH-ATDRCH</SimpleData>
					<SimpleData name="TOMA">SOJO Y LAS MARIPOSAS</SimpleData>
				</SchemaData>
			</ExtendedData>
			<Polygon>
				<outerBoundaryIs>
					<LinearRing>
						<coordinates>
							-80.83356738914902,-4.911950636872979,0 -80.83339045636696,-4.9125614210439,0 -80.83334473288294,-4.912536622154937,0 -80.83310574472921,-4.91240529737069,0 -80.83293006996755,-4.91229226217043,0 -80.83312802650498,-4.911649729656656,0 -80.83313091201157,-4.911652896677142,0 -80.83323652067548,-4.911698246030854,0 -80.83332210906026,-4.911730201489773,0 -80.83339127942639,-4.911771742339912,0 -80.83346180175596,-4.91181735448931,0 -80.83351942174313,-4.911880694846669,0 -80.83356738914902,-4.911950636872979,0 -80.83356738914902,-4.911950636872979,0
						</coordinates>
					</LinearRing>
				</outerBoundaryIs>
			</Polygon>
		</Placemark>
		<Placemark>
			<name>40337</name>
			<visibility>0</visibility>
			<ExtendedData>
				<SchemaData schemaUrl="#S_BLOQUE_SOJO_Y_LAS_MARIPOSAS">
					<SimpleData name="AREA_HA">0.6938</SimpleData>
					<SimpleData name="NOM_LOC">SOJO</SimpleData>
					<SimpleData name="NOM_PRE">LA HUACA</SimpleData>
					<SimpleData name="NOM_BLO">SOJO Y LAS MARIPOSAS</SimpleData>
					<SimpleData name="CODCAT">40337</SimpleData>
					<SimpleData name="USUARIO">DIOSES TALLEDO, LUIS HUMBERTO</SimpleData>
					<SimpleData name="AP_PAT_USU">DIOSES</SimpleData>
					<SimpleData name="AP_MAT_USU">TALLEDO</SimpleData>
					<SimpleData name="NOM_USU">LUIS HUMBERTO</SimpleData>
					<SimpleData name="TIPODOC">DNI</SimpleData>
					<SimpleData name="NUM_DOC">03630152</SimpleData>
					<SimpleData name="DESC_LIC">G.R.PIURA-420010-AACH-ATDRCH</SimpleData>
					<SimpleData name="PAR_AR_BR">0.6938</SimpleData>
					<SimpleData name="RES_ADM">126-2006-G.R.PIURA-420010-AACH-ATDRCH</SimpleData>
					<SimpleData name="TOMA">SOJO Y LAS MARIPOSAS</SimpleData>
				</SchemaData>
			</ExtendedData>
			<Polygon>
				<outerBoundaryIs>
					<LinearRing>
						<coordinates>
							-80.83226816166533,-4.912490311038615,0 -80.83198642745023,-4.913436607865154,0 -80.8319294285527,-4.91341533428052,0 -80.83180884556973,-4.913376313651831,0 -80.83171271915066,-4.913282928895903,0 -80.83162490367641,-4.913137166292076,0 -80.83158119514472,-4.912987705459846,0 -80.83156695538823,-4.912941835617382,0 -80.8315721010413,-4.912923653196852,0 -80.83181466766295,-4.912070346069215,0 -80.83188527687078,-4.912129166458574,0 -80.83215471952931,-4.912389142000928,0 -80.83226816166533,-4.912490311038615,0 -80.83226816166533,-4.912490311038615,0
						</coordinates>
					</LinearRing>
				</outerBoundaryIs>
			</Polygon>
		</Placemark>
		<Placemark>
			<name>40332</name>
			<visibility>0</visibility>
			<ExtendedData>
				<SchemaData schemaUrl="#S_BLOQUE_SOJO_Y_LAS_MARIPOSAS">
					<SimpleData name="AREA_HA">0.614</SimpleData>
					<SimpleData name="NOM_LOC"></SimpleData>
					<SimpleData name="NOM_PRE">S/N</SimpleData>
					<SimpleData name="NOM_BLO">SOJO Y LAS MARIPOSAS</SimpleData>
					<SimpleData name="CODCAT">40332</SimpleData>
					<SimpleData name="USUARIO"></SimpleData>
					<SimpleData name="AP_PAT_USU"></SimpleData>
					<SimpleData name="AP_MAT_USU"></SimpleData>
					<SimpleData name="NOM_USU"></SimpleData>
					<SimpleData name="TIPODOC">SIN DATO</SimpleData>
					<SimpleData name="NUM_DOC"></SimpleData>
					<SimpleData name="DESC_LIC"></SimpleData>
					<SimpleData name="PAR_AR_BR">0.614</SimpleData>
					<SimpleData name="RES_ADM"></SimpleData>
					<SimpleData name="TOMA">SOJO Y LAS MARIPOSAS</SimpleData>
				</SchemaData>
			</ExtendedData>
			<Polygon>
				<outerBoundaryIs>
					<LinearRing>
						<coordinates>
							-80.83181466766295,-4.912070346069215,0 -80.8315721010413,-4.912923653196852,0 -80.83156695538823,-4.912941835617382,0 -80.83155262550395,-4.912895694354011,0 -80.83150249744827,-4.912809829617711,0 -80.83143153208829,-4.91273201121325,0 -80.83133423957734,-4.91261293373811,0 -80.83124930024753,-4.912509057615186,0 -80.83122839632672,-4.912421209834797,0 -80.83120433834753,-4.912321962541313,0 -80.83116676140659,-4.912180192821469,0 -80.83109426965221,-4.912074600904819,0 -80.83126837255833,-4.911609105303654,0 -80.83133293730559,-4.911672899890906,0 -80.83148885387102,-4.911805471302236,0 -80.83166848947177,-4.911948723535451,0 -80.83181466766295,-4.912070346069215,0 -80.83181466766295,-4.912070346069215,0
						</coordinates>
					</LinearRing>
				</outerBoundaryIs>
			</Polygon>
		</Placemark>
		<Placemark>
			<name>40331</name>
			<visibility>0</visibility>
			<ExtendedData>
				<SchemaData schemaUrl="#S_BLOQUE_SOJO_Y_LAS_MARIPOSAS">
					<SimpleData name="AREA_HA">0.4587</SimpleData>
					<SimpleData name="NOM_LOC">SOJO</SimpleData>
					<SimpleData name="NOM_PRE">LA HUACA</SimpleData>
					<SimpleData name="NOM_BLO">SOJO Y LAS MARIPOSAS</SimpleData>
					<SimpleData name="CODCAT">40331</SimpleData>
					<SimpleData name="USUARIO">FLORES MORE, FRANCISCO</SimpleData>
					<SimpleData name="AP_PAT_USU">FLORES</SimpleData>
					<SimpleData name="AP_MAT_USU">MORE</SimpleData>
					<SimpleData name="NOM_USU">FRANCISCO</SimpleData>
					<SimpleData name="TIPODOC">DNI</SimpleData>
					<SimpleData name="NUM_DOC">03629687</SimpleData>
					<SimpleData name="DESC_LIC">G.R.PIURA-420010-AACH-ATDRCH</SimpleData>
					<SimpleData name="PAR_AR_BR">0.4587</SimpleData>
					<SimpleData name="RES_ADM">126-2006-G.R.PIURA-420010-AACH-ATDRCH</SimpleData>
					<SimpleData name="TOMA">SOJO Y LAS MARIPOSAS</SimpleData>
				</SchemaData>
			</ExtendedData>
			<Polygon>
				<outerBoundaryIs>
					<LinearRing>
						<coordinates>
							-80.83126837255833,-4.911609105303654,0 -80.83109426965221,-4.912074600904819,0 -80.83109165489822,-4.912070800680024,0 -80.83102709018232,-4.912006825137421,0 -80.83089940020275,-4.911893982234199,0 -80.83082025309864,-4.911710949635941,0 -80.83076573109081,-4.911521771442031,0 -80.83072509779105,-4.9113387483869,0 -80.83063027550331,-4.910713965779429,0 -80.83079102863596,-4.910617206910812,0 -80.83079948158979,-4.910720521325855,0 -80.83081830606137,-4.910827999754472,0 -80.83084289956122,-4.910949773261071,0 -80.83091654197734,-4.911143569962797,0 -80.83100985417532,-4.911308965165571,0 -80.83114303037981,-4.91148540709232,0 -80.83126837255833,-4.911609105303654,0 -80.83126837255833,-4.911609105303654,0
						</coordinates>
					</LinearRing>
				</outerBoundaryIs>
			</Polygon>
		</Placemark>
		<Placemark>
			<name>40330</name>
			<visibility>0</visibility>
			<ExtendedData>
				<SchemaData schemaUrl="#S_BLOQUE_SOJO_Y_LAS_MARIPOSAS">
					<SimpleData name="AREA_HA">0.3391</SimpleData>
					<SimpleData name="NOM_LOC">SOJO</SimpleData>
					<SimpleData name="NOM_PRE">LA HUACA</SimpleData>
					<SimpleData name="NOM_BLO">SOJO Y LAS MARIPOSAS</SimpleData>
					<SimpleData name="CODCAT">40330</SimpleData>
					<SimpleData name="USUARIO">FLORES MORE, FRANCISCO</SimpleData>
					<SimpleData name="AP_PAT_USU">FLORES</SimpleData>
					<SimpleData name="AP_MAT_USU">MORE</SimpleData>
					<SimpleData name="NOM_USU">FRANCISCO</SimpleData>
					<SimpleData name="TIPODOC">DNI</SimpleData>
					<SimpleData name="NUM_DOC">03629687</SimpleData>
					<SimpleData name="DESC_LIC">G.R.PIURA-420010-AACH-ATDRCH</SimpleData>
					<SimpleData name="PAR_AR_BR">0.3391</SimpleData>
					<SimpleData name="RES_ADM">126-2006-G.R.PIURA-420010-AACH-ATDRCH</SimpleData>
					<SimpleData name="TOMA">SOJO Y LAS MARIPOSAS</SimpleData>
				</SchemaData>
			</ExtendedData>
			<Polygon>
				<outerBoundaryIs>
					<LinearRing>
						<coordinates>
							-80.83145393964342,-4.911104802504614,0 -80.83128895408753,-4.911540718001133,0 -80.83117587426887,-4.911434573257358,0 -80.83105496428561,-4.911259943697326,0 -80.83098131569056,-4.911091025193461,0 -80.830922384662,-4.910858874505728,0 -80.83089205201813,-4.910601490851658,0 -80.83089287095902,-4.910572360961059,0 -80.83097423550794,-4.91054080844362,0 -80.83097622001989,-4.910539994740056,0 -80.83097739189927,-4.91054270901426,0 -80.83104321251517,-4.910633915175444,0 -80.83122301482324,-4.910831175840366,0 -80.83136214931257,-4.910985726395021,0 -80.83145393964342,-4.911104802504614,0 -80.83145393964342,-4.911104802504614,0
						</coordinates>
					</LinearRing>
				</outerBoundaryIs>
			</Polygon>
		</Placemark>
		<Placemark>
			<name>40333</name>
			<visibility>0</visibility>
			<ExtendedData>
				<SchemaData schemaUrl="#S_BLOQUE_SOJO_Y_LAS_MARIPOSAS">
					<SimpleData name="AREA_HA">0.3321</SimpleData>
					<SimpleData name="NOM_LOC"></SimpleData>
					<SimpleData name="NOM_PRE">S/N</SimpleData>
					<SimpleData name="NOM_BLO">SOJO Y LAS MARIPOSAS</SimpleData>
					<SimpleData name="CODCAT">40333</SimpleData>
					<SimpleData name="USUARIO"></SimpleData>
					<SimpleData name="AP_PAT_USU"></SimpleData>
					<SimpleData name="AP_MAT_USU"></SimpleData>
					<SimpleData name="NOM_USU"></SimpleData>
					<SimpleData name="TIPODOC">SIN DATO</SimpleData>
					<SimpleData name="NUM_DOC"></SimpleData>
					<SimpleData name="DESC_LIC"></SimpleData>
					<SimpleData name="PAR_AR_BR">0.3321</SimpleData>
					<SimpleData name="RES_ADM"></SimpleData>
					<SimpleData name="TOMA">SOJO Y LAS MARIPOSAS</SimpleData>
				</SchemaData>
			</ExtendedData>
			<Polygon>
				<outerBoundaryIs>
					<LinearRing>
						<coordinates>
							-80.83193437100128,-4.911648984335651,0 -80.83184229157038,-4.911972920857717,0 -80.83183200036132,-4.912009014306566,0 -80.83181342389533,-4.911992906755733,0 -80.83163604737166,-4.911832466553269,0 -80.83139184411353,-4.911637361264704,0 -80.83128895408753,-4.911540718001133,0 -80.83145393964342,-4.911104802504614,0 -80.83150984343028,-4.911177189217277,0 -80.8316764831591,-4.911350925321701,0 -80.83183184376068,-4.911543837426131,0 -80.83193437100128,-4.911648984335651,0 -80.83193437100128,-4.911648984335651,0
						</coordinates>
					</LinearRing>
				</outerBoundaryIs>
			</Polygon>
		</Placemark>
		<Placemark>
			<name>40336</name>
			<visibility>0</visibility>
			<ExtendedData>
				<SchemaData schemaUrl="#S_BLOQUE_SOJO_Y_LAS_MARIPOSAS">
					<SimpleData name="AREA_HA">0.2561</SimpleData>
					<SimpleData name="NOM_LOC">SOJO</SimpleData>
					<SimpleData name="NOM_PRE">LA HUACA</SimpleData>
					<SimpleData name="NOM_BLO">SOJO Y LAS MARIPOSAS</SimpleData>
					<SimpleData name="CODCAT">40336</SimpleData>
					<SimpleData name="USUARIO">DIOSES TALLEDO, LUIS HUMBERTO</SimpleData>
					<SimpleData name="AP_PAT_USU">DIOSES</SimpleData>
					<SimpleData name="AP_MAT_USU">TALLEDO</SimpleData>
					<SimpleData name="NOM_USU">LUIS HUMBERTO</SimpleData>
					<SimpleData name="TIPODOC">DNI</SimpleData>
					<SimpleData name="NUM_DOC">03630152</SimpleData>
					<SimpleData name="DESC_LIC">G.R.PIURA-420010-AACH-ATDRCH</SimpleData>
					<SimpleData name="PAR_AR_BR">0.2561</SimpleData>
					<SimpleData name="RES_ADM">126-2006-G.R.PIURA-420010-AACH-ATDRCH</SimpleData>
					<SimpleData name="TOMA">SOJO Y LAS MARIPOSAS</SimpleData>
				</SchemaData>
			</ExtendedData>
			<Polygon>
				<outerBoundaryIs>
					<LinearRing>
						<coordinates>
							-80.83240212265211,-4.912040908223554,0 -80.83229343726344,-4.9124058218873,0 -80.83224483281697,-4.912359491277192,0 -80.83198746563686,-4.912143575749774,0 -80.83183200036132,-4.912009014306566,0 -80.83184229157038,-4.911972920857717,0 -80.83193437100128,-4.911648984335651,0 -80.83200732135707,-4.911723817793641,0 -80.83218993617976,-4.911856214687669,0 -80.83235504753652,-4.912011042833393,0 -80.83240212265211,-4.912040908223554,0 -80.83240212265211,-4.912040908223554,0
						</coordinates>
					</LinearRing>
				</outerBoundaryIs>
			</Polygon>
		</Placemark>
		<Placemark>
			<name>40339</name>
			<visibility>0</visibility>
			<ExtendedData>
				<SchemaData schemaUrl="#S_BLOQUE_SOJO_Y_LAS_MARIPOSAS">
					<SimpleData name="AREA_HA">0.3235</SimpleData>
					<SimpleData name="NOM_LOC">SOJO</SimpleData>
					<SimpleData name="NOM_PRE">LA HUACA</SimpleData>
					<SimpleData name="NOM_BLO">SOJO Y LAS MARIPOSAS</SimpleData>
					<SimpleData name="CODCAT">40339</SimpleData>
					<SimpleData name="USUARIO">COLMENARES CHINCHAY, SANTOS ELAUTERIO</SimpleData>
					<SimpleData name="AP_PAT_USU">COLMENARES</SimpleData>
					<SimpleData name="AP_MAT_USU">CHINCHAY</SimpleData>
					<SimpleData name="NOM_USU">SANTOS ELAUTERIO</SimpleData>
					<SimpleData name="TIPODOC">DNI</SimpleData>
					<SimpleData name="NUM_DOC">03630826</SimpleData>
					<SimpleData name="DESC_LIC">G.R.PIURA-420010-AACH-ATDRCH</SimpleData>
					<SimpleData name="PAR_AR_BR">0.3235</SimpleData>
					<SimpleData name="RES_ADM">126-2006-G.R.PIURA-420010-AACH-ATDRCH</SimpleData>
					<SimpleData name="TOMA">SOJO Y LAS MARIPOSAS</SimpleData>
				</SchemaData>
			</ExtendedData>
			<Polygon>
				<outerBoundaryIs>
					<LinearRing>
						<coordinates>
							-80.83291409266046,-4.912343914419948,0 -80.83290542699456,-4.912371956798946,0 -80.8327573880176,-4.91285265755007,0 -80.8327447629618,-4.912842703180083,0 -80.83246738531422,-4.912571689048666,0 -80.83229343726344,-4.9124058218873,0 -80.83240212265211,-4.912040908223554,0 -80.83252774648857,-4.912120639736626,0 -80.83272651220295,-4.91223024298864,0 -80.83288712821793,-4.912326538317671,0 -80.83291409266046,-4.912343914419948,0 -80.83291409266046,-4.912343914419948,0
						</coordinates>
					</LinearRing>
				</outerBoundaryIs>
			</Polygon>
		</Placemark>
		<Placemark>
			<name>40340</name>
			<visibility>0</visibility>
			<ExtendedData>
				<SchemaData schemaUrl="#S_BLOQUE_SOJO_Y_LAS_MARIPOSAS">
					<SimpleData name="AREA_HA">0.5154</SimpleData>
					<SimpleData name="NOM_LOC">SOJO</SimpleData>
					<SimpleData name="NOM_PRE">LA HUACA</SimpleData>
					<SimpleData name="NOM_BLO">SOJO Y LAS MARIPOSAS</SimpleData>
					<SimpleData name="CODCAT">40340</SimpleData>
					<SimpleData name="USUARIO">COLMENARES CHINCHAY, SANTOS ELAUTERIO</SimpleData>
					<SimpleData name="AP_PAT_USU">COLMENARES</SimpleData>
					<SimpleData name="AP_MAT_USU">CHINCHAY</SimpleData>
					<SimpleData name="NOM_USU">SANTOS ELAUTERIO</SimpleData>
					<SimpleData name="TIPODOC">DNI</SimpleData>
					<SimpleData name="NUM_DOC">03630826</SimpleData>
					<SimpleData name="DESC_LIC">G.R.PIURA-420010-AACH-ATDRCH</SimpleData>
					<SimpleData name="PAR_AR_BR">0.5154</SimpleData>
					<SimpleData name="RES_ADM">126-2006-G.R.PIURA-420010-AACH-ATDRCH</SimpleData>
					<SimpleData name="TOMA">SOJO Y LAS MARIPOSAS</SimpleData>
				</SchemaData>
			</ExtendedData>
			<Polygon>
				<outerBoundaryIs>
					<LinearRing>
						<coordinates>
							-80.83312802650498,-4.911649729656656,0 -80.83293006996755,-4.91229226217043,0 -80.83291446846613,-4.912282216608707,0 -80.83275231934235,-4.912185016249206,0 -80.83255418492165,-4.91207577502454,0 -80.83241755887937,-4.911988984455668,0 -80.83261976384301,-4.911310266690059,0 -80.83270138252662,-4.911346292228592,0 -80.83284649054836,-4.911418157903222,0 -80.83297599306755,-4.911496623755419,0 -80.83302153671352,-4.911518799105615,0 -80.83303731276034,-4.911552818233369,0 -80.83312802650498,-4.911649729656656,0 -80.83312802650498,-4.911649729656656,0
						</coordinates>
					</LinearRing>
				</outerBoundaryIs>
			</Polygon>
		</Placemark>
		<Placemark>
			<name>40335</name>
			<visibility>0</visibility>
			<ExtendedData>
				<SchemaData schemaUrl="#S_BLOQUE_SOJO_Y_LAS_MARIPOSAS">
					<SimpleData name="AREA_HA">0.4273</SimpleData>
					<SimpleData name="NOM_LOC">SOJO</SimpleData>
					<SimpleData name="NOM_PRE">LA HUACA</SimpleData>
					<SimpleData name="NOM_BLO">SOJO Y LAS MARIPOSAS</SimpleData>
					<SimpleData name="CODCAT">40335</SimpleData>
					<SimpleData name="USUARIO">DIOSES TALLEDO, LUIS HUMBERTO</SimpleData>
					<SimpleData name="AP_PAT_USU">DIOSES</SimpleData>
					<SimpleData name="AP_MAT_USU">TALLEDO</SimpleData>
					<SimpleData name="NOM_USU">LUIS HUMBERTO</SimpleData>
					<SimpleData name="TIPODOC">DNI</SimpleData>
					<SimpleData name="NUM_DOC">03630152</SimpleData>
					<SimpleData name="DESC_LIC">G.R.PIURA-420010-AACH-ATDRCH</SimpleData>
					<SimpleData name="PAR_AR_BR">0.1273</SimpleData>
					<SimpleData name="RES_ADM">126-2006-G.R.PIURA-420010-AACH-ATDRCH</SimpleData>
					<SimpleData name="TOMA">SOJO Y LAS MARIPOSAS</SimpleData>
				</SchemaData>
			</ExtendedData>
			<Polygon>
				<outerBoundaryIs>
					<LinearRing>
						<coordinates>
							-80.83261976384301,-4.911310266690059,0 -80.83241755887937,-4.911988984455668,0 -80.83238698710342,-4.911969617192855,0 -80.83222304803347,-4.91181587493683,0 -80.83204133499885,-4.911684202002893,0 -80.83195080082933,-4.911591270991186,0 -80.83210200947728,-4.911059276893632,0 -80.83215791561069,-4.911122345543215,0 -80.83221328774303,-4.911156103029761,0 -80.83222645539553,-4.911160086777533,0 -80.83230266477167,-4.911185888360363,0 -80.83238419552343,-4.911212505437126,0 -80.83253489844056,-4.911272883352953,0 -80.83261976384301,-4.911310266690059,0 -80.83261976384301,-4.911310266690059,0
						</coordinates>
					</LinearRing>
				</outerBoundaryIs>
			</Polygon>
		</Placemark>
		<Placemark>
			<name>40334</name>
			<visibility>0</visibility>
			<ExtendedData>
				<SchemaData schemaUrl="#S_BLOQUE_SOJO_Y_LAS_MARIPOSAS">
					<SimpleData name="AREA_HA">0.4414</SimpleData>
					<SimpleData name="NOM_LOC"></SimpleData>
					<SimpleData name="NOM_PRE">S/N</SimpleData>
					<SimpleData name="NOM_BLO">SOJO Y LAS MARIPOSAS</SimpleData>
					<SimpleData name="CODCAT">40334</SimpleData>
					<SimpleData name="USUARIO"></SimpleData>
					<SimpleData name="AP_PAT_USU"></SimpleData>
					<SimpleData name="AP_MAT_USU"></SimpleData>
					<SimpleData name="NOM_USU"></SimpleData>
					<SimpleData name="TIPODOC">SIN DATO</SimpleData>
					<SimpleData name="NUM_DOC"></SimpleData>
					<SimpleData name="DESC_LIC"></SimpleData>
					<SimpleData name="PAR_AR_BR">0.4414</SimpleData>
					<SimpleData name="RES_ADM"></SimpleData>
					<SimpleData name="TOMA">SOJO Y LAS MARIPOSAS</SimpleData>
				</SchemaData>
			</ExtendedData>
			<Polygon>
				<outerBoundaryIs>
					<LinearRing>
						<coordinates>
							-80.83210200947728,-4.911059276893632,0 -80.83195080082933,-4.911591270991186,0 -80.83187072677407,-4.911509198481419,0 -80.8317154563204,-4.911316467340212,0 -80.83154917728481,-4.911143093198909,0 -80.83147560071264,-4.911047723727129,0 -80.83169925135942,-4.910457035088427,0 -80.83172828678833,-4.910488343531265,0 -80.83179293854708,-4.910564893820173,0 -80.8318664188477,-4.910685050954875,0 -80.83195792710474,-4.910851259783935,0 -80.83206828547209,-4.911021182352211,0 -80.83210200947728,-4.911059276893632,0 -80.83210200947728,-4.911059276893632,0
						</coordinates>
					</LinearRing>
				</outerBoundaryIs>
			</Polygon>
		</Placemark>
		<Placemark>
			<name>40329</name>
			<visibility>0</visibility>
			<ExtendedData>
				<SchemaData schemaUrl="#S_BLOQUE_SOJO_Y_LAS_MARIPOSAS">
					<SimpleData name="AREA_HA">0.3173</SimpleData>
					<SimpleData name="NOM_LOC">SOJO</SimpleData>
					<SimpleData name="NOM_PRE">LA HUACA</SimpleData>
					<SimpleData name="NOM_BLO">SOJO Y LAS MARIPOSAS</SimpleData>
					<SimpleData name="CODCAT">40329</SimpleData>
					<SimpleData name="USUARIO">FLORES MORE, FRANCISCO</SimpleData>
					<SimpleData name="AP_PAT_USU">FLORES</SimpleData>
					<SimpleData name="AP_MAT_USU">MORE</SimpleData>
					<SimpleData name="NOM_USU">FRANCISCO</SimpleData>
					<SimpleData name="TIPODOC">DNI</SimpleData>
					<SimpleData name="NUM_DOC">03629687</SimpleData>
					<SimpleData name="DESC_LIC">G.R.PIURA-420010-AACH-ATDRCH</SimpleData>
					<SimpleData name="PAR_AR_BR">0.3173</SimpleData>
					<SimpleData name="RES_ADM">126-2006-G.R.PIURA-420010-AACH-ATDRCH</SimpleData>
					<SimpleData name="TOMA">SOJO Y LAS MARIPOSAS</SimpleData>
				</SchemaData>
			</ExtendedData>
			<Polygon>
				<outerBoundaryIs>
					<LinearRing>
						<coordinates>
							-80.83169925135942,-4.910457035088427,0 -80.83147560071264,-4.911047723727129,0 -80.83140202418339,-4.910952263781601,0 -80.83126144693321,-4.910796174954017,0 -80.83108353822608,-4.910600995488967,0 -80.8310273652806,-4.910523180708168,0 -80.83101771869894,-4.910505356491486,0 -80.83103630136279,-4.910496043082143,0 -80.83126145825959,-4.910383197069668,0 -80.83128824854866,-4.910374699877877,0 -80.83132920064665,-4.910361954277582,0 -80.83137565445178,-4.910350205161822,0 -80.83146657608076,-4.910333491389796,0 -80.83158084849082,-4.910357402662617,0 -80.83163802447206,-4.910391070173537,0 -80.83169925135942,-4.910457035088427,0 -80.83169925135942,-4.910457035088427,0
						</coordinates>
					</LinearRing>
				</outerBoundaryIs>
			</Polygon>
		</Placemark>
		<Placemark>
			<name>40366.02</name>
			<visibility>0</visibility>
			<ExtendedData>
				<SchemaData schemaUrl="#S_BLOQUE_SOJO_Y_LAS_MARIPOSAS">
					<SimpleData name="AREA_HA">0.25</SimpleData>
					<SimpleData name="NOM_LOC">SOJO</SimpleData>
					<SimpleData name="NOM_PRE">SOJO (P)</SimpleData>
					<SimpleData name="NOM_BLO">SOJO Y LAS MARIPOSAS</SimpleData>
					<SimpleData name="CODCAT">40366.02</SimpleData>
					<SimpleData name="USUARIO">JUAREZ DE CHINCHAY, JOBA</SimpleData>
					<SimpleData name="AP_PAT_USU">JUAREZ</SimpleData>
					<SimpleData name="AP_MAT_USU">DE CHINCHAY</SimpleData>
					<SimpleData name="NOM_USU">JOBA</SimpleData>
					<SimpleData name="TIPODOC">DNI</SimpleData>
					<SimpleData name="NUM_DOC">03629516</SimpleData>
					<SimpleData name="DESC_LIC"></SimpleData>
					<SimpleData name="PAR_AR_BR">0.25</SimpleData>
					<SimpleData name="RES_ADM"></SimpleData>
					<SimpleData name="TOMA">SOJO Y LAS MARIPOSAS</SimpleData>
				</SchemaData>
			</ExtendedData>
			<Polygon>
				<outerBoundaryIs>
					<LinearRing>
						<coordinates>
							-80.82543499557758,-4.897621918433918,0 -80.82538711101311,-4.897823412187981,0 -80.82470338801443,-4.897701424743095,0 -80.8246213135248,-4.897686917206963,0 -80.82372936736384,-4.897529255581167,0 -80.82374990769711,-4.897506702847007,0 -80.82379664145546,-4.897455330133884,0 -80.82385808814259,-4.897359904202827,0 -80.82386837523681,-4.897340547101525,0 -80.82388064755206,-4.897317481400137,0 -80.82390518305276,-4.897306993650028,0 -80.82396741973695,-4.897296425142739,0 -80.8240435459271,-4.897287398129182,0 -80.82416097861368,-4.897287880677403,0 -80.82428544531348,-4.89729279785359,0 -80.82441631344598,-4.897306944196627,0 -80.82447791389298,-4.897315463832463,0 -80.82457531358226,-4.897354751135974,0 -80.82471735036503,-4.897429512597276,0 -80.82478101393147,-4.897482632539401,0 -80.82543499557758,-4.897621918433918,0
						</coordinates>
					</LinearRing>
				</outerBoundaryIs>
			</Polygon>
		</Placemark>
		<Placemark>
			<name>40366.01</name>
			<visibility>0</visibility>
			<ExtendedData>
				<SchemaData schemaUrl="#S_BLOQUE_SOJO_Y_LAS_MARIPOSAS">
					<SimpleData name="AREA_HA">1.2659</SimpleData>
					<SimpleData name="NOM_LOC">SOJO</SimpleData>
					<SimpleData name="NOM_PRE">SOJO (P)</SimpleData>
					<SimpleData name="NOM_BLO">SOJO Y LAS MARIPOSAS</SimpleData>
					<SimpleData name="CODCAT">40366.01</SimpleData>
					<SimpleData name="USUARIO">MORE SAFRA, FRANCISCO</SimpleData>
					<SimpleData name="AP_PAT_USU">MORE</SimpleData>
					<SimpleData name="AP_MAT_USU">SAFRA</SimpleData>
					<SimpleData name="NOM_USU">FRANCISCO</SimpleData>
					<SimpleData name="TIPODOC">DNI</SimpleData>
					<SimpleData name="NUM_DOC">03629116</SimpleData>
					<SimpleData name="DESC_LIC"></SimpleData>
					<SimpleData name="PAR_AR_BR">1.08</SimpleData>
					<SimpleData name="RES_ADM"></SimpleData>
					<SimpleData name="TOMA">SOJO Y LAS MARIPOSAS</SimpleData>
				</SchemaData>
			</ExtendedData>
			<Polygon>
				<outerBoundaryIs>
					<LinearRing>
						<coordinates>
							-80.82470338801443,-4.897701424743095,0 -80.82454989821271,-4.898339287540696,0 -80.82452400588961,-4.898364973274876,0 -80.82445427755722,-4.898396799447033,0 -80.82441351007348,-4.898395431982632,0 -80.82434217122433,-4.898376415763552,0 -80.82425549532347,-4.898373136700012,0 -80.82415755172909,-4.898344071879222,0 -80.82406339769325,-4.898309580052147,0 -80.82400441819262,-4.898279982442125,0 -80.823864898369,-4.898237970215027,0 -80.82379536524816,-4.898211898046103,0 -80.82372448269774,-4.898172255602795,0 -80.82364421988161,-4.898132882130113,0 -80.82354140771827,-4.898096578674592,0 -80.82347052161867,-4.898070867987931,0 -80.82347251090962,-4.89805132781825,0 -80.82347422889762,-4.898034592028475,0 -80.82348994362451,-4.897953086106364,0 -80.82351333117361,-4.897846975378119,0 -80.82355556299298,-4.897765476300513,0 -80.8235747838568,-4.897728480615717,0 -80.82361458129903,-4.897643543192263,0 -80.82362874529382,-4.897629886461836,0 -80.8237025424099,-4.897558708656586,0 -80.82372936736384,-4.897529255581167,0 -80.82470338801443,-4.897701424743095,0
						</coordinates>
					</LinearRing>
				</outerBoundaryIs>
			</Polygon>
		</Placemark>
		<Placemark>
			<name>31972</name>
			<visibility>0</visibility>
			<ExtendedData>
				<SchemaData schemaUrl="#S_BLOQUE_SOJO_Y_LAS_MARIPOSAS">
					<SimpleData name="AREA_HA">0.0926</SimpleData>
					<SimpleData name="NOM_LOC"></SimpleData>
					<SimpleData name="NOM_PRE">S/N</SimpleData>
					<SimpleData name="NOM_BLO">SOJO Y LAS MARIPOSAS</SimpleData>
					<SimpleData name="CODCAT">31972</SimpleData>
					<SimpleData name="USUARIO"></SimpleData>
					<SimpleData name="AP_PAT_USU"></SimpleData>
					<SimpleData name="AP_MAT_USU"></SimpleData>
					<SimpleData name="NOM_USU"></SimpleData>
					<SimpleData name="TIPODOC">SIN DATO</SimpleData>
					<SimpleData name="NUM_DOC"></SimpleData>
					<SimpleData name="DESC_LIC"></SimpleData>
					<SimpleData name="PAR_AR_BR">0.0926</SimpleData>
					<SimpleData name="RES_ADM"></SimpleData>
					<SimpleData name="TOMA">SOJO Y LAS MARIPOSAS</SimpleData>
				</SchemaData>
			</ExtendedData>
			<Polygon>
				<outerBoundaryIs>
					<LinearRing>
						<coordinates>
							-80.81885309778716,-4.893007447164505,0 -80.81836674291665,-4.893125376420507,0 -80.81829632197346,-4.893048732909429,0 -80.81823347725727,-4.892972272337715,0 -80.81825160719012,-4.892968387114371,0 -80.81858380917362,-4.892896011978927,0 -80.81876038895618,-4.89296888403098,0 -80.81885309778716,-4.893007447164505,0 -80.81885309778716,-4.893007447164505,0
						</coordinates>
					</LinearRing>
				</outerBoundaryIs>
			</Polygon>
		</Placemark>
	</Folder>
</Document>
</kml>
