<?xml version="1.0" encoding="UTF-8"?>
<kml xmlns="http://www.opengis.net/kml/2.2" xmlns:gx="http://www.google.com/kml/ext/2.2" xmlns:kml="http://www.opengis.net/kml/2.2" xmlns:atom="http://www.w3.org/2005/Atom">
<Document>
	<name>BLOQUE LAS CAPILLAS</name>
	<Schema name="S_BLOQUE_LAS_CAPILLAS" id="S_BLOQUE_LAS_CAPILLAS">
		<SimpleField type="double" name="AREA_HA"><displayName>&lt;b&gt;AREA_HA&lt;/b&gt;</displayName></SimpleField>
		<SimpleField type="string" name="NOM_LOC"><displayName>&lt;b&gt;NOM_LOC&lt;/b&gt;</displayName></SimpleField>
		<SimpleField type="string" name="NOM_PRE"><displayName>&lt;b&gt;NOM_PRE&lt;/b&gt;</displayName></SimpleField>
		<SimpleField type="string" name="NOM_BLO"><displayName>&lt;b&gt;NOM_BLO&lt;/b&gt;</displayName></SimpleField>
		<SimpleField type="string" name="CODCAT"><displayName>&lt;b&gt;CODCAT&lt;/b&gt;</displayName></SimpleField>
		<SimpleField type="string" name="USUARIO"><displayName>&lt;b&gt;USUARIO&lt;/b&gt;</displayName></SimpleField>
		<SimpleField type="string" name="AP_PAT_USU"><displayName>&lt;b&gt;AP_PAT_USU&lt;/b&gt;</displayName></SimpleField>
		<SimpleField type="string" name="AP_MAT_USU"><displayName>&lt;b&gt;AP_MAT_USU&lt;/b&gt;</displayName></SimpleField>
		<SimpleField type="string" name="NOM_USU"><displayName>&lt;b&gt;NOM_USU&lt;/b&gt;</displayName></SimpleField>
		<SimpleField type="string" name="TIPODOC"><displayName>&lt;b&gt;TIPODOC&lt;/b&gt;</displayName></SimpleField>
		<SimpleField type="string" name="NUM_DOC"><displayName>&lt;b&gt;NUM_DOC&lt;/b&gt;</displayName></SimpleField>
		<SimpleField type="string" name="DESC_LIC"><displayName>&lt;b&gt;DESC_LIC&lt;/b&gt;</displayName></SimpleField>
		<SimpleField type="double" name="PAR_AR_BR"><displayName>&lt;b&gt;PAR_AR_BR&lt;/b&gt;</displayName></SimpleField>
		<SimpleField type="string" name="RES_ADM"><displayName>&lt;b&gt;RES_ADM&lt;/b&gt;</displayName></SimpleField>
		<SimpleField type="string" name="TOMA"><displayName>&lt;b&gt;TOMA&lt;/b&gt;</displayName></SimpleField>
	</Schema>
	<Folder>
		<name>LAS CAPILLAS</name>
		<Placemark>
			<name>31580</name>
			<visibility>0</visibility>
			<ExtendedData>
				<SchemaData schemaUrl="#S_BLOQUE_LAS_CAPILLAS">
					<SimpleData name="AREA_HA">0.6493</SimpleData>
					<SimpleData name="NOM_LOC">JIBITO</SimpleData>
					<SimpleData name="NOM_PRE">CAPILLA BAJA</SimpleData>
					<SimpleData name="NOM_BLO">LAS CAPILLAS</SimpleData>
					<SimpleData name="CODCAT">31580</SimpleData>
					<SimpleData name="USUARIO">SUC. RETO SANDOVAL, HIPOLITO</SimpleData>
					<SimpleData name="AP_PAT_USU"></SimpleData>
					<SimpleData name="AP_MAT_USU"></SimpleData>
					<SimpleData name="NOM_USU"></SimpleData>
					<SimpleData name="TIPODOC">CODIGO PROFODUA</SimpleData>
					<SimpleData name="NUM_DOC">000000000650</SimpleData>
					<SimpleData name="DESC_LIC">G.R.PIURA-420010-AACH-ATDRCH</SimpleData>
					<SimpleData name="PAR_AR_BR">0.6493</SimpleData>
					<SimpleData name="RES_ADM">124-2006-G.R.PIURA-420010-AACH-ATDRCH</SimpleData>
					<SimpleData name="TOMA">LAS CAPILLAS</SimpleData>
				</SchemaData>
			</ExtendedData>
			<Polygon>
				<outerBoundaryIs>
					<LinearRing>
						<coordinates>
							-80.72936517575991,-4.885519869330133,0 -80.72946337982455,-4.885557903946109,0 -80.73137251568487,-4.889357129866434,0 -80.73133589783865,-4.889356301201618,0 -80.73124768673824,-4.889363413105883,0 -80.72928103943883,-4.88548744916624,0 -80.72928103943883,-4.88548744916624,0 -80.72936517575991,-4.885519869330133,0
						</coordinates>
					</LinearRing>
				</outerBoundaryIs>
			</Polygon>
		</Placemark>
		<Placemark>
			<name>31701</name>
			<visibility>0</visibility>
			<ExtendedData>
				<SchemaData schemaUrl="#S_BLOQUE_LAS_CAPILLAS">
					<SimpleData name="AREA_HA">1.0715</SimpleData>
					<SimpleData name="NOM_LOC">JIBITO</SimpleData>
					<SimpleData name="NOM_PRE">LA BOCANA - LA CAPILLA</SimpleData>
					<SimpleData name="NOM_BLO">LAS CAPILLAS</SimpleData>
					<SimpleData name="CODCAT">31701</SimpleData>
					<SimpleData name="USUARIO">YAKSETIG GUZMAN DE BEL, NEDDA GIGLIORA</SimpleData>
					<SimpleData name="AP_PAT_USU">YAKSETIG</SimpleData>
					<SimpleData name="AP_MAT_USU">GUZMAN DE BEL</SimpleData>
					<SimpleData name="NOM_USU">NEDDA GIGLIORA</SimpleData>
					<SimpleData name="TIPODOC">DNI</SimpleData>
					<SimpleData name="NUM_DOC">03640934</SimpleData>
					<SimpleData name="DESC_LIC">G.R.PIURA-420010-AACH-ATDRCH</SimpleData>
					<SimpleData name="PAR_AR_BR">1.07</SimpleData>
					<SimpleData name="RES_ADM">124-2006-G.R.PIURA-420010-AACH-ATDRCH</SimpleData>
					<SimpleData name="TOMA">LAS CAPILLAS</SimpleData>
				</SchemaData>
			</ExtendedData>
			<Polygon>
				<outerBoundaryIs>
					<LinearRing>
						<coordinates>
							-80.71478496678412,-4.899882445688942,0 -80.71481656637037,-4.899806558493114,0 -80.71485060644125,-4.899718097627241,0 -80.71488176071794,-4.899628640424936,0 -80.71491481071935,-4.899535203538987,0 -80.71494497492696,-4.899440770316945,0 -80.71497008997802,-4.899342264024622,0 -80.71499511316325,-4.899247738171118,0 -80.71502320205725,-4.899155294310111,0 -80.71505237243551,-4.899064841141496,0 -80.71509543641368,-4.898965347268156,0 -80.71591190774342,-4.898874410368306,0 -80.71590403995823,-4.89979046011954,0 -80.71478496678412,-4.899882445688942,0 -80.71478496678412,-4.899882445688942,0
						</coordinates>
					</LinearRing>
				</outerBoundaryIs>
			</Polygon>
		</Placemark>
		<Placemark>
			<name>31586</name>
			<visibility>0</visibility>
			<ExtendedData>
				<SchemaData schemaUrl="#S_BLOQUE_LAS_CAPILLAS">
					<SimpleData name="AREA_HA">0.9539</SimpleData>
					<SimpleData name="NOM_LOC">JIBITO</SimpleData>
					<SimpleData name="NOM_PRE">CAPILLA BAJA</SimpleData>
					<SimpleData name="NOM_BLO">LAS CAPILLAS</SimpleData>
					<SimpleData name="CODCAT">31586</SimpleData>
					<SimpleData name="USUARIO">REYES ROSALES, GERONIMO</SimpleData>
					<SimpleData name="AP_PAT_USU">REYES</SimpleData>
					<SimpleData name="AP_MAT_USU">ROSALES</SimpleData>
					<SimpleData name="NOM_USU">GERONIMO</SimpleData>
					<SimpleData name="TIPODOC">DNI</SimpleData>
					<SimpleData name="NUM_DOC">03624841</SimpleData>
					<SimpleData name="DESC_LIC">G.R.PIURA-420010-AACH-ATDRCH</SimpleData>
					<SimpleData name="PAR_AR_BR">0.95</SimpleData>
					<SimpleData name="RES_ADM">124-2006-G.R.PIURA-420010-AACH-ATDRCH</SimpleData>
					<SimpleData name="TOMA">LAS CAPILLAS</SimpleData>
				</SchemaData>
			</ExtendedData>
			<Polygon>
				<outerBoundaryIs>
					<LinearRing>
						<coordinates>
							-80.73087641058747,-4.886265362678106,0 -80.73100950743184,-4.886333354995863,0 -80.7326232523971,-4.889724641978058,0 -80.73237892305634,-4.889718484614159,0 -80.73074222843957,-4.88620505948057,0 -80.73074222843957,-4.88620505948057,0 -80.73087641058747,-4.886265362678106,0
						</coordinates>
					</LinearRing>
				</outerBoundaryIs>
			</Polygon>
		</Placemark>
		<Placemark>
			<name>31585</name>
			<visibility>0</visibility>
			<ExtendedData>
				<SchemaData schemaUrl="#S_BLOQUE_LAS_CAPILLAS">
					<SimpleData name="AREA_HA">0.8759</SimpleData>
					<SimpleData name="NOM_LOC">JIBITO</SimpleData>
					<SimpleData name="NOM_PRE">CAPILLA BAJA</SimpleData>
					<SimpleData name="NOM_BLO">LAS CAPILLAS</SimpleData>
					<SimpleData name="CODCAT">31585</SimpleData>
					<SimpleData name="USUARIO">REYES ROSALES, GERONIMO</SimpleData>
					<SimpleData name="AP_PAT_USU">REYES</SimpleData>
					<SimpleData name="AP_MAT_USU">ROSALES</SimpleData>
					<SimpleData name="NOM_USU">GERONIMO</SimpleData>
					<SimpleData name="TIPODOC">DNI</SimpleData>
					<SimpleData name="NUM_DOC">03624841</SimpleData>
					<SimpleData name="DESC_LIC">G.R.PIURA-420010-AACH-ATDRCH</SimpleData>
					<SimpleData name="PAR_AR_BR">0.88</SimpleData>
					<SimpleData name="RES_ADM">124-2006-G.R.PIURA-420010-AACH-ATDRCH</SimpleData>
					<SimpleData name="TOMA">LAS CAPILLAS</SimpleData>
				</SchemaData>
			</ExtendedData>
			<Polygon>
				<outerBoundaryIs>
					<LinearRing>
						<coordinates>
							-80.73046845522467,-4.886078027808289,0 -80.73051850110521,-4.886105277783345,0 -80.73058153696653,-4.886126652638092,0 -80.73063564260393,-4.886151099779963,0 -80.73070489549711,-4.886188308564037,0 -80.73074222843957,-4.88620505948057,0 -80.73237892305634,-4.889718484614159,0 -80.73219258844038,-4.889710088377792,0 -80.73046683198102,-4.886077484371394,0 -80.7304662908998,-4.886077303225756,0 -80.7304662908998,-4.886077303225756,0 -80.73046845522467,-4.886078027808289,0
						</coordinates>
					</LinearRing>
				</outerBoundaryIs>
			</Polygon>
		</Placemark>
		<Placemark>
			<name>31584</name>
			<visibility>0</visibility>
			<ExtendedData>
				<SchemaData schemaUrl="#S_BLOQUE_LAS_CAPILLAS">
					<SimpleData name="AREA_HA">0.6544</SimpleData>
					<SimpleData name="NOM_LOC">JIBITO</SimpleData>
					<SimpleData name="NOM_PRE">CAPILLA BAJA</SimpleData>
					<SimpleData name="NOM_BLO">LAS CAPILLAS</SimpleData>
					<SimpleData name="CODCAT">31584</SimpleData>
					<SimpleData name="USUARIO">SERNAQUE INGA, JUAN PABLO</SimpleData>
					<SimpleData name="AP_PAT_USU">SERNAQUE</SimpleData>
					<SimpleData name="AP_MAT_USU">INGA</SimpleData>
					<SimpleData name="NOM_USU">JUAN PABLO</SimpleData>
					<SimpleData name="TIPODOC">DNI</SimpleData>
					<SimpleData name="NUM_DOC">03629278</SimpleData>
					<SimpleData name="DESC_LIC">G.R.PIURA-420010-AACH-ATDRCH</SimpleData>
					<SimpleData name="PAR_AR_BR">0.65</SimpleData>
					<SimpleData name="RES_ADM">124-2006-G.R.PIURA-420010-AACH-ATDRCH</SimpleData>
					<SimpleData name="TOMA">LAS CAPILLAS</SimpleData>
				</SchemaData>
			</ExtendedData>
			<Polygon>
				<outerBoundaryIs>
					<LinearRing>
						<coordinates>
							-80.73039838756247,-4.886048598718444,0 -80.73046683198102,-4.886077484371394,0 -80.73219258844038,-4.889710088377792,0 -80.73201707669315,-4.889702329616858,0 -80.73031164275307,-4.885997903595465,0 -80.73031164275307,-4.885997903595465,0 -80.73039838756247,-4.886048598718444,0
						</coordinates>
					</LinearRing>
				</outerBoundaryIs>
			</Polygon>
		</Placemark>
		<Placemark>
			<name>31578</name>
			<visibility>0</visibility>
			<ExtendedData>
				<SchemaData schemaUrl="#S_BLOQUE_LAS_CAPILLAS">
					<SimpleData name="AREA_HA">0.7651</SimpleData>
					<SimpleData name="NOM_LOC">JIBITO</SimpleData>
					<SimpleData name="NOM_PRE">CAPILLA BAJA</SimpleData>
					<SimpleData name="NOM_BLO">LAS CAPILLAS</SimpleData>
					<SimpleData name="CODCAT">31578</SimpleData>
					<SimpleData name="USUARIO">REQUENA JIMENEZ, ESPERANZA</SimpleData>
					<SimpleData name="AP_PAT_USU">REQUENA</SimpleData>
					<SimpleData name="AP_MAT_USU">JIMENEZ</SimpleData>
					<SimpleData name="NOM_USU">ESPERANZA</SimpleData>
					<SimpleData name="TIPODOC">DNI</SimpleData>
					<SimpleData name="NUM_DOC">03655599</SimpleData>
					<SimpleData name="DESC_LIC">G.R.PIURA-420010-DRA.P-AACH-S.ATDRCH</SimpleData>
					<SimpleData name="PAR_AR_BR">0.77</SimpleData>
					<SimpleData name="RES_ADM">517-2005-G.R.PIURA-420010-DRA.P-AACH-S.ATDRCH</SimpleData>
					<SimpleData name="TOMA">LAS CAPILLAS</SimpleData>
				</SchemaData>
			</ExtendedData>
			<Polygon>
				<outerBoundaryIs>
					<LinearRing>
						<coordinates>
							-80.72894746656183,-4.885367901738742,0 -80.72899471991948,-4.885386194616554,0 -80.72909607886973,-4.885428753820316,0 -80.73103752932556,-4.889385765431433,0 -80.73098918406573,-4.889390993300252,0 -80.73087156243221,-4.889417815008866,0 -80.72893637416733,-4.885364821488167,0 -80.72893637416733,-4.885364821488167,0 -80.72894746656183,-4.885367901738742,0
						</coordinates>
					</LinearRing>
				</outerBoundaryIs>
			</Polygon>
		</Placemark>
		<Placemark>
			<name>31577</name>
			<visibility>0</visibility>
			<ExtendedData>
				<SchemaData schemaUrl="#S_BLOQUE_LAS_CAPILLAS">
					<SimpleData name="AREA_HA">0.6726</SimpleData>
					<SimpleData name="NOM_LOC">JIBITO</SimpleData>
					<SimpleData name="NOM_PRE">CAPILLA BAJA</SimpleData>
					<SimpleData name="NOM_BLO">LAS CAPILLAS</SimpleData>
					<SimpleData name="CODCAT">31577</SimpleData>
					<SimpleData name="USUARIO">MEJIA HUIMAN, GERARDO</SimpleData>
					<SimpleData name="AP_PAT_USU">MEJIA</SimpleData>
					<SimpleData name="AP_MAT_USU">HUIMAN</SimpleData>
					<SimpleData name="NOM_USU">GERARDO</SimpleData>
					<SimpleData name="TIPODOC">DNI</SimpleData>
					<SimpleData name="NUM_DOC">03674319</SimpleData>
					<SimpleData name="DESC_LIC">G.R.PIURA-420010-AACH-ATDRCH</SimpleData>
					<SimpleData name="PAR_AR_BR">0.67</SimpleData>
					<SimpleData name="RES_ADM">124-2006-G.R.PIURA-420010-AACH-ATDRCH</SimpleData>
					<SimpleData name="TOMA">LAS CAPILLAS</SimpleData>
				</SchemaData>
			</ExtendedData>
			<Polygon>
				<outerBoundaryIs>
					<LinearRing>
						<coordinates>
							-80.72882572076827,-4.885334109545958,0 -80.72893637416733,-4.885364821488167,0 -80.73087156243221,-4.889417815008866,0 -80.7307752281166,-4.889439850453973,0 -80.73074320702375,-4.889446803617479,0 -80.72879271391362,-4.885325502154679,0 -80.72879271391362,-4.885325502154679,0 -80.72882572076827,-4.885334109545958,0
						</coordinates>
					</LinearRing>
				</outerBoundaryIs>
			</Polygon>
		</Placemark>
		<Placemark>
			<name>31571</name>
			<visibility>0</visibility>
			<ExtendedData>
				<SchemaData schemaUrl="#S_BLOQUE_LAS_CAPILLAS">
					<SimpleData name="AREA_HA">0.8885</SimpleData>
					<SimpleData name="NOM_LOC">JIBITO</SimpleData>
					<SimpleData name="NOM_PRE">CAPILLA BAJA</SimpleData>
					<SimpleData name="NOM_BLO">LAS CAPILLAS</SimpleData>
					<SimpleData name="CODCAT">31571</SimpleData>
					<SimpleData name="USUARIO">RAMOS VILCHEZ, MANUEL</SimpleData>
					<SimpleData name="AP_PAT_USU">RAMOS</SimpleData>
					<SimpleData name="AP_MAT_USU">VILCHEZ</SimpleData>
					<SimpleData name="NOM_USU">MANUEL</SimpleData>
					<SimpleData name="TIPODOC">DNI</SimpleData>
					<SimpleData name="NUM_DOC">03629997</SimpleData>
					<SimpleData name="DESC_LIC">G.R.PIURA-420010-AACH-ATDRCH</SimpleData>
					<SimpleData name="PAR_AR_BR">0.89</SimpleData>
					<SimpleData name="RES_ADM">124-2006-G.R.PIURA-420010-AACH-ATDRCH</SimpleData>
					<SimpleData name="TOMA">LAS CAPILLAS</SimpleData>
				</SchemaData>
			</ExtendedData>
			<Polygon>
				<outerBoundaryIs>
					<LinearRing>
						<coordinates>
							-80.72800897791328,-4.885017334823425,0 -80.72800897791328,-4.885017334823425,0 -80.72807327483113,-4.885042329031768,0 -80.72997117975299,-4.889622181435986,0 -80.72982306963948,-4.889657404138122,0 -80.72790751786526,-4.885002548351958,0 -80.72790751786526,-4.885002548351958,0 -80.72800897791328,-4.885017334823425,0
						</coordinates>
					</LinearRing>
				</outerBoundaryIs>
			</Polygon>
		</Placemark>
		<Placemark>
			<name>31568</name>
			<visibility>0</visibility>
			<ExtendedData>
				<SchemaData schemaUrl="#S_BLOQUE_LAS_CAPILLAS">
					<SimpleData name="AREA_HA">0.9764</SimpleData>
					<SimpleData name="NOM_LOC">JIBITO</SimpleData>
					<SimpleData name="NOM_PRE">CAPILLA BAJA</SimpleData>
					<SimpleData name="NOM_BLO">LAS CAPILLAS</SimpleData>
					<SimpleData name="CODCAT">31568</SimpleData>
					<SimpleData name="USUARIO">ROA DE BRUNO, JULIA</SimpleData>
					<SimpleData name="AP_PAT_USU">ROA</SimpleData>
					<SimpleData name="AP_MAT_USU">DE BRUNO</SimpleData>
					<SimpleData name="NOM_USU">JULIA</SimpleData>
					<SimpleData name="TIPODOC">DNI</SimpleData>
					<SimpleData name="NUM_DOC">03630856</SimpleData>
					<SimpleData name="DESC_LIC">G.R.PIURA-420010-AACH-ATDRCH</SimpleData>
					<SimpleData name="PAR_AR_BR">0.98</SimpleData>
					<SimpleData name="RES_ADM">124-2006-G.R.PIURA-420010-AACH-ATDRCH</SimpleData>
					<SimpleData name="TOMA">LAS CAPILLAS</SimpleData>
				</SchemaData>
			</ExtendedData>
			<Polygon>
				<outerBoundaryIs>
					<LinearRing>
						<coordinates>
							-80.72757146587664,-4.884994633784975,0 -80.72765940000612,-4.885002177645132,0 -80.72953992850974,-4.889724778818017,0 -80.72936376581768,-4.88976668470184,0 -80.7275157266605,-4.884996149369894,0 -80.7275157266605,-4.884996149369894,0 -80.72757146587664,-4.884994633784975,0
						</coordinates>
					</LinearRing>
				</outerBoundaryIs>
			</Polygon>
		</Placemark>
		<Placemark>
			<name>31566</name>
			<visibility>0</visibility>
			<ExtendedData>
				<SchemaData schemaUrl="#S_BLOQUE_LAS_CAPILLAS">
					<SimpleData name="AREA_HA">0.7941</SimpleData>
					<SimpleData name="NOM_LOC">JIBITO</SimpleData>
					<SimpleData name="NOM_PRE">CAPILLA BAJA</SimpleData>
					<SimpleData name="NOM_BLO">LAS CAPILLAS</SimpleData>
					<SimpleData name="CODCAT">31566</SimpleData>
					<SimpleData name="USUARIO">COVEÑAS DE SILVA, AVELINA</SimpleData>
					<SimpleData name="AP_PAT_USU">COVEÑAS</SimpleData>
					<SimpleData name="AP_MAT_USU">DE SILVA</SimpleData>
					<SimpleData name="NOM_USU">AVELINA</SimpleData>
					<SimpleData name="TIPODOC">DNI</SimpleData>
					<SimpleData name="NUM_DOC">03630279</SimpleData>
					<SimpleData name="DESC_LIC">G.R.PIURA-420010-AACH-ATDRCH</SimpleData>
					<SimpleData name="PAR_AR_BR">0.79</SimpleData>
					<SimpleData name="RES_ADM">124-2006-G.R.PIURA-420010-AACH-ATDRCH</SimpleData>
					<SimpleData name="TOMA">LAS CAPILLAS</SimpleData>
				</SchemaData>
			</ExtendedData>
			<Polygon>
				<outerBoundaryIs>
					<LinearRing>
						<coordinates>
							-80.72728402705758,-4.884987462270094,0 -80.72736618929478,-4.884994008732686,0 -80.72916225659223,-4.88981464162859,0 -80.72903922230628,-4.889843903419919,0 -80.72723081433425,-4.884986174411914,0 -80.72723081433425,-4.884986174411914,0 -80.72728402705758,-4.884987462270094,0
						</coordinates>
					</LinearRing>
				</outerBoundaryIs>
			</Polygon>
		</Placemark>
		<Placemark>
			<name>31565</name>
			<visibility>0</visibility>
			<ExtendedData>
				<SchemaData schemaUrl="#S_BLOQUE_LAS_CAPILLAS">
					<SimpleData name="AREA_HA">0.6433</SimpleData>
					<SimpleData name="NOM_LOC">JIBITO</SimpleData>
					<SimpleData name="NOM_PRE">CAPILLA BAJA</SimpleData>
					<SimpleData name="NOM_BLO">LAS CAPILLAS</SimpleData>
					<SimpleData name="CODCAT">31565</SimpleData>
					<SimpleData name="USUARIO">YARLEQUE DE CALDERON, MARIA LUZ</SimpleData>
					<SimpleData name="AP_PAT_USU">YARLEQUE</SimpleData>
					<SimpleData name="AP_MAT_USU">DE CALDERON</SimpleData>
					<SimpleData name="NOM_USU">MARIA LUZ</SimpleData>
					<SimpleData name="TIPODOC">DNI</SimpleData>
					<SimpleData name="NUM_DOC">03629611</SimpleData>
					<SimpleData name="DESC_LIC">G.R.PIURA-420010-AACH-ATDRCH</SimpleData>
					<SimpleData name="PAR_AR_BR">0.64</SimpleData>
					<SimpleData name="RES_ADM">124-2006-G.R.PIURA-420010-AACH-ATDRCH</SimpleData>
					<SimpleData name="TOMA">LAS CAPILLAS</SimpleData>
				</SchemaData>
			</ExtendedData>
			<Polygon>
				<outerBoundaryIs>
					<LinearRing>
						<coordinates>
							-80.72723081433425,-4.884986174411914,0 -80.72903922230628,-4.889843903419919,0 -80.72896588882031,-4.889861334026058,0 -80.72891537591892,-4.889874069519657,0 -80.72715081486626,-4.884984242544388,0 -80.72715081486626,-4.884984242544388,0 -80.72723081433425,-4.884986174411914,0
						</coordinates>
					</LinearRing>
				</outerBoundaryIs>
			</Polygon>
		</Placemark>
		<Placemark>
			<name>31563</name>
			<visibility>0</visibility>
			<ExtendedData>
				<SchemaData schemaUrl="#S_BLOQUE_LAS_CAPILLAS">
					<SimpleData name="AREA_HA">0.681</SimpleData>
					<SimpleData name="NOM_LOC">JIBITO</SimpleData>
					<SimpleData name="NOM_PRE">CAPILLA BAJA</SimpleData>
					<SimpleData name="NOM_BLO">LAS CAPILLAS</SimpleData>
					<SimpleData name="CODCAT">31563</SimpleData>
					<SimpleData name="USUARIO">CHERO ELIAS, MANUEL SACRAMENTO</SimpleData>
					<SimpleData name="AP_PAT_USU">CHERO</SimpleData>
					<SimpleData name="AP_MAT_USU">ELIAS</SimpleData>
					<SimpleData name="NOM_USU">MANUEL SACRAMENTO</SimpleData>
					<SimpleData name="TIPODOC">DNI</SimpleData>
					<SimpleData name="NUM_DOC">03629634</SimpleData>
					<SimpleData name="DESC_LIC">G.R.PIURA-420010-AACH-ATDRCH</SimpleData>
					<SimpleData name="PAR_AR_BR">0.68</SimpleData>
					<SimpleData name="RES_ADM">124-2006-G.R.PIURA-420010-AACH-ATDRCH</SimpleData>
					<SimpleData name="TOMA">LAS CAPILLAS</SimpleData>
				</SchemaData>
			</ExtendedData>
			<Polygon>
				<outerBoundaryIs>
					<LinearRing>
						<coordinates>
							-80.7268983539163,-4.885018699055812,0 -80.72701542854321,-4.885004904828511,0 -80.72878783083618,-4.889906224361946,0 -80.72869447217921,-4.889929708136771,0 -80.72689718131309,-4.885018969981614,0 -80.72689618909374,-4.885019240979858,0 -80.72689618909374,-4.885019240979858,0 -80.7268983539163,-4.885018699055812,0
						</coordinates>
					</LinearRing>
				</outerBoundaryIs>
			</Polygon>
		</Placemark>
		<Placemark>
			<name>31562</name>
			<visibility>0</visibility>
			<ExtendedData>
				<SchemaData schemaUrl="#S_BLOQUE_LAS_CAPILLAS">
					<SimpleData name="AREA_HA">0.7849</SimpleData>
					<SimpleData name="NOM_LOC">JIBITO</SimpleData>
					<SimpleData name="NOM_PRE">CAPILLA BAJA</SimpleData>
					<SimpleData name="NOM_BLO">LAS CAPILLAS</SimpleData>
					<SimpleData name="CODCAT">31562</SimpleData>
					<SimpleData name="USUARIO">ASEDO CHERO, JUANITA</SimpleData>
					<SimpleData name="AP_PAT_USU">ASEDO</SimpleData>
					<SimpleData name="AP_MAT_USU">CHERO</SimpleData>
					<SimpleData name="NOM_USU">JUANITA</SimpleData>
					<SimpleData name="TIPODOC">DNI</SimpleData>
					<SimpleData name="NUM_DOC">03685328</SimpleData>
					<SimpleData name="DESC_LIC">G.R.PIURA-420010-AACH-ATDRCH</SimpleData>
					<SimpleData name="PAR_AR_BR">0.78</SimpleData>
					<SimpleData name="RES_ADM">124-2006-G.R.PIURA-420010-AACH-ATDRCH</SimpleData>
					<SimpleData name="TOMA">LAS CAPILLAS</SimpleData>
				</SchemaData>
			</ExtendedData>
			<Polygon>
				<outerBoundaryIs>
					<LinearRing>
						<coordinates>
							-80.72684639846231,-4.885030981506368,0 -80.72689718131309,-4.885018969981614,0 -80.72869447217921,-4.889929708136771,0 -80.72856431124113,-4.889962495149696,0 -80.72679083294581,-4.885049233229561,0 -80.72679083294581,-4.885049233229561,0 -80.72684639846231,-4.885030981506368,0
						</coordinates>
					</LinearRing>
				</outerBoundaryIs>
			</Polygon>
		</Placemark>
		<Placemark>
			<name>31561</name>
			<visibility>0</visibility>
			<ExtendedData>
				<SchemaData schemaUrl="#S_BLOQUE_LAS_CAPILLAS">
					<SimpleData name="AREA_HA">0.7612</SimpleData>
					<SimpleData name="NOM_LOC">JIBITO</SimpleData>
					<SimpleData name="NOM_PRE">CAPILLA BAJA</SimpleData>
					<SimpleData name="NOM_BLO">LAS CAPILLAS</SimpleData>
					<SimpleData name="CODCAT">31561</SimpleData>
					<SimpleData name="USUARIO">PALACIOS CURAY DE AREVALO, JESUS</SimpleData>
					<SimpleData name="AP_PAT_USU">PALACIOS</SimpleData>
					<SimpleData name="AP_MAT_USU">CURAY DE AREVALO</SimpleData>
					<SimpleData name="NOM_USU">JESUS</SimpleData>
					<SimpleData name="TIPODOC">DNI</SimpleData>
					<SimpleData name="NUM_DOC">03582122</SimpleData>
					<SimpleData name="DESC_LIC">G.R.PIURA-420010-DRA.P-AACH-S.ATDRCH</SimpleData>
					<SimpleData name="PAR_AR_BR">0.76</SimpleData>
					<SimpleData name="RES_ADM">517-2005-G.R.PIURA-420010-DRA.P-AACH-S.ATDRCH</SimpleData>
					<SimpleData name="TOMA">LAS CAPILLAS</SimpleData>
				</SchemaData>
			</ExtendedData>
			<Polygon>
				<outerBoundaryIs>
					<LinearRing>
						<coordinates>
							-80.72675935383529,-4.885054558050626,0 -80.72679083294581,-4.885049233229561,0 -80.72856431124113,-4.889962495149696,0 -80.72843081284235,-4.889996094992624,0 -80.72669620904972,-4.885080677224329,0 -80.72669620904972,-4.885080677224329,0 -80.72675935383529,-4.885054558050626,0
						</coordinates>
					</LinearRing>
				</outerBoundaryIs>
			</Polygon>
		</Placemark>
		<Placemark>
			<name>31560</name>
			<visibility>0</visibility>
			<ExtendedData>
				<SchemaData schemaUrl="#S_BLOQUE_LAS_CAPILLAS">
					<SimpleData name="AREA_HA">0.6423</SimpleData>
					<SimpleData name="NOM_LOC">JIBITO</SimpleData>
					<SimpleData name="NOM_PRE">CAPILLA BAJA</SimpleData>
					<SimpleData name="NOM_BLO">LAS CAPILLAS</SimpleData>
					<SimpleData name="CODCAT">31560</SimpleData>
					<SimpleData name="USUARIO">BRUNO ROA DE SAENZ, MILAGROS</SimpleData>
					<SimpleData name="AP_PAT_USU">BRUNO</SimpleData>
					<SimpleData name="AP_MAT_USU">ROA DE SAENZ</SimpleData>
					<SimpleData name="NOM_USU">MILAGROS</SimpleData>
					<SimpleData name="TIPODOC">DNI</SimpleData>
					<SimpleData name="NUM_DOC">03665043</SimpleData>
					<SimpleData name="DESC_LIC">G.R.PIURA-420010-AACH-ATDRCH</SimpleData>
					<SimpleData name="PAR_AR_BR">0.64</SimpleData>
					<SimpleData name="RES_ADM">124-2006-G.R.PIURA-420010-AACH-ATDRCH</SimpleData>
					<SimpleData name="TOMA">LAS CAPILLAS</SimpleData>
				</SchemaData>
			</ExtendedData>
			<Polygon>
				<outerBoundaryIs>
					<LinearRing>
						<coordinates>
							-80.72667031970401,-4.885091341755588,0 -80.72667031970401,-4.885091341755588,0 -80.72669620908586,-4.885080586758754,0 -80.72669620904972,-4.885080677224329,0 -80.72843081284235,-4.889996094992624,0 -80.72830362852456,-4.890028159418678,0 -80.72663126078257,-4.885105891011188,0 -80.72663126078257,-4.885105891011188,0 -80.72667031970401,-4.885091341755588,0
						</coordinates>
					</LinearRing>
				</outerBoundaryIs>
			</Polygon>
		</Placemark>
		<Placemark>
			<name>31559</name>
			<visibility>0</visibility>
			<ExtendedData>
				<SchemaData schemaUrl="#S_BLOQUE_LAS_CAPILLAS">
					<SimpleData name="AREA_HA">0.7316</SimpleData>
					<SimpleData name="NOM_LOC">JIBITO</SimpleData>
					<SimpleData name="NOM_PRE">CAPILLA BAJA</SimpleData>
					<SimpleData name="NOM_BLO">LAS CAPILLAS</SimpleData>
					<SimpleData name="CODCAT">31559</SimpleData>
					<SimpleData name="USUARIO">AREVALO YARLEQUE, ROSA ISABEL</SimpleData>
					<SimpleData name="AP_PAT_USU">AREVALO</SimpleData>
					<SimpleData name="AP_MAT_USU">YARLEQUE</SimpleData>
					<SimpleData name="NOM_USU">ROSA ISABEL</SimpleData>
					<SimpleData name="TIPODOC">DNI</SimpleData>
					<SimpleData name="NUM_DOC">03674328</SimpleData>
					<SimpleData name="DESC_LIC">G.R.PIURA-420010-AACH-ATDRCH</SimpleData>
					<SimpleData name="PAR_AR_BR">0.73</SimpleData>
					<SimpleData name="RES_ADM">124-2006-G.R.PIURA-420010-AACH-ATDRCH</SimpleData>
					<SimpleData name="TOMA">LAS CAPILLAS</SimpleData>
				</SchemaData>
			</ExtendedData>
			<Polygon>
				<outerBoundaryIs>
					<LinearRing>
						<coordinates>
							-80.72657704730231,-4.885126223967347,0 -80.72663126078257,-4.885105891011188,0 -80.72830362852456,-4.890028159418678,0 -80.72821487012742,-4.890050468912051,0 -80.72650442934976,-4.885159847954701,0 -80.72650442934976,-4.885159847954701,0 -80.72657704730231,-4.885126223967347,0
						</coordinates>
					</LinearRing>
				</outerBoundaryIs>
			</Polygon>
		</Placemark>
		<Placemark>
			<name>31555</name>
			<visibility>0</visibility>
			<ExtendedData>
				<SchemaData schemaUrl="#S_BLOQUE_LAS_CAPILLAS">
					<SimpleData name="AREA_HA">0.6003</SimpleData>
					<SimpleData name="NOM_LOC">JIBITO</SimpleData>
					<SimpleData name="NOM_PRE">CAPILLA BAJA</SimpleData>
					<SimpleData name="NOM_BLO">LAS CAPILLAS</SimpleData>
					<SimpleData name="CODCAT">31555</SimpleData>
					<SimpleData name="USUARIO">YARLEQUE DE ZAPATA, MARIA CELESTINA</SimpleData>
					<SimpleData name="AP_PAT_USU">YARLEQUE</SimpleData>
					<SimpleData name="AP_MAT_USU">DE ZAPATA</SimpleData>
					<SimpleData name="NOM_USU">MARIA CELESTINA</SimpleData>
					<SimpleData name="TIPODOC">DNI</SimpleData>
					<SimpleData name="NUM_DOC">03685237</SimpleData>
					<SimpleData name="DESC_LIC">G.R.PIURA-420010-AACH-ATDRCH</SimpleData>
					<SimpleData name="PAR_AR_BR">0.6</SimpleData>
					<SimpleData name="RES_ADM">124-2006-G.R.PIURA-420010-AACH-ATDRCH</SimpleData>
					<SimpleData name="TOMA">LAS CAPILLAS</SimpleData>
				</SchemaData>
			</ExtendedData>
			<Polygon>
				<outerBoundaryIs>
					<LinearRing>
						<coordinates>
							-80.72620791352425,-4.885297055354383,0 -80.72784576492685,-4.890143500681139,0 -80.72774816672607,-4.890168068208651,0 -80.72612483200302,-4.885333841379868,0 -80.72612483200302,-4.885333841379868,0 -80.72620791352425,-4.885297055354383,0
						</coordinates>
					</LinearRing>
				</outerBoundaryIs>
			</Polygon>
		</Placemark>
		<Placemark>
			<name>31553</name>
			<visibility>0</visibility>
			<ExtendedData>
				<SchemaData schemaUrl="#S_BLOQUE_LAS_CAPILLAS">
					<SimpleData name="AREA_HA">0.8535</SimpleData>
					<SimpleData name="NOM_LOC">JIBITO</SimpleData>
					<SimpleData name="NOM_PRE">CAPILLA BAJA</SimpleData>
					<SimpleData name="NOM_BLO">LAS CAPILLAS</SimpleData>
					<SimpleData name="CODCAT">31553</SimpleData>
					<SimpleData name="USUARIO">ZAPATA AQUINO, SANTOS BERNABET</SimpleData>
					<SimpleData name="AP_PAT_USU">ZAPATA</SimpleData>
					<SimpleData name="AP_MAT_USU">AQUINO</SimpleData>
					<SimpleData name="NOM_USU">SANTOS BERNABET</SimpleData>
					<SimpleData name="TIPODOC">DNI</SimpleData>
					<SimpleData name="NUM_DOC">03685280</SimpleData>
					<SimpleData name="DESC_LIC">G.R.PIURA-420010-AACH-ATDRCH</SimpleData>
					<SimpleData name="PAR_AR_BR">0.85</SimpleData>
					<SimpleData name="RES_ADM">124-2006-G.R.PIURA-420010-AACH-ATDRCH</SimpleData>
					<SimpleData name="TOMA">LAS CAPILLAS</SimpleData>
				</SchemaData>
			</ExtendedData>
			<Polygon>
				<outerBoundaryIs>
					<LinearRing>
						<coordinates>
							-80.72596001953114,-4.885413113272499,0 -80.72595983889356,-4.885413746458602,0 -80.72601540898805,-4.885384186614809,0 -80.72765561980981,-4.890191371228704,0 -80.72749497061167,-4.890231835377277,0 -80.72591834167642,-4.885435984260123,0 -80.72591834167642,-4.885435984260123,0 -80.72596001953114,-4.885413113272499,0
						</coordinates>
					</LinearRing>
				</outerBoundaryIs>
			</Polygon>
		</Placemark>
		<Placemark>
			<name>31552</name>
			<visibility>0</visibility>
			<ExtendedData>
				<SchemaData schemaUrl="#S_BLOQUE_LAS_CAPILLAS">
					<SimpleData name="AREA_HA">0.6092</SimpleData>
					<SimpleData name="NOM_LOC">JIBITO</SimpleData>
					<SimpleData name="NOM_PRE">CAPILLA BAJA</SimpleData>
					<SimpleData name="NOM_BLO">LAS CAPILLAS</SimpleData>
					<SimpleData name="CODCAT">31552</SimpleData>
					<SimpleData name="USUARIO">PEDRERA ALBURQUEQUE, LUIS FELIPE</SimpleData>
					<SimpleData name="AP_PAT_USU">PEDRERA</SimpleData>
					<SimpleData name="AP_MAT_USU">ALBURQUEQUE</SimpleData>
					<SimpleData name="NOM_USU">LUIS FELIPE</SimpleData>
					<SimpleData name="TIPODOC">DNI</SimpleData>
					<SimpleData name="NUM_DOC">03569301</SimpleData>
					<SimpleData name="DESC_LIC">G.R.PIURA-420010-AACH-ATDRCH</SimpleData>
					<SimpleData name="PAR_AR_BR">0.61</SimpleData>
					<SimpleData name="RES_ADM">124-2006-G.R.PIURA-420010-AACH-ATDRCH</SimpleData>
					<SimpleData name="TOMA">LAS CAPILLAS</SimpleData>
				</SchemaData>
			</ExtendedData>
			<Polygon>
				<outerBoundaryIs>
					<LinearRing>
						<coordinates>
							-80.72591834167642,-4.885435984260123,0 -80.72749497061167,-4.890231835377277,0 -80.72739223090363,-4.890257667306792,0 -80.72583742168563,-4.885480370225766,0 -80.72583742168563,-4.885480370225766,0 -80.72591834167642,-4.885435984260123,0
						</coordinates>
					</LinearRing>
				</outerBoundaryIs>
			</Polygon>
		</Placemark>
		<Placemark>
			<name>31551</name>
			<visibility>0</visibility>
			<ExtendedData>
				<SchemaData schemaUrl="#S_BLOQUE_LAS_CAPILLAS">
					<SimpleData name="AREA_HA">0.8353</SimpleData>
					<SimpleData name="NOM_LOC">JIBITO</SimpleData>
					<SimpleData name="NOM_PRE">CAPILLA BAJA</SimpleData>
					<SimpleData name="NOM_BLO">LAS CAPILLAS</SimpleData>
					<SimpleData name="CODCAT">31551</SimpleData>
					<SimpleData name="USUARIO">CHIROQUE CALDERON, OSCAR MERCEDES</SimpleData>
					<SimpleData name="AP_PAT_USU">CHIROQUE</SimpleData>
					<SimpleData name="AP_MAT_USU">CALDERON</SimpleData>
					<SimpleData name="NOM_USU">OSCAR MERCEDES</SimpleData>
					<SimpleData name="TIPODOC">DNI</SimpleData>
					<SimpleData name="NUM_DOC">03674398</SimpleData>
					<SimpleData name="DESC_LIC">G.R.PIURA-420010-AACH-ATDRCH</SimpleData>
					<SimpleData name="PAR_AR_BR">0.84</SimpleData>
					<SimpleData name="RES_ADM">124-2006-G.R.PIURA-420010-AACH-ATDRCH</SimpleData>
					<SimpleData name="TOMA">LAS CAPILLAS</SimpleData>
				</SchemaData>
			</ExtendedData>
			<Polygon>
				<outerBoundaryIs>
					<LinearRing>
						<coordinates>
							-80.72583751184135,-4.885480460727651,0 -80.72583742168563,-4.885480370225766,0 -80.72739223090363,-4.890257667306792,0 -80.72723816628022,-4.890296777050875,0 -80.72573548521407,-4.88552909005082,0 -80.72573548521407,-4.88552909005082,0 -80.72583751184135,-4.885480460727651,0
						</coordinates>
					</LinearRing>
				</outerBoundaryIs>
			</Polygon>
		</Placemark>
		<Placemark>
			<name>31549</name>
			<visibility>0</visibility>
			<ExtendedData>
				<SchemaData schemaUrl="#S_BLOQUE_LAS_CAPILLAS">
					<SimpleData name="AREA_HA">0.7699</SimpleData>
					<SimpleData name="NOM_LOC">JIBITO</SimpleData>
					<SimpleData name="NOM_PRE">CAPILLA BAJA</SimpleData>
					<SimpleData name="NOM_BLO">LAS CAPILLAS</SimpleData>
					<SimpleData name="CODCAT">31549</SimpleData>
					<SimpleData name="USUARIO">SAAVEDRA CARDOZA, MARIA ELENA</SimpleData>
					<SimpleData name="AP_PAT_USU">SAAVEDRA</SimpleData>
					<SimpleData name="AP_MAT_USU">CARDOZA</SimpleData>
					<SimpleData name="NOM_USU">MARIA ELENA</SimpleData>
					<SimpleData name="TIPODOC">DNI</SimpleData>
					<SimpleData name="NUM_DOC">03648372</SimpleData>
					<SimpleData name="DESC_LIC">G.R.PIURA-420010-AACH-ATDRCH</SimpleData>
					<SimpleData name="PAR_AR_BR">0.77</SimpleData>
					<SimpleData name="RES_ADM">124-2006-G.R.PIURA-420010-AACH-ATDRCH</SimpleData>
					<SimpleData name="TOMA">LAS CAPILLAS</SimpleData>
				</SchemaData>
			</ExtendedData>
			<Polygon>
				<outerBoundaryIs>
					<LinearRing>
						<coordinates>
							-80.72556291937246,-4.885600307278715,0 -80.72563364080722,-4.885573105687975,0 -80.72713714032272,-4.890322338231547,0 -80.72704946420397,-4.890344557535165,0 -80.72704946420397,-4.890344557535165,0 -80.72701446483957,-4.89035612306216,0 -80.72551754590921,-4.885617477418485,0 -80.72551754590921,-4.885617477418485,0 -80.72556291937246,-4.885600307278715,0
						</coordinates>
					</LinearRing>
				</outerBoundaryIs>
			</Polygon>
		</Placemark>
		<Placemark>
			<name>31547</name>
			<visibility>0</visibility>
			<ExtendedData>
				<SchemaData schemaUrl="#S_BLOQUE_LAS_CAPILLAS">
					<SimpleData name="AREA_HA">0.941</SimpleData>
					<SimpleData name="NOM_LOC">JIBITO</SimpleData>
					<SimpleData name="NOM_PRE">CAPILLA BAJA</SimpleData>
					<SimpleData name="NOM_BLO">LAS CAPILLAS</SimpleData>
					<SimpleData name="CODCAT">31547</SimpleData>
					<SimpleData name="USUARIO">DE LA CRUZ PEDRERA, EDUARDO</SimpleData>
					<SimpleData name="AP_PAT_USU">DE LA CRUZ</SimpleData>
					<SimpleData name="AP_MAT_USU">PEDRERA</SimpleData>
					<SimpleData name="NOM_USU">EDUARDO</SimpleData>
					<SimpleData name="TIPODOC">DNI</SimpleData>
					<SimpleData name="NUM_DOC">03668636</SimpleData>
					<SimpleData name="DESC_LIC">G.R.PIURA-420010-AACH-ATDRCH</SimpleData>
					<SimpleData name="PAR_AR_BR">0.94</SimpleData>
					<SimpleData name="RES_ADM">124-2006-G.R.PIURA-420010-AACH-ATDRCH</SimpleData>
					<SimpleData name="TOMA">LAS CAPILLAS</SimpleData>
				</SchemaData>
			</ExtendedData>
			<Polygon>
				<outerBoundaryIs>
					<LinearRing>
						<coordinates>
							-80.72527605517736,-4.885733899516507,0 -80.72539684768289,-4.885670622427258,0 -80.72688709593019,-4.890398409744257,0 -80.72681366939972,-4.890422715452322,0 -80.72674999086715,-4.890429022429263,0 -80.7252435806807,-4.885747275295531,0 -80.7252435806807,-4.885747275295531,0 -80.72527605517736,-4.885733899516507,0
						</coordinates>
					</LinearRing>
				</outerBoundaryIs>
			</Polygon>
		</Placemark>
		<Placemark>
			<name>31544</name>
			<visibility>0</visibility>
			<ExtendedData>
				<SchemaData schemaUrl="#S_BLOQUE_LAS_CAPILLAS">
					<SimpleData name="AREA_HA">1.143</SimpleData>
					<SimpleData name="NOM_LOC">JIBITO</SimpleData>
					<SimpleData name="NOM_PRE">CAPILLA BAJA</SimpleData>
					<SimpleData name="NOM_BLO">LAS CAPILLAS</SimpleData>
					<SimpleData name="CODCAT">31544</SimpleData>
					<SimpleData name="USUARIO">ALVARADO VILLAREAL, PEDRO</SimpleData>
					<SimpleData name="AP_PAT_USU">ALVARADO</SimpleData>
					<SimpleData name="AP_MAT_USU">VILLARREAL</SimpleData>
					<SimpleData name="NOM_USU">PEDRO</SimpleData>
					<SimpleData name="TIPODOC">DNI</SimpleData>
					<SimpleData name="NUM_DOC">03578762</SimpleData>
					<SimpleData name="DESC_LIC">G.R.PIURA-420010-AACH-ATDRCH</SimpleData>
					<SimpleData name="PAR_AR_BR">1.14</SimpleData>
					<SimpleData name="RES_ADM">124-2006-G.R.PIURA-420010-AACH-ATDRCH</SimpleData>
					<SimpleData name="TOMA">LAS CAPILLAS</SimpleData>
				</SchemaData>
			</ExtendedData>
			<Polygon>
				<outerBoundaryIs>
					<LinearRing>
						<coordinates>
							-80.72449584885635,-4.88629456064575,0 -80.72449440512736,-4.886296188440409,0 -80.72456370152466,-4.886224477345347,0 -80.72462424399725,-4.886165880200051,0 -80.72467756734521,-4.886116598076029,0 -80.72598121073445,-4.889699289078598,0 -80.72595388874463,-4.889683446588098,0 -80.72595190494422,-4.889682360201338,0 -80.72587463098964,-4.889629859011602,0 -80.72580484273574,-4.889578084558997,0 -80.72572927672724,-4.889539877598601,0 -80.72567751697393,-4.88951307890104,0 -80.72444559288635,-4.886341672823868,0 -80.72444559288635,-4.886341672823868,0 -80.72449584885635,-4.88629456064575,0
						</coordinates>
					</LinearRing>
				</outerBoundaryIs>
			</Polygon>
		</Placemark>
		<Placemark>
			<name>31543</name>
			<visibility>0</visibility>
			<ExtendedData>
				<SchemaData schemaUrl="#S_BLOQUE_LAS_CAPILLAS">
					<SimpleData name="AREA_HA">1.0839</SimpleData>
					<SimpleData name="NOM_LOC">JIBITO</SimpleData>
					<SimpleData name="NOM_PRE">CAPILLA BAJA</SimpleData>
					<SimpleData name="NOM_BLO">LAS CAPILLAS</SimpleData>
					<SimpleData name="CODCAT">31543</SimpleData>
					<SimpleData name="USUARIO">CORNEJO RISCO, CRECENCIO</SimpleData>
					<SimpleData name="AP_PAT_USU">CORNEJO</SimpleData>
					<SimpleData name="AP_MAT_USU">RISCO</SimpleData>
					<SimpleData name="NOM_USU">CRECENCIO</SimpleData>
					<SimpleData name="TIPODOC">DNI</SimpleData>
					<SimpleData name="NUM_DOC">03578388</SimpleData>
					<SimpleData name="DESC_LIC">G.R.PIURA-420010-AACH-ATDRCH</SimpleData>
					<SimpleData name="PAR_AR_BR">1.08</SimpleData>
					<SimpleData name="RES_ADM">124-2006-G.R.PIURA-420010-AACH-ATDRCH</SimpleData>
					<SimpleData name="TOMA">LAS CAPILLAS</SimpleData>
				</SchemaData>
			</ExtendedData>
			<Polygon>
				<outerBoundaryIs>
					<LinearRing>
						<coordinates>
							-80.72420235221369,-4.886547021422894,0 -80.72432252962261,-4.886444029921087,0 -80.72432234872795,-4.886445296365276,0 -80.72436096074806,-4.886420976792381,0 -80.72444559288635,-4.886341672823868,0 -80.72567751697393,-4.88951307890104,0 -80.72565100586031,-4.889499407899329,0 -80.72557949577214,-4.889468077941841,0 -80.72552764525707,-4.889442726645319,0 -80.72545090859528,-4.889399995905133,0 -80.72539869957403,-4.88936903559078,0 -80.72537453256805,-4.889357627164637,0 -80.72418466938177,-4.886559860354831,0 -80.72418466938177,-4.886559860354831,0 -80.72420235221369,-4.886547021422894,0
						</coordinates>
					</LinearRing>
				</outerBoundaryIs>
			</Polygon>
		</Placemark>
		<Placemark>
			<name>31541</name>
			<visibility>0</visibility>
			<ExtendedData>
				<SchemaData schemaUrl="#S_BLOQUE_LAS_CAPILLAS">
					<SimpleData name="AREA_HA">0.6688</SimpleData>
					<SimpleData name="NOM_LOC">JIBITO</SimpleData>
					<SimpleData name="NOM_PRE">CAPILLA BAJA</SimpleData>
					<SimpleData name="NOM_BLO">LAS CAPILLAS</SimpleData>
					<SimpleData name="CODCAT">31541</SimpleData>
					<SimpleData name="USUARIO">CHERO NAVARRO, JULIO CESAR</SimpleData>
					<SimpleData name="AP_PAT_USU">CHERO</SimpleData>
					<SimpleData name="AP_MAT_USU">NAVARRO</SimpleData>
					<SimpleData name="NOM_USU">JULIO CESAR</SimpleData>
					<SimpleData name="TIPODOC">DNI</SimpleData>
					<SimpleData name="NUM_DOC">03862568</SimpleData>
					<SimpleData name="DESC_LIC">G.R.PIURA-420010-AACH-ATDRCH</SimpleData>
					<SimpleData name="PAR_AR_BR">0.67</SimpleData>
					<SimpleData name="RES_ADM">124-2006-G.R.PIURA-420010-AACH-ATDRCH</SimpleData>
					<SimpleData name="TOMA">LAS CAPILLAS</SimpleData>
				</SchemaData>
			</ExtendedData>
			<Polygon>
				<outerBoundaryIs>
					<LinearRing>
						<coordinates>
							-80.72375675082409,-4.886899927466681,0 -80.72377479582997,-4.886883651004004,0 -80.72384877603419,-4.886827592432839,0 -80.72389324820672,-4.886809155529955,0 -80.72523538673326,-4.889304919962394,0 -80.72515611671534,-4.889282090584226,0 -80.72509082624464,-4.889259990577861,0 -80.72502202125666,-4.889230470968863,0 -80.72495249666467,-4.889196156388326,0 -80.72372517480296,-4.886921626361103,0 -80.72372517480296,-4.886921626361103,0 -80.72375675082409,-4.886899927466681,0
						</coordinates>
					</LinearRing>
				</outerBoundaryIs>
			</Polygon>
		</Placemark>
		<Placemark>
			<name>31539</name>
			<visibility>0</visibility>
			<ExtendedData>
				<SchemaData schemaUrl="#S_BLOQUE_LAS_CAPILLAS">
					<SimpleData name="AREA_HA">0.4409</SimpleData>
					<SimpleData name="NOM_LOC">JIBITO</SimpleData>
					<SimpleData name="NOM_PRE">CAPILLA BAJA</SimpleData>
					<SimpleData name="NOM_BLO">LAS CAPILLAS</SimpleData>
					<SimpleData name="CODCAT">31539</SimpleData>
					<SimpleData name="USUARIO">REQUENA CHAVEZ, JUSTA</SimpleData>
					<SimpleData name="AP_PAT_USU">REQUENA</SimpleData>
					<SimpleData name="AP_MAT_USU">CHAVEZ</SimpleData>
					<SimpleData name="NOM_USU">JUSTA</SimpleData>
					<SimpleData name="TIPODOC">DNI</SimpleData>
					<SimpleData name="NUM_DOC">03629287</SimpleData>
					<SimpleData name="DESC_LIC">G.R.PIURA-420010-AACH-ATDRCH</SimpleData>
					<SimpleData name="PAR_AR_BR">0.44</SimpleData>
					<SimpleData name="RES_ADM">124-2006-G.R.PIURA-420010-AACH-ATDRCH</SimpleData>
					<SimpleData name="TOMA">LAS CAPILLAS</SimpleData>
				</SchemaData>
			</ExtendedData>
			<Polygon>
				<outerBoundaryIs>
					<LinearRing>
						<coordinates>
							-80.72352848680204,-4.88709252624137,0 -80.72356908900208,-4.887053642577081,0 -80.72465853178974,-4.889040798460904,0 -80.72463129589767,-4.889035269025335,0 -80.72457339611007,-4.889025927606436,0 -80.72448581889455,-4.88902679675427,0 -80.72343185440336,-4.887182952458145,0 -80.72343185440336,-4.887182952458145,0 -80.72352848680204,-4.88709252624137,0
						</coordinates>
					</LinearRing>
				</outerBoundaryIs>
			</Polygon>
		</Placemark>
		<Placemark>
			<name>31538</name>
			<visibility>0</visibility>
			<ExtendedData>
				<SchemaData schemaUrl="#S_BLOQUE_LAS_CAPILLAS">
					<SimpleData name="AREA_HA">0.3784</SimpleData>
					<SimpleData name="NOM_LOC">JIBITO</SimpleData>
					<SimpleData name="NOM_PRE">CAPILLA BAJA</SimpleData>
					<SimpleData name="NOM_BLO">LAS CAPILLAS</SimpleData>
					<SimpleData name="CODCAT">31538</SimpleData>
					<SimpleData name="USUARIO">REQUENA CHIROQUE, PASCUALA</SimpleData>
					<SimpleData name="AP_PAT_USU">REQUENA</SimpleData>
					<SimpleData name="AP_MAT_USU">CHIROQUE</SimpleData>
					<SimpleData name="NOM_USU">PASCUALA</SimpleData>
					<SimpleData name="TIPODOC">DNI</SimpleData>
					<SimpleData name="NUM_DOC">03489230</SimpleData>
					<SimpleData name="DESC_LIC">G.R.PIURA-420010-AACH-ATDRCH</SimpleData>
					<SimpleData name="PAR_AR_BR">0.39</SimpleData>
					<SimpleData name="RES_ADM">124-2006-G.R.PIURA-420010-AACH-ATDRCH</SimpleData>
					<SimpleData name="TOMA">LAS CAPILLAS</SimpleData>
				</SchemaData>
			</ExtendedData>
			<Polygon>
				<outerBoundaryIs>
					<LinearRing>
						<coordinates>
							-80.72336788253084,-4.887246252294696,0 -80.72343185440336,-4.887182952458145,0 -80.72448581889455,-4.88902679675427,0 -80.72443620875404,-4.889037451568122,0 -80.72435096672756,-4.889062656873763,0 -80.72331374598818,-4.887298700264924,0 -80.72331374598818,-4.887298700264924,0 -80.72336788253084,-4.887246252294696,0
						</coordinates>
					</LinearRing>
				</outerBoundaryIs>
			</Polygon>
		</Placemark>
		<Placemark>
			<name>31536</name>
			<visibility>0</visibility>
			<ExtendedData>
				<SchemaData schemaUrl="#S_BLOQUE_LAS_CAPILLAS">
					<SimpleData name="AREA_HA">0.365</SimpleData>
					<SimpleData name="NOM_LOC">JIBITO</SimpleData>
					<SimpleData name="NOM_PRE">CAPILLA BAJA</SimpleData>
					<SimpleData name="NOM_BLO">LAS CAPILLAS</SimpleData>
					<SimpleData name="CODCAT">31536</SimpleData>
					<SimpleData name="USUARIO">REQUENA CHERO, MANUEL</SimpleData>
					<SimpleData name="AP_PAT_USU">REQUENA</SimpleData>
					<SimpleData name="AP_MAT_USU">CHERO</SimpleData>
					<SimpleData name="NOM_USU">MANUEL</SimpleData>
					<SimpleData name="TIPODOC">DNI</SimpleData>
					<SimpleData name="NUM_DOC">03629850</SimpleData>
					<SimpleData name="DESC_LIC">G.R.PIURA-420010-AACH-ATDRCH</SimpleData>
					<SimpleData name="PAR_AR_BR">0.37</SimpleData>
					<SimpleData name="RES_ADM">124-2006-G.R.PIURA-420010-AACH-ATDRCH</SimpleData>
					<SimpleData name="TOMA">LAS CAPILLAS</SimpleData>
				</SchemaData>
			</ExtendedData>
			<Polygon>
				<outerBoundaryIs>
					<LinearRing>
						<coordinates>
							-80.72306381981892,-4.887530190221467,0 -80.72314411690348,-4.887465992413079,0 -80.72320330551804,-4.887410380222466,0 -80.72420014877039,-4.889102762364272,0 -80.72420014880691,-4.889102671898778,0 -80.72411924074883,-4.889116118414158,0 -80.72407341926429,-4.88912532729038,0 -80.72305858680134,-4.887534801830862,0 -80.72305858680134,-4.887534801830862,0 -80.72306381981892,-4.887530190221467,0
						</coordinates>
					</LinearRing>
				</outerBoundaryIs>
			</Polygon>
		</Placemark>
		<Placemark>
			<name>31535</name>
			<visibility>0</visibility>
			<ExtendedData>
				<SchemaData schemaUrl="#S_BLOQUE_LAS_CAPILLAS">
					<SimpleData name="AREA_HA">0.3537</SimpleData>
					<SimpleData name="NOM_LOC">JIBITO</SimpleData>
					<SimpleData name="NOM_PRE">CAPILLA BAJA</SimpleData>
					<SimpleData name="NOM_BLO">LAS CAPILLAS</SimpleData>
					<SimpleData name="CODCAT">31535</SimpleData>
					<SimpleData name="USUARIO">VILLARREAL CHIROQUE, ROGELIO</SimpleData>
					<SimpleData name="AP_PAT_USU">VILLARREAL</SimpleData>
					<SimpleData name="AP_MAT_USU">CHIROQUE</SimpleData>
					<SimpleData name="NOM_USU">ROGELIO</SimpleData>
					<SimpleData name="TIPODOC">DNI</SimpleData>
					<SimpleData name="NUM_DOC">03656124</SimpleData>
					<SimpleData name="DESC_LIC">G.R.PIURA-420010-AACH-ATDRCH</SimpleData>
					<SimpleData name="PAR_AR_BR">0.35</SimpleData>
					<SimpleData name="RES_ADM">124-2006-G.R.PIURA-420010-AACH-ATDRCH</SimpleData>
					<SimpleData name="TOMA">LAS CAPILLAS</SimpleData>
				</SchemaData>
			</ExtendedData>
			<Polygon>
				<outerBoundaryIs>
					<LinearRing>
						<coordinates>
							-80.72299615109731,-4.887590774545744,0 -80.72305858680134,-4.887534801830862,0 -80.72407341926429,-4.88912532729038,0 -80.72401379702001,-4.889137787316431,0 -80.72396292563293,-4.889144822960779,0 -80.72392486193738,-4.889150959150534,0 -80.72388544498915,-4.889157999443363,0 -80.72296663639175,-4.88764467996837,0 -80.72296663639175,-4.88764467996837,0 -80.72299615109731,-4.887590774545744,0
						</coordinates>
					</LinearRing>
				</outerBoundaryIs>
			</Polygon>
		</Placemark>
		<Placemark>
			<name>31534</name>
			<visibility>0</visibility>
			<ExtendedData>
				<SchemaData schemaUrl="#S_BLOQUE_LAS_CAPILLAS">
					<SimpleData name="AREA_HA">0.349</SimpleData>
					<SimpleData name="NOM_LOC">JIBITO</SimpleData>
					<SimpleData name="NOM_PRE">CAPILLA BAJA</SimpleData>
					<SimpleData name="NOM_BLO">LAS CAPILLAS</SimpleData>
					<SimpleData name="CODCAT">31534</SimpleData>
					<SimpleData name="USUARIO">ZAPATA DE SANDOVAL, VICTORIA</SimpleData>
					<SimpleData name="AP_PAT_USU">ZAPATA</SimpleData>
					<SimpleData name="AP_MAT_USU">DE SANDOVAL</SimpleData>
					<SimpleData name="NOM_USU">VICTORIA</SimpleData>
					<SimpleData name="TIPODOC">DNI</SimpleData>
					<SimpleData name="NUM_DOC">03630527</SimpleData>
					<SimpleData name="DESC_LIC">G.R.PIURA-420010-AACH-ATDRCH</SimpleData>
					<SimpleData name="PAR_AR_BR">0.35</SimpleData>
					<SimpleData name="RES_ADM">124-2006-G.R.PIURA-420010-AACH-ATDRCH</SimpleData>
					<SimpleData name="TOMA">LAS CAPILLAS</SimpleData>
				</SchemaData>
			</ExtendedData>
			<Polygon>
				<outerBoundaryIs>
					<LinearRing>
						<coordinates>
							-80.72296663639175,-4.88764467996837,0 -80.72388553514504,-4.889158089945549,0 -80.72382384033331,-4.889165935370039,0 -80.72376647837736,-4.889164826463192,0 -80.72371760028921,-4.88914942744819,0 -80.72366791156875,-4.8891313141342,0 -80.72285600673163,-4.887777800113378,0 -80.72288966266858,-4.887742713214712,0 -80.72295011896875,-4.88767488872043,0 -80.72296663639175,-4.88764467996837,0 -80.72296663639175,-4.88764467996837,0
						</coordinates>
					</LinearRing>
				</outerBoundaryIs>
			</Polygon>
		</Placemark>
		<Placemark>
			<name>31533</name>
			<visibility>0</visibility>
			<ExtendedData>
				<SchemaData schemaUrl="#S_BLOQUE_LAS_CAPILLAS">
					<SimpleData name="AREA_HA">0.4745</SimpleData>
					<SimpleData name="NOM_LOC">JIBITO</SimpleData>
					<SimpleData name="NOM_PRE">CAPILLA BAJA</SimpleData>
					<SimpleData name="NOM_BLO">LAS CAPILLAS</SimpleData>
					<SimpleData name="CODCAT">31533</SimpleData>
					<SimpleData name="USUARIO">SALDARRIAGA BRUNO, INOCENCIO</SimpleData>
					<SimpleData name="AP_PAT_USU">SALDARRIAGA</SimpleData>
					<SimpleData name="AP_MAT_USU">BRUNO</SimpleData>
					<SimpleData name="NOM_USU">INOCENCIO</SimpleData>
					<SimpleData name="TIPODOC">DNI</SimpleData>
					<SimpleData name="NUM_DOC">03629315</SimpleData>
					<SimpleData name="DESC_LIC">G.R.PIURA-420010-AACH-ATDRCH</SimpleData>
					<SimpleData name="PAR_AR_BR">0.47</SimpleData>
					<SimpleData name="RES_ADM">124-2006-G.R.PIURA-420010-AACH-ATDRCH</SimpleData>
					<SimpleData name="TOMA">LAS CAPILLAS</SimpleData>
				</SchemaData>
			</ExtendedData>
			<Polygon>
				<outerBoundaryIs>
					<LinearRing>
						<coordinates>
							-80.72268484370376,-4.887946177090299,0 -80.72275342101533,-4.887869309378063,0 -80.72285600673163,-4.887777800113378,0 -80.72366791156875,-4.8891313141342,0 -80.72363580777915,-4.889119631022602,0 -80.72352950657354,-4.889031383883946,0 -80.72345737174001,-4.888984131521104,0 -80.72342401445559,-4.888949741042619,0 -80.72337153312564,-4.888923394208085,0 -80.72328098804151,-4.888903364454428,0 -80.72323264927134,-4.888892579367045,0 -80.72315725344194,-4.888880154872252,0 -80.72263638556849,-4.888007492937138,0 -80.72263638556849,-4.888007492937138,0 -80.72268484370376,-4.887946177090299,0
						</coordinates>
					</LinearRing>
				</outerBoundaryIs>
			</Polygon>
		</Placemark>
		<Placemark>
			<name>31532</name>
			<visibility>0</visibility>
			<ExtendedData>
				<SchemaData schemaUrl="#S_BLOQUE_LAS_CAPILLAS">
					<SimpleData name="AREA_HA">0.4218</SimpleData>
					<SimpleData name="NOM_LOC">JIBITO</SimpleData>
					<SimpleData name="NOM_PRE">CAPILLA BAJA</SimpleData>
					<SimpleData name="NOM_BLO">LAS CAPILLAS</SimpleData>
					<SimpleData name="CODCAT">31532</SimpleData>
					<SimpleData name="USUARIO">JIMENEZ TABOADA, FERNANDO</SimpleData>
					<SimpleData name="AP_PAT_USU">JIMENEZ</SimpleData>
					<SimpleData name="AP_MAT_USU">TABOADA</SimpleData>
					<SimpleData name="NOM_USU">FERNANDO</SimpleData>
					<SimpleData name="TIPODOC">DNI</SimpleData>
					<SimpleData name="NUM_DOC">03648541</SimpleData>
					<SimpleData name="DESC_LIC">G.R.PIURA-420010-AACH-ATDRCH</SimpleData>
					<SimpleData name="PAR_AR_BR">0.42</SimpleData>
					<SimpleData name="RES_ADM">124-2006-G.R.PIURA-420010-AACH-ATDRCH</SimpleData>
					<SimpleData name="TOMA">LAS CAPILLAS</SimpleData>
				</SchemaData>
			</ExtendedData>
			<Polygon>
				<outerBoundaryIs>
					<LinearRing>
						<coordinates>
							-80.72263638556849,-4.888007492937138,0 -80.72315689289218,-4.8888796119322,0 -80.72312586894152,-4.888874080892913,0 -80.7229288172874,-4.88882777267853,0 -80.72276982123608,-4.888795321162096,0 -80.72258214743954,-4.888754444606096,0 -80.72253976194175,-4.888742304918001,0 -80.72228962551699,-4.888379345523362,0 -80.72235098532811,-4.888307902839553,0 -80.72241504869126,-4.88824188918497,0 -80.72248632595702,-4.888179497090599,0 -80.72249084034634,-4.888167738416565,0 -80.72256121714295,-4.888101727324631,0 -80.72263638556849,-4.888007492937138,0 -80.72263638556849,-4.888007492937138,0
						</coordinates>
					</LinearRing>
				</outerBoundaryIs>
			</Polygon>
		</Placemark>
		<Placemark>
			<name>31531</name>
			<visibility>0</visibility>
			<ExtendedData>
				<SchemaData schemaUrl="#S_BLOQUE_LAS_CAPILLAS">
					<SimpleData name="AREA_HA">0.1554</SimpleData>
					<SimpleData name="NOM_LOC">JIBITO</SimpleData>
					<SimpleData name="NOM_PRE">CAPILLA BAJA</SimpleData>
					<SimpleData name="NOM_BLO">LAS CAPILLAS</SimpleData>
					<SimpleData name="CODCAT">31531</SimpleData>
					<SimpleData name="USUARIO">CHORRES DE CORREA, TERESA</SimpleData>
					<SimpleData name="AP_PAT_USU">CHORRES</SimpleData>
					<SimpleData name="AP_MAT_USU">DE CORREA</SimpleData>
					<SimpleData name="NOM_USU">TERESA</SimpleData>
					<SimpleData name="TIPODOC">DNI</SimpleData>
					<SimpleData name="NUM_DOC">03566323</SimpleData>
					<SimpleData name="DESC_LIC">G.R.PIURA-420010-AACH-ATDRCH</SimpleData>
					<SimpleData name="PAR_AR_BR">0.16</SimpleData>
					<SimpleData name="RES_ADM">124-2006-G.R.PIURA-420010-AACH-ATDRCH</SimpleData>
					<SimpleData name="TOMA">LAS CAPILLAS</SimpleData>
				</SchemaData>
			</ExtendedData>
			<Polygon>
				<outerBoundaryIs>
					<LinearRing>
						<coordinates>
							-80.72228962551699,-4.888379345523362,0 -80.72253976194175,-4.888742304918001,0 -80.72250043505331,-4.888749707028866,0 -80.72248257600731,-4.888752051837653,0 -80.72241410018937,-4.888800784778375,0 -80.72234553879973,-4.888838119021193,0 -80.72213244240655,-4.88899046629331,0 -80.7221037614047,-4.888990002234099,0 -80.72207986339629,-4.888982664751178,0 -80.72206300072719,-4.888974515956159,0 -80.72205389364873,-4.888968722437195,0 -80.72206139672474,-4.888926659042028,0 -80.72207530743243,-4.888874827992216,0 -80.72212433596587,-4.888741863737969,0 -80.72224391864982,-4.888550487601211,0 -80.72228962551699,-4.888379345523362,0 -80.72228962551699,-4.888379345523362,0
						</coordinates>
					</LinearRing>
				</outerBoundaryIs>
			</Polygon>
		</Placemark>
		<Placemark>
			<name>31781</name>
			<visibility>0</visibility>
			<ExtendedData>
				<SchemaData schemaUrl="#S_BLOQUE_LAS_CAPILLAS">
					<SimpleData name="AREA_HA">0.7817</SimpleData>
					<SimpleData name="NOM_LOC">JIBITO</SimpleData>
					<SimpleData name="NOM_PRE">CAPILLA ALTA</SimpleData>
					<SimpleData name="NOM_BLO">LAS CAPILLAS</SimpleData>
					<SimpleData name="CODCAT">31781</SimpleData>
					<SimpleData name="USUARIO">YAKSETIG GUZMAN DE BEL, NEDDA GIGLIORA</SimpleData>
					<SimpleData name="AP_PAT_USU">YAKSETIG</SimpleData>
					<SimpleData name="AP_MAT_USU">GUZMAN DE BEL</SimpleData>
					<SimpleData name="NOM_USU">NEDDA GIGLIORA</SimpleData>
					<SimpleData name="TIPODOC">DNI</SimpleData>
					<SimpleData name="NUM_DOC">03640934</SimpleData>
					<SimpleData name="DESC_LIC">G.R.PIURA-420010-DRA.P-AACH-S.ATDRCH</SimpleData>
					<SimpleData name="PAR_AR_BR">0.78</SimpleData>
					<SimpleData name="RES_ADM">517-2005-G.R.PIURA-420010-DRA.P-AACH-S.ATDRCH</SimpleData>
					<SimpleData name="TOMA">LAS CAPILLAS</SimpleData>
				</SchemaData>
			</ExtendedData>
			<Polygon>
				<outerBoundaryIs>
					<LinearRing>
						<coordinates>
							-80.72312631250909,-4.9006788347981,0 -80.72305421459085,-4.899871581746176,0 -80.72394997321778,-4.899765107359029,0 -80.72402115250001,-4.900393419244389,0 -80.72399030415529,-4.900398382286046,0 -80.72390100591797,-4.900413725052464,0 -80.7238135078922,-4.900438115090074,0 -80.72370977641469,-4.900458879878961,0 -80.72362318031702,-4.900483270258578,0 -80.72353567823939,-4.900517611461619,0 -80.72344366718882,-4.900550141503,0 -80.7233453454885,-4.900575431715703,0 -80.72324701900817,-4.900612482425764,0 -80.7231531959722,-4.900664914094051,0 -80.72312631250909,-4.9006788347981,0 -80.72312631250909,-4.9006788347981,0
						</coordinates>
					</LinearRing>
				</outerBoundaryIs>
			</Polygon>
		</Placemark>
		<Placemark>
			<name>31772</name>
			<visibility>0</visibility>
			<ExtendedData>
				<SchemaData schemaUrl="#S_BLOQUE_LAS_CAPILLAS">
					<SimpleData name="AREA_HA">0.4916</SimpleData>
					<SimpleData name="NOM_LOC">JIBITO</SimpleData>
					<SimpleData name="NOM_PRE">CAPILLA ALTA</SimpleData>
					<SimpleData name="NOM_BLO">LAS CAPILLAS</SimpleData>
					<SimpleData name="CODCAT">31772</SimpleData>
					<SimpleData name="USUARIO">AREVALO CORNEJO, VENTURA</SimpleData>
					<SimpleData name="AP_PAT_USU">AREVALO</SimpleData>
					<SimpleData name="AP_MAT_USU">CORNEJO</SimpleData>
					<SimpleData name="NOM_USU">VENTURA</SimpleData>
					<SimpleData name="TIPODOC">DNI</SimpleData>
					<SimpleData name="NUM_DOC">03566204</SimpleData>
					<SimpleData name="DESC_LIC"></SimpleData>
					<SimpleData name="PAR_AR_BR">0.49</SimpleData>
					<SimpleData name="RES_ADM"></SimpleData>
					<SimpleData name="TOMA">LAS CAPILLAS</SimpleData>
				</SchemaData>
			</ExtendedData>
			<Polygon>
				<outerBoundaryIs>
					<LinearRing>
						<coordinates>
							-80.72122091900918,-4.900569495120948,0 -80.72114841411548,-4.900101396906617,0 -80.72198455058864,-4.900005846978928,0 -80.72205461935117,-4.900477562756866,0 -80.72205461935117,-4.900477562756866,0 -80.72122091900918,-4.900569495120948,0
						</coordinates>
					</LinearRing>
				</outerBoundaryIs>
			</Polygon>
		</Placemark>
		<Placemark>
			<name>31771</name>
			<visibility>0</visibility>
			<ExtendedData>
				<SchemaData schemaUrl="#S_BLOQUE_LAS_CAPILLAS">
					<SimpleData name="AREA_HA">0.7357</SimpleData>
					<SimpleData name="NOM_LOC">JIBITO</SimpleData>
					<SimpleData name="NOM_PRE">CAPILLA ALTA</SimpleData>
					<SimpleData name="NOM_BLO">LAS CAPILLAS</SimpleData>
					<SimpleData name="CODCAT">31771</SimpleData>
					<SimpleData name="USUARIO">AREVALO CORNEJO, VENTURA</SimpleData>
					<SimpleData name="AP_PAT_USU">AREVALO</SimpleData>
					<SimpleData name="AP_MAT_USU">CORNEJO</SimpleData>
					<SimpleData name="NOM_USU">VENTURA</SimpleData>
					<SimpleData name="TIPODOC">DNI</SimpleData>
					<SimpleData name="NUM_DOC">03566204</SimpleData>
					<SimpleData name="DESC_LIC"></SimpleData>
					<SimpleData name="PAR_AR_BR">0.74</SimpleData>
					<SimpleData name="RES_ADM"></SimpleData>
					<SimpleData name="TOMA">LAS CAPILLAS</SimpleData>
				</SchemaData>
			</ExtendedData>
			<Polygon>
				<outerBoundaryIs>
					<LinearRing>
						<coordinates>
							-80.72132104538368,-4.901424977860076,0 -80.72123478794194,-4.900620704286616,0 -80.72206334636967,-4.900531031437369,0 -80.72212731492228,-4.901143328066489,0 -80.72204992228028,-4.9011584040627,0 -80.72195790628356,-4.901202694400578,0 -80.7218667936921,-4.901243366476564,0 -80.72177568478234,-4.90127499199293,0 -80.7216809681025,-4.901306616014551,0 -80.72158715076867,-4.901344572975226,0 -80.72149333675129,-4.901374388030471,0 -80.72140583594114,-4.901405110322521,0 -80.72132104538368,-4.901424977860076,0 -80.72132104538368,-4.901424977860076,0
						</coordinates>
					</LinearRing>
				</outerBoundaryIs>
			</Polygon>
		</Placemark>
		<Placemark>
			<name>31753</name>
			<visibility>0</visibility>
			<ExtendedData>
				<SchemaData schemaUrl="#S_BLOQUE_LAS_CAPILLAS">
					<SimpleData name="AREA_HA">0.9042</SimpleData>
					<SimpleData name="NOM_LOC">JIBITO</SimpleData>
					<SimpleData name="NOM_PRE">CAPILLA ALTA</SimpleData>
					<SimpleData name="NOM_BLO">LAS CAPILLAS</SimpleData>
					<SimpleData name="CODCAT">31753</SimpleData>
					<SimpleData name="USUARIO">YAKSETIG GUZMAN DE BEL, NEDDA GIGLIORA</SimpleData>
					<SimpleData name="AP_PAT_USU">YAKSETIG</SimpleData>
					<SimpleData name="AP_MAT_USU">GUZMAN DE BEL</SimpleData>
					<SimpleData name="NOM_USU">NEDDA GIGLIORA</SimpleData>
					<SimpleData name="TIPODOC">DNI</SimpleData>
					<SimpleData name="NUM_DOC">03640934</SimpleData>
					<SimpleData name="DESC_LIC">G.R.PIURA-420010-DRA.P-AACH-S.ATDRCH</SimpleData>
					<SimpleData name="PAR_AR_BR">0.9</SimpleData>
					<SimpleData name="RES_ADM">517-2005-G.R.PIURA-420010-DRA.P-AACH-S.ATDRCH</SimpleData>
					<SimpleData name="TOMA">LAS CAPILLAS</SimpleData>
				</SchemaData>
			</ExtendedData>
			<Polygon>
				<outerBoundaryIs>
					<LinearRing>
						<coordinates>
							-80.71960461742984,-4.901509307256702,0 -80.71950539651277,-4.901527359278619,0 -80.71940347163131,-4.901540886892548,0 -80.71930335435361,-4.901545368693519,0 -80.71920774528809,-4.901553470966271,0 -80.71910853032237,-4.901557048457255,0 -80.71901924117928,-4.901549774195082,0 -80.71892184091523,-4.90152711742814,0 -80.71883617185716,-4.901489991042833,0 -80.71875050878181,-4.901438390176414,0 -80.71867296542409,-4.901381364744017,0 -80.7186026390963,-4.901320723682565,0 -80.71852419531928,-4.901260079242036,0 -80.71845026050993,-4.901201245975817,0 -80.71837722615865,-4.90114603169453,0 -80.71832404534078,-4.9010645906782,0 -80.71829702527738,-4.900972304680956,0 -80.71829884149467,-4.900942451836039,0 -80.71956116342679,-4.900804110980548,0 -80.71963961786224,-4.901496837506949,0 -80.71963961786224,-4.901496837506949,0 -80.71960461742984,-4.901509307256702,0
						</coordinates>
					</LinearRing>
				</outerBoundaryIs>
			</Polygon>
		</Placemark>
		<Placemark>
			<name>31752</name>
			<visibility>0</visibility>
			<ExtendedData>
				<SchemaData schemaUrl="#S_BLOQUE_LAS_CAPILLAS">
					<SimpleData name="AREA_HA">0.7276</SimpleData>
					<SimpleData name="NOM_LOC">JIBITO</SimpleData>
					<SimpleData name="NOM_PRE">CAPILLA ALTA</SimpleData>
					<SimpleData name="NOM_BLO">LAS CAPILLAS</SimpleData>
					<SimpleData name="CODCAT">31752</SimpleData>
					<SimpleData name="USUARIO">YAKSETIG GUZMAN DE BEL, NEDDA GIGLIORA</SimpleData>
					<SimpleData name="AP_PAT_USU">YAKSETIG</SimpleData>
					<SimpleData name="AP_MAT_USU">GUZMAN DE BEL</SimpleData>
					<SimpleData name="NOM_USU">NEDDA GIGLIORA</SimpleData>
					<SimpleData name="TIPODOC">DNI</SimpleData>
					<SimpleData name="NUM_DOC">03640934</SimpleData>
					<SimpleData name="DESC_LIC">G.R.PIURA-420010-DRA.P-AACH-S.ATDRCH</SimpleData>
					<SimpleData name="PAR_AR_BR">0.73</SimpleData>
					<SimpleData name="RES_ADM">517-2005-G.R.PIURA-420010-DRA.P-AACH-S.ATDRCH</SimpleData>
					<SimpleData name="TOMA">LAS CAPILLAS</SimpleData>
				</SchemaData>
			</ExtendedData>
			<Polygon>
				<outerBoundaryIs>
					<LinearRing>
						<coordinates>
							-80.71829886243107,-4.90089179119008,0 -80.71822419887688,-4.900414102542183,0 -80.71837121046237,-4.900425019512291,0 -80.71950951349386,-4.900289793433357,0 -80.7195590198729,-4.900752816174824,0 -80.7195590198729,-4.900752816174824,0 -80.71829886243107,-4.90089179119008,0
						</coordinates>
					</LinearRing>
				</outerBoundaryIs>
			</Polygon>
		</Placemark>
		<Placemark>
			<name>31782</name>
			<visibility>0</visibility>
			<ExtendedData>
				<SchemaData schemaUrl="#S_BLOQUE_LAS_CAPILLAS">
					<SimpleData name="AREA_HA">2.2299</SimpleData>
					<SimpleData name="NOM_LOC">JIBITO</SimpleData>
					<SimpleData name="NOM_PRE">CAPILLA ALTA</SimpleData>
					<SimpleData name="NOM_BLO">LAS CAPILLAS</SimpleData>
					<SimpleData name="CODCAT">31782</SimpleData>
					<SimpleData name="USUARIO">YAKSETIG GUZMAN DE BEL, NEDDA GIGLIORA</SimpleData>
					<SimpleData name="AP_PAT_USU">YAKSETIG</SimpleData>
					<SimpleData name="AP_MAT_USU">GUZMAN DE BEL</SimpleData>
					<SimpleData name="NOM_USU">NEDDA GIGLIORA</SimpleData>
					<SimpleData name="TIPODOC">DNI</SimpleData>
					<SimpleData name="NUM_DOC">03640934</SimpleData>
					<SimpleData name="DESC_LIC">G.R.PIURA-420010-DRA.P-AACH-S.ATDRCH</SimpleData>
					<SimpleData name="PAR_AR_BR">2.23</SimpleData>
					<SimpleData name="RES_ADM">517-2005-G.R.PIURA-420010-DRA.P-AACH-S.ATDRCH</SimpleData>
					<SimpleData name="TOMA">LAS CAPILLAS</SimpleData>
				</SchemaData>
			</ExtendedData>
			<Polygon>
				<outerBoundaryIs>
					<LinearRing>
						<coordinates>
							-80.72280119346468,-4.897941306526851,0 -80.7237719996148,-4.897812608386946,0 -80.72390427943658,-4.899234237186927,0 -80.72395007934021,-4.89972575490919,0 -80.72304385805703,-4.899832767817824,0 -80.72280119346468,-4.897941306526851,0 -80.72280119346468,-4.897941306526851,0
						</coordinates>
					</LinearRing>
				</outerBoundaryIs>
			</Polygon>
		</Placemark>
		<Placemark>
			<name>31778</name>
			<visibility>0</visibility>
			<ExtendedData>
				<SchemaData schemaUrl="#S_BLOQUE_LAS_CAPILLAS">
					<SimpleData name="AREA_HA">2.5368</SimpleData>
					<SimpleData name="NOM_LOC">JIBITO</SimpleData>
					<SimpleData name="NOM_PRE">CAPILLA ALTA</SimpleData>
					<SimpleData name="NOM_BLO">LAS CAPILLAS</SimpleData>
					<SimpleData name="CODCAT">31778</SimpleData>
					<SimpleData name="USUARIO">YAKSETIG GUZMAN DE BEL, NEDDA GIGLIORA</SimpleData>
					<SimpleData name="AP_PAT_USU">YAKSETIG</SimpleData>
					<SimpleData name="AP_MAT_USU">GUZMAN DE BEL</SimpleData>
					<SimpleData name="NOM_USU">NEDDA GIGLIORA</SimpleData>
					<SimpleData name="TIPODOC">DNI</SimpleData>
					<SimpleData name="NUM_DOC">03640934</SimpleData>
					<SimpleData name="DESC_LIC">G.R.PIURA-420010-DRA.P-AACH-S.ATDRCH</SimpleData>
					<SimpleData name="PAR_AR_BR">2.54</SimpleData>
					<SimpleData name="RES_ADM">517-2005-G.R.PIURA-420010-DRA.P-AACH-S.ATDRCH</SimpleData>
					<SimpleData name="TOMA">LAS CAPILLAS</SimpleData>
				</SchemaData>
			</ExtendedData>
			<Polygon>
				<outerBoundaryIs>
					<LinearRing>
						<coordinates>
							-80.72292353363146,-4.899847012193924,0 -80.72197654181231,-4.899960520485649,0 -80.72171799968102,-4.898084883927161,0 -80.72172287039497,-4.898084252667696,0 -80.72280119346468,-4.897941306526851,0 -80.72304385805703,-4.899832767817824,0 -80.72304385805703,-4.899832767817824,0 -80.72292353363146,-4.899847012193924,0
						</coordinates>
					</LinearRing>
				</outerBoundaryIs>
			</Polygon>
		</Placemark>
		<Placemark>
			<name>31790</name>
			<visibility>0</visibility>
			<ExtendedData>
				<SchemaData schemaUrl="#S_BLOQUE_LAS_CAPILLAS">
					<SimpleData name="AREA_HA">0.581</SimpleData>
					<SimpleData name="NOM_LOC">JIBITO</SimpleData>
					<SimpleData name="NOM_PRE">CAPILLA ALTA</SimpleData>
					<SimpleData name="NOM_BLO">LAS CAPILLAS</SimpleData>
					<SimpleData name="CODCAT">31790</SimpleData>
					<SimpleData name="USUARIO">SALDARRIAGA BRUNO, INOCENCIO</SimpleData>
					<SimpleData name="AP_PAT_USU">SALDARRIAGA</SimpleData>
					<SimpleData name="AP_MAT_USU">BRUNO</SimpleData>
					<SimpleData name="NOM_USU">INOCENCIO</SimpleData>
					<SimpleData name="TIPODOC">DNI</SimpleData>
					<SimpleData name="NUM_DOC">03629315</SimpleData>
					<SimpleData name="DESC_LIC">G.R.PIURA-420010-AACH-ATDRCH</SimpleData>
					<SimpleData name="PAR_AR_BR">0.58</SimpleData>
					<SimpleData name="RES_ADM">124-2006-G.R.PIURA-420010-AACH-ATDRCH</SimpleData>
					<SimpleData name="TOMA">LAS CAPILLAS</SimpleData>
				</SchemaData>
			</ExtendedData>
			<Polygon>
				<outerBoundaryIs>
					<LinearRing>
						<coordinates>
							-80.72321873964164,-4.891168776695388,0 -80.7230441874124,-4.890128532993209,0 -80.7233161456362,-4.890283158941196,0 -80.72347484542449,-4.890380021679725,0 -80.72355329212918,-4.890431618961493,0 -80.723633541235,-4.890486835589003,0 -80.72370116045992,-4.890549284311696,0 -80.72373269130367,-4.890639762662168,0 -80.72374798784338,-4.890729329752992,0 -80.72374794943885,-4.890824318537391,0 -80.72374881369188,-4.890917498378293,0 -80.72375058023708,-4.891009773930712,0 -80.7237685858577,-4.89109120022558,0 -80.72321873964164,-4.891168776695388,0 -80.72321873964164,-4.891168776695388,0
						</coordinates>
					</LinearRing>
				</outerBoundaryIs>
			</Polygon>
		</Placemark>
		<Placemark>
			<name>31795</name>
			<visibility>0</visibility>
			<ExtendedData>
				<SchemaData schemaUrl="#S_BLOQUE_LAS_CAPILLAS">
					<SimpleData name="AREA_HA">0.8292</SimpleData>
					<SimpleData name="NOM_LOC">JIBITO</SimpleData>
					<SimpleData name="NOM_PRE">CAPILLA ALTA</SimpleData>
					<SimpleData name="NOM_BLO">LAS CAPILLAS</SimpleData>
					<SimpleData name="CODCAT">31795</SimpleData>
					<SimpleData name="USUARIO">CALDERON CHERO, RAUL</SimpleData>
					<SimpleData name="AP_PAT_USU">CALDERON</SimpleData>
					<SimpleData name="AP_MAT_USU">CHERO</SimpleData>
					<SimpleData name="NOM_USU">RAUL</SimpleData>
					<SimpleData name="TIPODOC">DNI</SimpleData>
					<SimpleData name="NUM_DOC">03629079</SimpleData>
					<SimpleData name="DESC_LIC">G.R.PIURA-420010-AACH-ATDRCH</SimpleData>
					<SimpleData name="PAR_AR_BR">0.83</SimpleData>
					<SimpleData name="RES_ADM">124-2006-G.R.PIURA-420010-AACH-ATDRCH</SimpleData>
					<SimpleData name="TOMA">LAS CAPILLAS</SimpleData>
				</SchemaData>
			</ExtendedData>
			<Polygon>
				<outerBoundaryIs>
					<LinearRing>
						<coordinates>
							-80.72256231815108,-4.889833237820616,0 -80.7229626721098,-4.890082181404162,0 -80.7230441874124,-4.890128532993209,0 -80.72321873964164,-4.891168776695388,0 -80.72271065625945,-4.891237232744436,0 -80.72242895787547,-4.889748326682475,0 -80.72242895787547,-4.889748326682475,0 -80.72256231815108,-4.889833237820616,0
						</coordinates>
					</LinearRing>
				</outerBoundaryIs>
			</Polygon>
		</Placemark>
		<Placemark>
			<name>31793</name>
			<visibility>0</visibility>
			<ExtendedData>
				<SchemaData schemaUrl="#S_BLOQUE_LAS_CAPILLAS">
					<SimpleData name="AREA_HA">1.7088</SimpleData>
					<SimpleData name="NOM_LOC">JIBITO</SimpleData>
					<SimpleData name="NOM_PRE">CAPILLA ALTA</SimpleData>
					<SimpleData name="NOM_BLO">LAS CAPILLAS</SimpleData>
					<SimpleData name="CODCAT">31793</SimpleData>
					<SimpleData name="USUARIO">CHERO YARLEQUE, JOSE DANIEL</SimpleData>
					<SimpleData name="AP_PAT_USU">CHERO</SimpleData>
					<SimpleData name="AP_MAT_USU">YARLEQUE</SimpleData>
					<SimpleData name="NOM_USU">JOSE DANIEL</SimpleData>
					<SimpleData name="TIPODOC">DNI</SimpleData>
					<SimpleData name="NUM_DOC">03629679</SimpleData>
					<SimpleData name="DESC_LIC">G.R.PIURA-420010-AACH-ATDRCH</SimpleData>
					<SimpleData name="PAR_AR_BR">1.71</SimpleData>
					<SimpleData name="RES_ADM">124-2006-G.R.PIURA-420010-AACH-ATDRCH</SimpleData>
					<SimpleData name="TOMA">LAS CAPILLAS</SimpleData>
				</SchemaData>
			</ExtendedData>
			<Polygon>
				<outerBoundaryIs>
					<LinearRing>
						<coordinates>
							-80.72191457161395,-4.891344470685364,0 -80.72163912851508,-4.889781294770814,0 -80.72164129556747,-4.889775324935208,0 -80.721647796577,-4.889757777290351,0 -80.72167850108542,-4.889661896430939,0 -80.72171371520849,-4.889566017416891,0 -80.72174080057974,-4.889498179379023,0 -80.72176426167235,-4.889471049335632,0 -80.72178591449426,-4.889454774412203,0 -80.72180305216793,-4.889452067465696,0 -80.72182379533072,-4.889454789926074,0 -80.72185175462759,-4.889455706030386,0 -80.72188512657719,-4.889453910384254,0 -80.72193382793354,-4.889460262907961,0 -80.72198613478167,-4.889472044834635,0 -80.72200507262471,-4.889478385171151,0 -80.72242895787547,-4.889748326682475,0 -80.72271065625945,-4.891237232744436,0 -80.72191457161395,-4.891344470685364,0 -80.72191457161395,-4.891344470685364,0
						</coordinates>
					</LinearRing>
				</outerBoundaryIs>
			</Polygon>
		</Placemark>
		<Placemark>
			<name>31745</name>
			<visibility>0</visibility>
			<ExtendedData>
				<SchemaData schemaUrl="#S_BLOQUE_LAS_CAPILLAS">
					<SimpleData name="AREA_HA">1.1491</SimpleData>
					<SimpleData name="NOM_LOC">JIBITO</SimpleData>
					<SimpleData name="NOM_PRE">CAPILLA ALTA</SimpleData>
					<SimpleData name="NOM_BLO">LAS CAPILLAS</SimpleData>
					<SimpleData name="CODCAT">31745</SimpleData>
					<SimpleData name="USUARIO">SALCEDO JIMENEZ, JUAN</SimpleData>
					<SimpleData name="AP_PAT_USU">SALCEDO</SimpleData>
					<SimpleData name="AP_MAT_USU">JIMENEZ</SimpleData>
					<SimpleData name="NOM_USU">JUAN</SimpleData>
					<SimpleData name="TIPODOC">DNI</SimpleData>
					<SimpleData name="NUM_DOC">03585142</SimpleData>
					<SimpleData name="DESC_LIC">G.R.PIURA-420010-AACH-ATDRCH</SimpleData>
					<SimpleData name="PAR_AR_BR">1</SimpleData>
					<SimpleData name="RES_ADM">124-2006-G.R.PIURA-420010-AACH-ATDRCH</SimpleData>
					<SimpleData name="TOMA">LAS CAPILLAS</SimpleData>
				</SchemaData>
			</ExtendedData>
			<Polygon>
				<outerBoundaryIs>
					<LinearRing>
						<coordinates>
							-80.72163912851508,-4.889781294770814,0 -80.72191457161395,-4.891344470685364,0 -80.72094756212282,-4.891474706141004,0 -80.7208585391766,-4.89103989235181,0 -80.72086711250765,-4.891027592568038,0 -80.72092667403972,-4.890943484133182,0 -80.7209862351871,-4.89086028034682,0 -80.72104579188688,-4.890787932412676,0 -80.72111076493243,-4.890703826181298,0 -80.72117392930951,-4.890631479715459,0 -80.72123439158577,-4.890550085583046,0 -80.72128854110325,-4.890466879543308,0 -80.72135351371769,-4.890383677938961,0 -80.72140856476337,-4.890301376912447,0 -80.72146091186224,-4.89021455149611,0 -80.72150513866745,-4.890134959985688,0 -80.72151055538279,-4.89012229703558,0 -80.72155027770954,-4.890030038503026,0 -80.72158188195988,-4.889939585949719,0 -80.721616194188,-4.889843706573521,0 -80.72163912851508,-4.889781294770814,0 -80.72163912851508,-4.889781294770814,0
						</coordinates>
					</LinearRing>
				</outerBoundaryIs>
			</Polygon>
		</Placemark>
		<Placemark>
			<name>31765</name>
			<visibility>0</visibility>
			<ExtendedData>
				<SchemaData schemaUrl="#S_BLOQUE_LAS_CAPILLAS">
					<SimpleData name="AREA_HA">0.1073</SimpleData>
					<SimpleData name="NOM_LOC">JIBITO</SimpleData>
					<SimpleData name="NOM_PRE">CAPILLA ALTA</SimpleData>
					<SimpleData name="NOM_BLO">LAS CAPILLAS</SimpleData>
					<SimpleData name="CODCAT">31765</SimpleData>
					<SimpleData name="USUARIO">YAKSETIG GUZMAN DE BEL, NEDDA GIGLIORA</SimpleData>
					<SimpleData name="AP_PAT_USU">YAKSETIG</SimpleData>
					<SimpleData name="AP_MAT_USU">GUZMAN DE BEL</SimpleData>
					<SimpleData name="NOM_USU">NEDDA GIGLIORA</SimpleData>
					<SimpleData name="TIPODOC">DNI</SimpleData>
					<SimpleData name="NUM_DOC">03640934</SimpleData>
					<SimpleData name="DESC_LIC">G.R.PIURA-420010-DRA.P-AACH-S.ATDRCH</SimpleData>
					<SimpleData name="PAR_AR_BR">0.11</SimpleData>
					<SimpleData name="RES_ADM">517-2005-G.R.PIURA-420010-DRA.P-AACH-S.ATDRCH</SimpleData>
					<SimpleData name="TOMA">LAS CAPILLAS</SimpleData>
				</SchemaData>
			</ExtendedData>
			<Polygon>
				<outerBoundaryIs>
					<LinearRing>
						<coordinates>
							-80.72061079253342,-4.891449961030223,0 -80.72066223494247,-4.891370372557851,0 -80.72071007443921,-4.891279022083745,0 -80.72075971629708,-4.891191290966475,0 -80.7208156723687,-4.891101753130728,0 -80.7208585391766,-4.89103989235181,0 -80.72094756212282,-4.891474706141004,0 -80.72055393928801,-4.891527737960779,0 -80.72055393928801,-4.891527737960779,0 -80.72061079253342,-4.891449961030223,0
						</coordinates>
					</LinearRing>
				</outerBoundaryIs>
			</Polygon>
		</Placemark>
		<Placemark>
			<name>31797</name>
			<visibility>0</visibility>
			<ExtendedData>
				<SchemaData schemaUrl="#S_BLOQUE_LAS_CAPILLAS">
					<SimpleData name="AREA_HA">1.4145</SimpleData>
					<SimpleData name="NOM_LOC">JIBITO</SimpleData>
					<SimpleData name="NOM_PRE">CAPILLA ALTA</SimpleData>
					<SimpleData name="NOM_BLO">LAS CAPILLAS</SimpleData>
					<SimpleData name="CODCAT">31797</SimpleData>
					<SimpleData name="USUARIO">SALDARRIAGA BRUNO, INOCENCIO</SimpleData>
					<SimpleData name="AP_PAT_USU">SALDARRIAGA</SimpleData>
					<SimpleData name="AP_MAT_USU">BRUNO</SimpleData>
					<SimpleData name="NOM_USU">INOCENCIO</SimpleData>
					<SimpleData name="TIPODOC">DNI</SimpleData>
					<SimpleData name="NUM_DOC">03629315</SimpleData>
					<SimpleData name="DESC_LIC">G.R.PIURA-420010-AACH-ATDRCH</SimpleData>
					<SimpleData name="PAR_AR_BR">1.41</SimpleData>
					<SimpleData name="RES_ADM">124-2006-G.R.PIURA-420010-AACH-ATDRCH</SimpleData>
					<SimpleData name="TOMA">LAS CAPILLAS</SimpleData>
				</SchemaData>
			</ExtendedData>
			<Polygon>
				<outerBoundaryIs>
					<LinearRing>
						<coordinates>
							-80.72321909125,-4.891191393218382,0 -80.7237685752508,-4.891117435222974,0 -80.72377218076451,-4.891122864620905,0 -80.72378476897509,-4.891218763195527,0 -80.72379645416402,-4.891317375368174,0 -80.7238090427459,-4.891412369287105,0 -80.72382794592073,-4.891504651808189,0 -80.72385226103201,-4.891596031874464,0 -80.72387657614914,-4.891687411939978,0 -80.72391622477862,-4.891776988928884,0 -80.72395046148409,-4.891867468370883,0 -80.72398740398279,-4.891957948911283,0 -80.72401622767394,-4.892052044770967,0 -80.72405227118554,-4.892135287701156,0 -80.7240774893704,-4.89222395416193,0 -80.72409729598921,-4.892312618422803,0 -80.72411168738586,-4.892410327034944,0 -80.72412247289708,-4.892503510905444,0 -80.72413235502,-4.89260031302944,0 -80.72414494329793,-4.892696211597547,0 -80.72415933470658,-4.892793920208449,0 -80.72418004364361,-4.892881680178361,0 -80.7241827128981,-4.892972146784247,0 -80.72356070969462,-4.893052408090489,0 -80.72329891601569,-4.891626383962766,0 -80.72321909125,-4.891191393218382,0 -80.72321909125,-4.891191393218382,0
						</coordinates>
					</LinearRing>
				</outerBoundaryIs>
			</Polygon>
		</Placemark>
		<Placemark>
			<name>31794</name>
			<visibility>0</visibility>
			<ExtendedData>
				<SchemaData schemaUrl="#S_BLOQUE_LAS_CAPILLAS">
					<SimpleData name="AREA_HA">0.2822</SimpleData>
					<SimpleData name="NOM_LOC">JIBITO</SimpleData>
					<SimpleData name="NOM_PRE">CAPILLA ALTA</SimpleData>
					<SimpleData name="NOM_BLO">LAS CAPILLAS</SimpleData>
					<SimpleData name="CODCAT">31794</SimpleData>
					<SimpleData name="USUARIO">CALDERON CHERO, RAUL</SimpleData>
					<SimpleData name="AP_PAT_USU">CALDERON</SimpleData>
					<SimpleData name="AP_MAT_USU">CHERO</SimpleData>
					<SimpleData name="NOM_USU">RAUL</SimpleData>
					<SimpleData name="TIPODOC">DNI</SimpleData>
					<SimpleData name="NUM_DOC">03629079</SimpleData>
					<SimpleData name="DESC_LIC">G.R.PIURA-420010-AACH-ATDRCH</SimpleData>
					<SimpleData name="PAR_AR_BR">0.28</SimpleData>
					<SimpleData name="RES_ADM">124-2006-G.R.PIURA-420010-AACH-ATDRCH</SimpleData>
					<SimpleData name="TOMA">LAS CAPILLAS</SimpleData>
				</SchemaData>
			</ExtendedData>
			<Polygon>
				<outerBoundaryIs>
					<LinearRing>
						<coordinates>
							-80.72279813060003,-4.8917128456693,0 -80.7227168707077,-4.89125903747108,0 -80.72321909125,-4.891191393218382,0 -80.72329891601569,-4.891626383962766,0 -80.72279813060003,-4.8917128456693,0 -80.72279813060003,-4.8917128456693,0
						</coordinates>
					</LinearRing>
				</outerBoundaryIs>
			</Polygon>
		</Placemark>
		<Placemark>
			<name>31796</name>
			<visibility>0</visibility>
			<ExtendedData>
				<SchemaData schemaUrl="#S_BLOQUE_LAS_CAPILLAS">
					<SimpleData name="AREA_HA">0.9064</SimpleData>
					<SimpleData name="NOM_LOC">JIBITO</SimpleData>
					<SimpleData name="NOM_PRE">CAPILLA ALTA</SimpleData>
					<SimpleData name="NOM_BLO">LAS CAPILLAS</SimpleData>
					<SimpleData name="CODCAT">31796</SimpleData>
					<SimpleData name="USUARIO">CALDERON CHERO, RAUL</SimpleData>
					<SimpleData name="AP_PAT_USU">CALDERON</SimpleData>
					<SimpleData name="AP_MAT_USU">CHERO</SimpleData>
					<SimpleData name="NOM_USU">RAUL</SimpleData>
					<SimpleData name="TIPODOC">DNI</SimpleData>
					<SimpleData name="NUM_DOC">03629079</SimpleData>
					<SimpleData name="DESC_LIC">G.R.PIURA-420010-AACH-ATDRCH</SimpleData>
					<SimpleData name="PAR_AR_BR">0.91</SimpleData>
					<SimpleData name="RES_ADM">124-2006-G.R.PIURA-420010-AACH-ATDRCH</SimpleData>
					<SimpleData name="TOMA">LAS CAPILLAS</SimpleData>
				</SchemaData>
			</ExtendedData>
			<Polygon>
				<outerBoundaryIs>
					<LinearRing>
						<coordinates>
							-80.72279813060003,-4.8917128456693,0 -80.72329891601569,-4.891626383962766,0 -80.72356070969462,-4.893052408090489,0 -80.72304973975355,-4.893118330104356,0 -80.72304973975355,-4.893118330104356,0 -80.72279813060003,-4.8917128456693,0
						</coordinates>
					</LinearRing>
				</outerBoundaryIs>
			</Polygon>
		</Placemark>
		<Placemark>
			<name>31792</name>
			<visibility>0</visibility>
			<ExtendedData>
				<SchemaData schemaUrl="#S_BLOQUE_LAS_CAPILLAS">
					<SimpleData name="AREA_HA">1.8598</SimpleData>
					<SimpleData name="NOM_LOC">JIBITO</SimpleData>
					<SimpleData name="NOM_PRE">CAPILLA ALTA</SimpleData>
					<SimpleData name="NOM_BLO">LAS CAPILLAS</SimpleData>
					<SimpleData name="CODCAT">31792</SimpleData>
					<SimpleData name="USUARIO">CHERO YARLEQUE, JOSE DANIEL</SimpleData>
					<SimpleData name="AP_PAT_USU">CHERO</SimpleData>
					<SimpleData name="AP_MAT_USU">YARLEQUE</SimpleData>
					<SimpleData name="NOM_USU">JOSE DANIEL</SimpleData>
					<SimpleData name="TIPODOC">DNI</SimpleData>
					<SimpleData name="NUM_DOC">03629679</SimpleData>
					<SimpleData name="DESC_LIC">G.R.PIURA-420010-AACH-ATDRCH</SimpleData>
					<SimpleData name="PAR_AR_BR">1.86</SimpleData>
					<SimpleData name="RES_ADM">124-2006-G.R.PIURA-420010-AACH-ATDRCH</SimpleData>
					<SimpleData name="TOMA">LAS CAPILLAS</SimpleData>
				</SchemaData>
			</ExtendedData>
			<Polygon>
				<outerBoundaryIs>
					<LinearRing>
						<coordinates>
							-80.7219213264198,-4.891368175414903,0 -80.7227168707077,-4.89125903747108,0 -80.72279813060003,-4.8917128456693,0 -80.72304973975355,-4.893118330104356,0 -80.7222565410617,-4.893220684362484,0 -80.7222565410617,-4.893220684362484,0 -80.7219213264198,-4.891368175414903,0
						</coordinates>
					</LinearRing>
				</outerBoundaryIs>
			</Polygon>
		</Placemark>
		<Placemark>
			<name>31746</name>
			<visibility>0</visibility>
			<ExtendedData>
				<SchemaData schemaUrl="#S_BLOQUE_LAS_CAPILLAS">
					<SimpleData name="AREA_HA">2.2919</SimpleData>
					<SimpleData name="NOM_LOC">JIBITO</SimpleData>
					<SimpleData name="NOM_PRE">CAPILLA ALTA</SimpleData>
					<SimpleData name="NOM_BLO">LAS CAPILLAS</SimpleData>
					<SimpleData name="CODCAT">31746</SimpleData>
					<SimpleData name="USUARIO">SALCEDO JIMENEZ, JUAN</SimpleData>
					<SimpleData name="AP_PAT_USU">SALCEDO</SimpleData>
					<SimpleData name="AP_MAT_USU">JIMENEZ</SimpleData>
					<SimpleData name="NOM_USU">JUAN</SimpleData>
					<SimpleData name="TIPODOC">DNI</SimpleData>
					<SimpleData name="NUM_DOC">03585142</SimpleData>
					<SimpleData name="DESC_LIC">G.R.PIURA-420010-AACH-ATDRCH</SimpleData>
					<SimpleData name="PAR_AR_BR">2</SimpleData>
					<SimpleData name="RES_ADM">124-2006-G.R.PIURA-420010-AACH-ATDRCH</SimpleData>
					<SimpleData name="TOMA">LAS CAPILLAS</SimpleData>
				</SchemaData>
			</ExtendedData>
			<Polygon>
				<outerBoundaryIs>
					<LinearRing>
						<coordinates>
							-80.72095963634479,-4.891503117270513,0 -80.7219213264198,-4.891368175414903,0 -80.7222565410617,-4.893220684362484,0 -80.72125155790688,-4.893350271301324,0 -80.72125155790688,-4.893350271301324,0 -80.72095963634479,-4.891503117270513,0
						</coordinates>
					</LinearRing>
				</outerBoundaryIs>
			</Polygon>
		</Placemark>
		<Placemark>
			<name>31764</name>
			<visibility>0</visibility>
			<ExtendedData>
				<SchemaData schemaUrl="#S_BLOQUE_LAS_CAPILLAS">
					<SimpleData name="AREA_HA">3.4578</SimpleData>
					<SimpleData name="NOM_LOC">JIBITO</SimpleData>
					<SimpleData name="NOM_PRE">CAPILLA ALTA</SimpleData>
					<SimpleData name="NOM_BLO">LAS CAPILLAS</SimpleData>
					<SimpleData name="CODCAT">31764</SimpleData>
					<SimpleData name="USUARIO">YAKSETIG GUZMAN DE BEL, NEDDA GIGLIORA</SimpleData>
					<SimpleData name="AP_PAT_USU">YAKSETIG</SimpleData>
					<SimpleData name="AP_MAT_USU">GUZMAN DE BEL</SimpleData>
					<SimpleData name="NOM_USU">NEDDA GIGLIORA</SimpleData>
					<SimpleData name="TIPODOC">DNI</SimpleData>
					<SimpleData name="NUM_DOC">03640934</SimpleData>
					<SimpleData name="DESC_LIC">G.R.PIURA-420010-DRA.P-AACH-S.ATDRCH</SimpleData>
					<SimpleData name="PAR_AR_BR">3.46</SimpleData>
					<SimpleData name="RES_ADM">517-2005-G.R.PIURA-420010-DRA.P-AACH-S.ATDRCH</SimpleData>
					<SimpleData name="TOMA">LAS CAPILLAS</SimpleData>
				</SchemaData>
			</ExtendedData>
			<Polygon>
				<outerBoundaryIs>
					<LinearRing>
						<coordinates>
							-80.71935262411915,-4.893595283432967,0 -80.71934815686313,-4.893492150935266,0 -80.71934278619032,-4.893392636682927,0 -80.71934282449294,-4.893299457251096,0 -80.7193365522632,-4.893199037970646,0 -80.71933208352134,-4.893099524090609,0 -80.71933302747087,-4.89299729848417,0 -80.71933306800275,-4.892898691123174,0 -80.71933130430401,-4.892800987670684,0 -80.71934487265149,-4.892705099867467,0 -80.71935029946866,-4.89266801126254,0 -80.71938821430724,-4.892585703346777,0 -80.71944236347878,-4.89250430679334,0 -80.71951995274497,-4.892447345602076,0 -80.71959213117063,-4.892388572856086,0 -80.71966250758392,-4.892325276082802,0 -80.71974190066805,-4.892268315608225,0 -80.71981137772482,-4.892198685861957,0 -80.71987905091105,-4.892129055363171,0 -80.71995573817016,-4.892072093743989,0 -80.72001800050289,-4.892000651687378,0 -80.72008296526893,-4.89193735263266,0 -80.72015063877153,-4.891866817447948,0 -80.72021650469877,-4.891805328059946,0 -80.72028417854462,-4.891733888205114,0 -80.72035004703945,-4.891666066218667,0 -80.72042042219593,-4.891605483320349,0 -80.72046733353,-4.891578362987509,0 -80.72048808045193,-4.891572038944361,0 -80.72051694360964,-4.891568432206492,0 -80.72055843597136,-4.891559402735661,0 -80.72060353493154,-4.891553088711278,0 -80.72095963634479,-4.891503117270513,0 -80.72125155790688,-4.893350271301324,0 -80.72125155790688,-4.893350271301324,0 -80.71935262411915,-4.893595283432967,0
						</coordinates>
					</LinearRing>
				</outerBoundaryIs>
			</Polygon>
		</Placemark>
		<Placemark>
			<name>31791</name>
			<visibility>0</visibility>
			<ExtendedData>
				<SchemaData schemaUrl="#S_BLOQUE_LAS_CAPILLAS">
					<SimpleData name="AREA_HA">2.9867</SimpleData>
					<SimpleData name="NOM_LOC">JIBITO</SimpleData>
					<SimpleData name="NOM_PRE">CAPILLA ALTA</SimpleData>
					<SimpleData name="NOM_BLO">LAS CAPILLAS</SimpleData>
					<SimpleData name="CODCAT">31791</SimpleData>
					<SimpleData name="USUARIO">PEDRERA ALBURQUEQUE, JOSE ALFREDO</SimpleData>
					<SimpleData name="AP_PAT_USU">PEDRERA</SimpleData>
					<SimpleData name="AP_MAT_USU">ALBURQUEQUE</SimpleData>
					<SimpleData name="NOM_USU">JOSE ALFREDO</SimpleData>
					<SimpleData name="TIPODOC">DNI</SimpleData>
					<SimpleData name="NUM_DOC">03643136</SimpleData>
					<SimpleData name="DESC_LIC">G.R.PIURA-420010-AACH-ATDRCH</SimpleData>
					<SimpleData name="PAR_AR_BR">2.99</SimpleData>
					<SimpleData name="RES_ADM">124-2006-G.R.PIURA-420010-AACH-ATDRCH</SimpleData>
					<SimpleData name="TOMA">LAS CAPILLAS</SimpleData>
				</SchemaData>
			</ExtendedData>
			<Polygon>
				<outerBoundaryIs>
					<LinearRing>
						<coordinates>
							-80.72155162165646,-4.894255411322039,0 -80.72148560464579,-4.893360318588527,0 -80.72419352290106,-4.893004718763841,0 -80.72420430806321,-4.893098807287593,0 -80.72419975859327,-4.893197412857083,0 -80.72419971913651,-4.893295115603396,0 -80.72419787435724,-4.893396436236719,0 -80.72419783380248,-4.893496852947585,0 -80.72419508782104,-4.89359636390364,0 -80.72419234110717,-4.893697684169458,0 -80.72418869173012,-4.89380081337851,0 -80.72418686996407,-4.89384514074255,0 -80.72418415174802,-4.893875897914399,0 -80.72418143828199,-4.893894894570707,0 -80.72417873029707,-4.893900321401352,0 -80.72417241495424,-4.893904842110879,0 -80.72416790420387,-4.893907554243318,0 -80.72416339345342,-4.893910266375736,0 -80.72415798040672,-4.893913882796599,0 -80.72415076459463,-4.893914784519176,0 -80.72414354768615,-4.893918400206784,0 -80.72413362571605,-4.893920205484513,0 -80.72155162165646,-4.894255411322039,0 -80.72155162165646,-4.894255411322039,0
						</coordinates>
					</LinearRing>
				</outerBoundaryIs>
			</Polygon>
		</Placemark>
		<Placemark>
			<name>31799</name>
			<visibility>0</visibility>
			<ExtendedData>
				<SchemaData schemaUrl="#S_BLOQUE_LAS_CAPILLAS">
					<SimpleData name="AREA_HA">1.6232</SimpleData>
					<SimpleData name="NOM_LOC">JIBITO</SimpleData>
					<SimpleData name="NOM_PRE">CAPILLA ALTA</SimpleData>
					<SimpleData name="NOM_BLO">LAS CAPILLAS</SimpleData>
					<SimpleData name="CODCAT">31799</SimpleData>
					<SimpleData name="USUARIO">YAKSETIG GUZMAN DE BEL, NEDDA GIGLIORA</SimpleData>
					<SimpleData name="AP_PAT_USU">YAKSETIG</SimpleData>
					<SimpleData name="AP_MAT_USU">GUZMAN DE BEL</SimpleData>
					<SimpleData name="NOM_USU">NEDDA GIGLIORA</SimpleData>
					<SimpleData name="TIPODOC">DNI</SimpleData>
					<SimpleData name="NUM_DOC">03640934</SimpleData>
					<SimpleData name="DESC_LIC">G.R.PIURA-420010-DRA.P-AACH-S.ATDRCH</SimpleData>
					<SimpleData name="PAR_AR_BR">1.62</SimpleData>
					<SimpleData name="RES_ADM">517-2005-G.R.PIURA-420010-DRA.P-AACH-S.ATDRCH</SimpleData>
					<SimpleData name="TOMA">LAS CAPILLAS</SimpleData>
				</SchemaData>
			</ExtendedData>
			<Polygon>
				<outerBoundaryIs>
					<LinearRing>
						<coordinates>
							-80.72002457977906,-4.893552228019273,0 -80.72002457977906,-4.893552228019273,0 -80.72148560464579,-4.893360318588527,0 -80.72155162165646,-4.894255411322039,0 -80.72009203915827,-4.894444336015629,0 -80.72002457977906,-4.893552228019273,0 -80.72002457977906,-4.893552228019273,0
						</coordinates>
					</LinearRing>
				</outerBoundaryIs>
			</Polygon>
		</Placemark>
		<Placemark>
			<name>31751</name>
			<visibility>0</visibility>
			<ExtendedData>
				<SchemaData schemaUrl="#S_BLOQUE_LAS_CAPILLAS">
					<SimpleData name="AREA_HA">1.8983</SimpleData>
					<SimpleData name="NOM_LOC">JIBITO</SimpleData>
					<SimpleData name="NOM_PRE">CAPILLA ALTA</SimpleData>
					<SimpleData name="NOM_BLO">LAS CAPILLAS</SimpleData>
					<SimpleData name="CODCAT">31751</SimpleData>
					<SimpleData name="USUARIO">RETO VIERA, ALFONSO</SimpleData>
					<SimpleData name="AP_PAT_USU">RETO</SimpleData>
					<SimpleData name="AP_MAT_USU">VIERA</SimpleData>
					<SimpleData name="NOM_USU">ALFONSO</SimpleData>
					<SimpleData name="TIPODOC">DNI</SimpleData>
					<SimpleData name="NUM_DOC">03656403</SimpleData>
					<SimpleData name="DESC_LIC"></SimpleData>
					<SimpleData name="PAR_AR_BR">1.89</SimpleData>
					<SimpleData name="RES_ADM"></SimpleData>
					<SimpleData name="TOMA">LAS CAPILLAS</SimpleData>
				</SchemaData>
			</ExtendedData>
			<Polygon>
				<outerBoundaryIs>
					<LinearRing>
						<coordinates>
							-80.72409662754428,-4.893967232515162,0 -80.72411195927293,-4.893969952712949,0 -80.72412819293262,-4.893972673276943,0 -80.72414532888888,-4.893974489552133,0 -80.72416066025252,-4.893978114403832,0 -80.72417508895454,-4.893983548198746,0 -80.72418590883687,-4.893991694492406,0 -80.72419221943014,-4.893998934298301,0 -80.72420123143164,-4.894017031064126,0 -80.72424237972756,-4.894860186409408,0 -80.72256550239702,-4.89509444180473,0 -80.7225145551983,-4.89417737215617,0 -80.7225145551983,-4.89417737215617,0 -80.7225145551983,-4.89417737215617,0 -80.72409662754428,-4.893967232515162,0
						</coordinates>
					</LinearRing>
				</outerBoundaryIs>
			</Polygon>
		</Placemark>
		<Placemark>
			<name>31798</name>
			<visibility>0</visibility>
			<ExtendedData>
				<SchemaData schemaUrl="#S_BLOQUE_LAS_CAPILLAS">
					<SimpleData name="AREA_HA">1.0926</SimpleData>
					<SimpleData name="NOM_LOC">JIBITO</SimpleData>
					<SimpleData name="NOM_PRE">CAPILLA ALTA</SimpleData>
					<SimpleData name="NOM_BLO">LAS CAPILLAS</SimpleData>
					<SimpleData name="CODCAT">31798</SimpleData>
					<SimpleData name="USUARIO">RETO VIERA, ALFONSO</SimpleData>
					<SimpleData name="AP_PAT_USU">RETO</SimpleData>
					<SimpleData name="AP_MAT_USU">VIERA</SimpleData>
					<SimpleData name="NOM_USU">ALFONSO</SimpleData>
					<SimpleData name="TIPODOC">DNI</SimpleData>
					<SimpleData name="NUM_DOC">03656403</SimpleData>
					<SimpleData name="DESC_LIC"></SimpleData>
					<SimpleData name="PAR_AR_BR">1.09</SimpleData>
					<SimpleData name="RES_ADM"></SimpleData>
					<SimpleData name="TOMA">LAS CAPILLAS</SimpleData>
				</SchemaData>
			</ExtendedData>
			<Polygon>
				<outerBoundaryIs>
					<LinearRing>
						<coordinates>
							-80.7225145551983,-4.89417737215617,0 -80.72256550239702,-4.89509444180473,0 -80.72160317590493,-4.895228841220208,0 -80.72156386825363,-4.894303634457364,0 -80.72156386825363,-4.894303634457364,0 -80.7225145551983,-4.89417737215617,0
						</coordinates>
					</LinearRing>
				</outerBoundaryIs>
			</Polygon>
		</Placemark>
		<Placemark>
			<name>31760</name>
			<visibility>0</visibility>
			<ExtendedData>
				<SchemaData schemaUrl="#S_BLOQUE_LAS_CAPILLAS">
					<SimpleData name="AREA_HA">3.1862</SimpleData>
					<SimpleData name="NOM_LOC">JIBITO</SimpleData>
					<SimpleData name="NOM_PRE">CAPILLA ALTA</SimpleData>
					<SimpleData name="NOM_BLO">LAS CAPILLAS</SimpleData>
					<SimpleData name="CODCAT">31760</SimpleData>
					<SimpleData name="USUARIO">YAKSETIG GUZMAN DE BEL, NEDDA GIGLIORA</SimpleData>
					<SimpleData name="AP_PAT_USU">YAKSETIG</SimpleData>
					<SimpleData name="AP_MAT_USU">GUZMAN DE BEL</SimpleData>
					<SimpleData name="NOM_USU">NEDDA GIGLIORA</SimpleData>
					<SimpleData name="TIPODOC">DNI</SimpleData>
					<SimpleData name="NUM_DOC">03640934</SimpleData>
					<SimpleData name="DESC_LIC">G.R.PIURA-420010-DRA.P-AACH-S.ATDRCH</SimpleData>
					<SimpleData name="PAR_AR_BR">3.19</SimpleData>
					<SimpleData name="RES_ADM">517-2005-G.R.PIURA-420010-DRA.P-AACH-S.ATDRCH</SimpleData>
					<SimpleData name="TOMA">LAS CAPILLAS</SimpleData>
				</SchemaData>
			</ExtendedData>
			<Polygon>
				<outerBoundaryIs>
					<LinearRing>
						<coordinates>
							-80.71941225613925,-4.895534887992293,0 -80.71835603333903,-4.89567919502054,0 -80.71839664345832,-4.89562312329044,0 -80.71845710317928,-4.895549871357162,0 -80.71851665871556,-4.895482046970534,0 -80.71857891891777,-4.895416937664008,0 -80.71864388602383,-4.895349115509456,0 -80.71870614769293,-4.895280387571114,0 -80.71877201931451,-4.895206233194276,0 -80.71884240356314,-4.895124843442257,0 -80.71891819715084,-4.895048883851441,0 -80.71898136106822,-4.894979251602734,0 -80.7190553503879,-4.894904195901599,0 -80.71911761755776,-4.894821898099966,0 -80.71917086428007,-4.894742310522058,0 -80.71920427110283,-4.894656382144664,0 -80.71936844605746,-4.894599456819151,0 -80.72156386825363,-4.894303634457364,0 -80.72160317590493,-4.895228841220208,0 -80.72160317590493,-4.895228841220208,0 -80.71941225613925,-4.895534887992293,0
						</coordinates>
					</LinearRing>
				</outerBoundaryIs>
			</Polygon>
		</Placemark>
		<Placemark>
			<name>31783</name>
			<visibility>0</visibility>
			<ExtendedData>
				<SchemaData schemaUrl="#S_BLOQUE_LAS_CAPILLAS">
					<SimpleData name="AREA_HA">1.0337</SimpleData>
					<SimpleData name="NOM_LOC">JIBITO</SimpleData>
					<SimpleData name="NOM_PRE">CAPILLA ALTA</SimpleData>
					<SimpleData name="NOM_BLO">LAS CAPILLAS</SimpleData>
					<SimpleData name="CODCAT">31783</SimpleData>
					<SimpleData name="USUARIO">VIERA NAVARRO DE RETO, JUANA</SimpleData>
					<SimpleData name="AP_PAT_USU">VIERA</SimpleData>
					<SimpleData name="AP_MAT_USU">NAVARRO DE RETO</SimpleData>
					<SimpleData name="NOM_USU">JUANA</SimpleData>
					<SimpleData name="TIPODOC">DNI</SimpleData>
					<SimpleData name="NUM_DOC">03598044</SimpleData>
					<SimpleData name="DESC_LIC"></SimpleData>
					<SimpleData name="PAR_AR_BR">1.03</SimpleData>
					<SimpleData name="RES_ADM"></SimpleData>
					<SimpleData name="TOMA">LAS CAPILLAS</SimpleData>
				</SchemaData>
			</ExtendedData>
			<Polygon>
				<outerBoundaryIs>
					<LinearRing>
						<coordinates>
							-80.72343975524528,-4.895960915484157,0 -80.72328030022041,-4.895054114680171,0 -80.72424506031085,-4.894922608705121,0 -80.72427008932847,-4.895479886453808,0 -80.7242709517961,-4.895577589560594,0 -80.72427001185851,-4.895671673314041,0 -80.72426548720956,-4.895708762336255,0 -80.72427445245778,-4.895842654941058,0 -80.72427354760083,-4.895849891814439,0 -80.72343975524528,-4.895960915484157,0 -80.72343975524528,-4.895960915484157,0
						</coordinates>
					</LinearRing>
				</outerBoundaryIs>
			</Polygon>
		</Placemark>
		<Placemark>
			<name>31776</name>
			<visibility>0</visibility>
			<ExtendedData>
				<SchemaData schemaUrl="#S_BLOQUE_LAS_CAPILLAS">
					<SimpleData name="AREA_HA">1.0339</SimpleData>
					<SimpleData name="NOM_LOC">JIBITO</SimpleData>
					<SimpleData name="NOM_PRE">CAPILLA ALTA</SimpleData>
					<SimpleData name="NOM_BLO">LAS CAPILLAS</SimpleData>
					<SimpleData name="CODCAT">31776</SimpleData>
					<SimpleData name="USUARIO">AREVALO AGUIRRE, JOSE ALBERTO</SimpleData>
					<SimpleData name="AP_PAT_USU">AREVALO</SimpleData>
					<SimpleData name="AP_MAT_USU">AGUIRRE</SimpleData>
					<SimpleData name="NOM_USU">JOSE ALBERTO</SimpleData>
					<SimpleData name="TIPODOC">DNI</SimpleData>
					<SimpleData name="NUM_DOC">03900978</SimpleData>
					<SimpleData name="DESC_LIC">G.R.PIURA-420010-AACH-ATDRCH</SimpleData>
					<SimpleData name="PAR_AR_BR">1</SimpleData>
					<SimpleData name="RES_ADM">124-2006-G.R.PIURA-420010-AACH-ATDRCH</SimpleData>
					<SimpleData name="TOMA">LAS CAPILLAS</SimpleData>
				</SchemaData>
			</ExtendedData>
			<Polygon>
				<outerBoundaryIs>
					<LinearRing>
						<coordinates>
							-80.72146875844642,-4.895301158446095,0 -80.72161127178539,-4.895281585926091,0 -80.72237416871073,-4.895177591805375,0 -80.72255067112759,-4.896079333658642,0 -80.72163957836341,-4.89620072696389,0 -80.72146875844642,-4.895301158446095,0 -80.72146875844642,-4.895301158446095,0
						</coordinates>
					</LinearRing>
				</outerBoundaryIs>
			</Polygon>
		</Placemark>
		<Placemark>
			<name>31775</name>
			<visibility>0</visibility>
			<ExtendedData>
				<SchemaData schemaUrl="#S_BLOQUE_LAS_CAPILLAS">
					<SimpleData name="AREA_HA">1.0469</SimpleData>
					<SimpleData name="NOM_LOC">JIBITO</SimpleData>
					<SimpleData name="NOM_PRE">CAPILLA ALTA</SimpleData>
					<SimpleData name="NOM_BLO">LAS CAPILLAS</SimpleData>
					<SimpleData name="CODCAT">31775</SimpleData>
					<SimpleData name="USUARIO">YAKSETIG GUZMAN DE BEL, NEDDA GIGLIORA</SimpleData>
					<SimpleData name="AP_PAT_USU">YAKSETIG</SimpleData>
					<SimpleData name="AP_MAT_USU">GUZMAN DE BEL</SimpleData>
					<SimpleData name="NOM_USU">NEDDA GIGLIORA</SimpleData>
					<SimpleData name="TIPODOC">DNI</SimpleData>
					<SimpleData name="NUM_DOC">03640934</SimpleData>
					<SimpleData name="DESC_LIC">G.R.PIURA-420010-DRA.P-AACH-S.ATDRCH</SimpleData>
					<SimpleData name="PAR_AR_BR">1.05</SimpleData>
					<SimpleData name="RES_ADM">517-2005-G.R.PIURA-420010-DRA.P-AACH-S.ATDRCH</SimpleData>
					<SimpleData name="TOMA">LAS CAPILLAS</SimpleData>
				</SchemaData>
			</ExtendedData>
			<Polygon>
				<outerBoundaryIs>
					<LinearRing>
						<coordinates>
							-80.72146875844642,-4.895301158446095,0 -80.72163957836341,-4.89620072696389,0 -80.72071603798761,-4.896323742263058,0 -80.72054675124805,-4.895427430970731,0 -80.72146875844642,-4.895301158446095,0 -80.72146875844642,-4.895301158446095,0
						</coordinates>
					</LinearRing>
				</outerBoundaryIs>
			</Polygon>
		</Placemark>
		<Placemark>
			<name>31763</name>
			<visibility>0</visibility>
			<ExtendedData>
				<SchemaData schemaUrl="#S_BLOQUE_LAS_CAPILLAS">
					<SimpleData name="AREA_HA">1.0034</SimpleData>
					<SimpleData name="NOM_LOC">JIBITO</SimpleData>
					<SimpleData name="NOM_PRE">CAPILLA ALTA</SimpleData>
					<SimpleData name="NOM_BLO">LAS CAPILLAS</SimpleData>
					<SimpleData name="CODCAT">31763</SimpleData>
					<SimpleData name="USUARIO">CORNEJO RISCO, CRECENCIO</SimpleData>
					<SimpleData name="AP_PAT_USU">CORNEJO</SimpleData>
					<SimpleData name="AP_MAT_USU">RISCO</SimpleData>
					<SimpleData name="NOM_USU">CRECENCIO</SimpleData>
					<SimpleData name="TIPODOC">DNI</SimpleData>
					<SimpleData name="NUM_DOC">03578388</SimpleData>
					<SimpleData name="DESC_LIC"></SimpleData>
					<SimpleData name="PAR_AR_BR">1</SimpleData>
					<SimpleData name="RES_ADM"></SimpleData>
					<SimpleData name="TOMA">LAS CAPILLAS</SimpleData>
				</SchemaData>
			</ExtendedData>
			<Polygon>
				<outerBoundaryIs>
					<LinearRing>
						<coordinates>
							-80.72054675124805,-4.895427430970731,0 -80.72071603798761,-4.896323742263058,0 -80.71982289418952,-4.896442697878875,0 -80.71966479207583,-4.895547657569209,0 -80.72054675124805,-4.895427430970731,0 -80.72054675124805,-4.895427430970731,0
						</coordinates>
					</LinearRing>
				</outerBoundaryIs>
			</Polygon>
		</Placemark>
		<Placemark>
			<name>31759</name>
			<visibility>0</visibility>
			<ExtendedData>
				<SchemaData schemaUrl="#S_BLOQUE_LAS_CAPILLAS">
					<SimpleData name="AREA_HA">0.992</SimpleData>
					<SimpleData name="NOM_LOC">JIBITO</SimpleData>
					<SimpleData name="NOM_PRE">CAPILLA ALTA</SimpleData>
					<SimpleData name="NOM_BLO">LAS CAPILLAS</SimpleData>
					<SimpleData name="CODCAT">31759</SimpleData>
					<SimpleData name="USUARIO">DE LA CRUZ ARCELES, EDUARDO</SimpleData>
					<SimpleData name="AP_PAT_USU">DE LA CRUZ</SimpleData>
					<SimpleData name="AP_MAT_USU">ARCELES</SimpleData>
					<SimpleData name="NOM_USU">EDUARDO</SimpleData>
					<SimpleData name="TIPODOC">DNI</SimpleData>
					<SimpleData name="NUM_DOC">03582461</SimpleData>
					<SimpleData name="DESC_LIC">G.R.PIURA-420010-AACH-ATDRCH</SimpleData>
					<SimpleData name="PAR_AR_BR">0.99</SimpleData>
					<SimpleData name="RES_ADM">124-2006-G.R.PIURA-420010-AACH-ATDRCH</SimpleData>
					<SimpleData name="TOMA">LAS CAPILLAS</SimpleData>
				</SchemaData>
			</ExtendedData>
			<Polygon>
				<outerBoundaryIs>
					<LinearRing>
						<coordinates>
							-80.71966479207583,-4.895547657569209,0 -80.71982289418952,-4.896442697878875,0 -80.71895816262823,-4.896557864508909,0 -80.71876821996423,-4.895671224150995,0 -80.71966479207583,-4.895547657569209,0 -80.71966479207583,-4.895547657569209,0
						</coordinates>
					</LinearRing>
				</outerBoundaryIs>
			</Polygon>
		</Placemark>
		<Placemark>
			<name>31744</name>
			<visibility>0</visibility>
			<ExtendedData>
				<SchemaData schemaUrl="#S_BLOQUE_LAS_CAPILLAS">
					<SimpleData name="AREA_HA">1.0746</SimpleData>
					<SimpleData name="NOM_LOC">JIBITO</SimpleData>
					<SimpleData name="NOM_PRE">CAPILLA ALTA</SimpleData>
					<SimpleData name="NOM_BLO">LAS CAPILLAS</SimpleData>
					<SimpleData name="CODCAT">31744</SimpleData>
					<SimpleData name="USUARIO">YAKSETIG GUZMAN DE BEL, NEDDA GIGLIORA</SimpleData>
					<SimpleData name="AP_PAT_USU">YAKSETIG</SimpleData>
					<SimpleData name="AP_MAT_USU">GUZMAN DE BEL</SimpleData>
					<SimpleData name="NOM_USU">NEDDA GIGLIORA</SimpleData>
					<SimpleData name="TIPODOC">DNI</SimpleData>
					<SimpleData name="NUM_DOC">03640934</SimpleData>
					<SimpleData name="DESC_LIC">G.R.PIURA-420010-DRA.P-AACH-S.ATDRCH</SimpleData>
					<SimpleData name="PAR_AR_BR">1.07</SimpleData>
					<SimpleData name="RES_ADM">517-2005-G.R.PIURA-420010-DRA.P-AACH-S.ATDRCH</SimpleData>
					<SimpleData name="TOMA">LAS CAPILLAS</SimpleData>
				</SchemaData>
			</ExtendedData>
			<Polygon>
				<outerBoundaryIs>
					<LinearRing>
						<coordinates>
							-80.71819145830435,-4.895830475392389,0 -80.71830829902665,-4.895732640290468,0 -80.71876821996423,-4.895671224150995,0 -80.71895816262823,-4.896557864508909,0 -80.71795271543493,-4.896706081853126,0 -80.71781118097736,-4.895884506098818,0 -80.71781118097736,-4.895884506098818,0 -80.71819145830435,-4.895830475392389,0
						</coordinates>
					</LinearRing>
				</outerBoundaryIs>
			</Polygon>
		</Placemark>
		<Placemark>
			<name>31784</name>
			<visibility>0</visibility>
			<ExtendedData>
				<SchemaData schemaUrl="#S_BLOQUE_LAS_CAPILLAS">
					<SimpleData name="AREA_HA">1.9909</SimpleData>
					<SimpleData name="NOM_LOC">JIBITO</SimpleData>
					<SimpleData name="NOM_PRE">CAPILLA ALTA</SimpleData>
					<SimpleData name="NOM_BLO">LAS CAPILLAS</SimpleData>
					<SimpleData name="CODCAT">31784</SimpleData>
					<SimpleData name="USUARIO">VIERA NAVARRO DE RETO, JUANA</SimpleData>
					<SimpleData name="AP_PAT_USU">VIERA</SimpleData>
					<SimpleData name="AP_MAT_USU">NAVARRO DE RETO</SimpleData>
					<SimpleData name="NOM_USU">JUANA</SimpleData>
					<SimpleData name="TIPODOC">DNI</SimpleData>
					<SimpleData name="NUM_DOC">03598044</SimpleData>
					<SimpleData name="DESC_LIC"></SimpleData>
					<SimpleData name="PAR_AR_BR">1.99</SimpleData>
					<SimpleData name="RES_ADM"></SimpleData>
					<SimpleData name="TOMA">LAS CAPILLAS</SimpleData>
				</SchemaData>
			</ExtendedData>
			<Polygon>
				<outerBoundaryIs>
					<LinearRing>
						<coordinates>
							-80.72378374203329,-4.897770003916655,0 -80.72345091983001,-4.896008776288856,0 -80.72429607803137,-4.895894229072404,0 -80.72431590156793,-4.895941279195222,0 -80.72435916186376,-4.896021811080223,0 -80.72439069301207,-4.896112289404635,0 -80.72442222051561,-4.896211814277757,0 -80.72444563500412,-4.896300479992628,0 -80.72446273157628,-4.896399999002421,0 -80.72447171330042,-4.896493182129975,0 -80.72448430057275,-4.896591794652463,0 -80.72450410515053,-4.896685886830133,0 -80.7245257154284,-4.896775456464861,0 -80.72454461917661,-4.896866834310211,0 -80.72456532241756,-4.896969068747388,0 -80.72457880981814,-4.897072204909159,0 -80.72458959178142,-4.897174435316978,0 -80.72459947473264,-4.897269428118422,0 -80.72461025962134,-4.897364421285834,0 -80.72462194827345,-4.89745489154428,0 -80.72463273243667,-4.897551694021094,0 -80.72463900619272,-4.897650303976635,0 -80.72463990630315,-4.897654827617677,0 -80.72378374203329,-4.897770003916655,0 -80.72378374203329,-4.897770003916655,0
						</coordinates>
					</LinearRing>
				</outerBoundaryIs>
			</Polygon>
		</Placemark>
		<Placemark>
			<name>31777</name>
			<visibility>0</visibility>
			<ExtendedData>
				<SchemaData schemaUrl="#S_BLOQUE_LAS_CAPILLAS">
					<SimpleData name="AREA_HA">2.0598</SimpleData>
					<SimpleData name="NOM_LOC">JIBITO</SimpleData>
					<SimpleData name="NOM_PRE">CAPILLA ALTA</SimpleData>
					<SimpleData name="NOM_BLO">LAS CAPILLAS</SimpleData>
					<SimpleData name="CODCAT">31777</SimpleData>
					<SimpleData name="USUARIO">AREVALO AGUIRRE, JOSE ALBERTO</SimpleData>
					<SimpleData name="AP_PAT_USU">AREVALO</SimpleData>
					<SimpleData name="AP_MAT_USU">AGUIRRE</SimpleData>
					<SimpleData name="NOM_USU">JOSE ALBERTO</SimpleData>
					<SimpleData name="TIPODOC">DNI</SimpleData>
					<SimpleData name="NUM_DOC">03900978</SimpleData>
					<SimpleData name="DESC_LIC">G.R.PIURA-420010-AACH-ATDRCH</SimpleData>
					<SimpleData name="PAR_AR_BR">2.06</SimpleData>
					<SimpleData name="RES_ADM">124-2006-G.R.PIURA-420010-AACH-ATDRCH</SimpleData>
					<SimpleData name="TOMA">LAS CAPILLAS</SimpleData>
				</SchemaData>
			</ExtendedData>
			<Polygon>
				<outerBoundaryIs>
					<LinearRing>
						<coordinates>
							-80.72164469768818,-4.896253922774627,0 -80.72255849739189,-4.896129907074219,0 -80.72289709040263,-4.897889328058662,0 -80.72195785277,-4.898015685755248,0 -80.72164469768818,-4.896253922774627,0 -80.72164469768818,-4.896253922774627,0
						</coordinates>
					</LinearRing>
				</outerBoundaryIs>
			</Polygon>
		</Placemark>
		<Placemark>
			<name>31774</name>
			<visibility>0</visibility>
			<ExtendedData>
				<SchemaData schemaUrl="#S_BLOQUE_LAS_CAPILLAS">
					<SimpleData name="AREA_HA">2.107</SimpleData>
					<SimpleData name="NOM_LOC">JIBITO</SimpleData>
					<SimpleData name="NOM_PRE">CAPILLA BAJA</SimpleData>
					<SimpleData name="NOM_BLO">LAS CAPILLAS</SimpleData>
					<SimpleData name="CODCAT">31774</SimpleData>
					<SimpleData name="USUARIO">CORREA CURAY, ADALBERTO FIDEL</SimpleData>
					<SimpleData name="AP_PAT_USU">CORREA</SimpleData>
					<SimpleData name="AP_MAT_USU">CURAY</SimpleData>
					<SimpleData name="NOM_USU">ADALBERTO FIDEL</SimpleData>
					<SimpleData name="TIPODOC">DNI</SimpleData>
					<SimpleData name="NUM_DOC">03566324</SimpleData>
					<SimpleData name="DESC_LIC">G.R.PIURA-420010-AACH-ATDRCH</SimpleData>
					<SimpleData name="PAR_AR_BR">2.11</SimpleData>
					<SimpleData name="RES_ADM">124-2006-G.R.PIURA-420010-AACH-ATDRCH</SimpleData>
					<SimpleData name="TOMA">LAS CAPILLAS</SimpleData>
				</SchemaData>
			</ExtendedData>
			<Polygon>
				<outerBoundaryIs>
					<LinearRing>
						<coordinates>
							-80.72099804960207,-4.898144747614928,0 -80.72070780691502,-4.896381093991744,0 -80.72164469768818,-4.896253922774627,0 -80.72195785277,-4.898015685755248,0 -80.72195785277,-4.898015685755248,0 -80.72099804960207,-4.898144747614928,0
						</coordinates>
					</LinearRing>
				</outerBoundaryIs>
			</Polygon>
		</Placemark>
		<Placemark>
			<name>31766</name>
			<visibility>0</visibility>
			<ExtendedData>
				<SchemaData schemaUrl="#S_BLOQUE_LAS_CAPILLAS">
					<SimpleData name="AREA_HA">1.8867</SimpleData>
					<SimpleData name="NOM_LOC">JIBITO</SimpleData>
					<SimpleData name="NOM_PRE">CAPILLA ALTA</SimpleData>
					<SimpleData name="NOM_BLO">LAS CAPILLAS</SimpleData>
					<SimpleData name="CODCAT">31766</SimpleData>
					<SimpleData name="USUARIO">CORNEJO RISCO, CRECENCIO</SimpleData>
					<SimpleData name="AP_PAT_USU">CORNEJO</SimpleData>
					<SimpleData name="AP_MAT_USU">RISCO</SimpleData>
					<SimpleData name="NOM_USU">CRECENCIO</SimpleData>
					<SimpleData name="TIPODOC">DNI</SimpleData>
					<SimpleData name="NUM_DOC">03578388</SimpleData>
					<SimpleData name="DESC_LIC"></SimpleData>
					<SimpleData name="PAR_AR_BR">1.89</SimpleData>
					<SimpleData name="RES_ADM"></SimpleData>
					<SimpleData name="TOMA">LAS CAPILLAS</SimpleData>
				</SchemaData>
			</ExtendedData>
			<Polygon>
				<outerBoundaryIs>
					<LinearRing>
						<coordinates>
							-80.72016750074887,-4.898256492065281,0 -80.71998012880952,-4.897254690485009,0 -80.71983883527803,-4.89649906445708,0 -80.72070780691502,-4.896381093991744,0 -80.72099804960207,-4.898144747614928,0 -80.72099804960207,-4.898144747614928,0 -80.72016750074887,-4.898256492065281,0
						</coordinates>
					</LinearRing>
				</outerBoundaryIs>
			</Polygon>
		</Placemark>
		<Placemark>
			<name>31749</name>
			<visibility>0</visibility>
			<ExtendedData>
				<SchemaData schemaUrl="#S_BLOQUE_LAS_CAPILLAS">
					<SimpleData name="AREA_HA">2.2267</SimpleData>
					<SimpleData name="NOM_LOC">JIBITO</SimpleData>
					<SimpleData name="NOM_PRE">CAPILLA ALTA</SimpleData>
					<SimpleData name="NOM_BLO">LAS CAPILLAS</SimpleData>
					<SimpleData name="CODCAT">31749</SimpleData>
					<SimpleData name="USUARIO">YAKSETIG GUZMAN DE BEL, NEDDA GIGLIORA</SimpleData>
					<SimpleData name="AP_PAT_USU">YAKSETIG</SimpleData>
					<SimpleData name="AP_MAT_USU">GUZMAN DE BEL</SimpleData>
					<SimpleData name="NOM_USU">NEDDA GIGLIORA</SimpleData>
					<SimpleData name="TIPODOC">DNI</SimpleData>
					<SimpleData name="NUM_DOC">03640934</SimpleData>
					<SimpleData name="DESC_LIC">G.R.PIURA-420010-DRA.P-AACH-S.ATDRCH</SimpleData>
					<SimpleData name="PAR_AR_BR">2.23</SimpleData>
					<SimpleData name="RES_ADM">517-2005-G.R.PIURA-420010-DRA.P-AACH-S.ATDRCH</SimpleData>
					<SimpleData name="TOMA">LAS CAPILLAS</SimpleData>
				</SchemaData>
			</ExtendedData>
			<Polygon>
				<outerBoundaryIs>
					<LinearRing>
						<coordinates>
							-80.7182722439795,-4.898517876044282,0 -80.71802229442092,-4.897046080000163,0 -80.71797460797541,-4.896765255371312,0 -80.71897888326227,-4.896615770997073,0 -80.71910772656084,-4.89737763410997,0 -80.71927669897413,-4.898376352413747,0 -80.71927669897413,-4.898376352413747,0 -80.7182722439795,-4.898517876044282,0
						</coordinates>
					</LinearRing>
				</outerBoundaryIs>
			</Polygon>
		</Placemark>
		<Placemark>
			<name>31738</name>
			<visibility>0</visibility>
			<ExtendedData>
				<SchemaData schemaUrl="#S_BLOQUE_LAS_CAPILLAS">
					<SimpleData name="AREA_HA">2.1836</SimpleData>
					<SimpleData name="NOM_LOC">JIBITO</SimpleData>
					<SimpleData name="NOM_PRE">CAPILLA ALTA</SimpleData>
					<SimpleData name="NOM_BLO">LAS CAPILLAS</SimpleData>
					<SimpleData name="CODCAT">31738</SimpleData>
					<SimpleData name="USUARIO">REQUENA JIMENEZ, FELIX LUCIANO</SimpleData>
					<SimpleData name="AP_PAT_USU">REQUENA</SimpleData>
					<SimpleData name="AP_MAT_USU">JIMENEZ</SimpleData>
					<SimpleData name="NOM_USU">FELIX LUCIANO</SimpleData>
					<SimpleData name="TIPODOC">DNI</SimpleData>
					<SimpleData name="NUM_DOC">03629746</SimpleData>
					<SimpleData name="DESC_LIC"></SimpleData>
					<SimpleData name="PAR_AR_BR">2.18</SimpleData>
					<SimpleData name="RES_ADM"></SimpleData>
					<SimpleData name="TOMA">LAS CAPILLAS</SimpleData>
				</SchemaData>
			</ExtendedData>
			<Polygon>
				<outerBoundaryIs>
					<LinearRing>
						<coordinates>
							-80.71686062617782,-4.897206533965597,0 -80.71802229442092,-4.897046080000163,0 -80.7182722439795,-4.898517876044282,0 -80.71708188937249,-4.898683746247534,0 -80.71686062617782,-4.897206533965597,0 -80.71686062617782,-4.897206533965597,0
						</coordinates>
					</LinearRing>
				</outerBoundaryIs>
			</Polygon>
		</Placemark>
		<Placemark>
			<name>31773</name>
			<visibility>0</visibility>
			<ExtendedData>
				<SchemaData schemaUrl="#S_BLOQUE_LAS_CAPILLAS">
					<SimpleData name="AREA_HA">2.0089</SimpleData>
					<SimpleData name="NOM_LOC">JIBITO</SimpleData>
					<SimpleData name="NOM_PRE">CAPILLA ALTA</SimpleData>
					<SimpleData name="NOM_BLO">LAS CAPILLAS</SimpleData>
					<SimpleData name="CODCAT">31773</SimpleData>
					<SimpleData name="USUARIO">AREVALO CORNEJO, VENTURA</SimpleData>
					<SimpleData name="AP_PAT_USU">AREVALO</SimpleData>
					<SimpleData name="AP_MAT_USU">CORNEJO</SimpleData>
					<SimpleData name="NOM_USU">VENTURA</SimpleData>
					<SimpleData name="TIPODOC">DNI</SimpleData>
					<SimpleData name="NUM_DOC">03566204</SimpleData>
					<SimpleData name="DESC_LIC"></SimpleData>
					<SimpleData name="PAR_AR_BR">2.01</SimpleData>
					<SimpleData name="RES_ADM"></SimpleData>
					<SimpleData name="TOMA">LAS CAPILLAS</SimpleData>
				</SchemaData>
			</ExtendedData>
			<Polygon>
				<outerBoundaryIs>
					<LinearRing>
						<coordinates>
							-80.72113887010143,-4.900060954910805,0 -80.72099169119365,-4.899136337143155,0 -80.72084244349726,-4.898198691459679,0 -80.72171799968102,-4.898084883927161,0 -80.72197654181231,-4.899960520485649,0 -80.72197654181231,-4.899960520485649,0 -80.72113887010143,-4.900060954910805,0
						</coordinates>
					</LinearRing>
				</outerBoundaryIs>
			</Polygon>
		</Placemark>
		<Placemark>
			<name>31737</name>
			<visibility>0</visibility>
			<ExtendedData>
				<SchemaData schemaUrl="#S_BLOQUE_LAS_CAPILLAS">
					<SimpleData name="AREA_HA">0.9759</SimpleData>
					<SimpleData name="NOM_LOC">JIBITO</SimpleData>
					<SimpleData name="NOM_PRE">CAPILLA ALTA</SimpleData>
					<SimpleData name="NOM_BLO">LAS CAPILLAS</SimpleData>
					<SimpleData name="CODCAT">31737</SimpleData>
					<SimpleData name="USUARIO">REQUENA JIMENEZ, FELIX LUCIANO</SimpleData>
					<SimpleData name="AP_PAT_USU">REQUENA</SimpleData>
					<SimpleData name="AP_MAT_USU">JIMENEZ</SimpleData>
					<SimpleData name="NOM_USU">FELIX LUCIANO</SimpleData>
					<SimpleData name="TIPODOC">DNI</SimpleData>
					<SimpleData name="NUM_DOC">03629746</SimpleData>
					<SimpleData name="DESC_LIC"></SimpleData>
					<SimpleData name="PAR_AR_BR">0.98</SimpleData>
					<SimpleData name="RES_ADM"></SimpleData>
					<SimpleData name="TOMA">LAS CAPILLAS</SimpleData>
				</SchemaData>
			</ExtendedData>
			<Polygon>
				<outerBoundaryIs>
					<LinearRing>
						<coordinates>
							-80.71715099521353,-4.899076485611964,0 -80.71708881762072,-4.898723915799678,0 -80.71872520938942,-4.898486853554864,0 -80.718728227714,-4.899041227169838,0 -80.71867717224232,-4.899055318594286,0 -80.71858291150788,-4.899075362798842,0 -80.71853465397858,-4.899084751169703,0 -80.71848973391498,-4.899093417199456,0 -80.71845564068414,-4.899093403039084,0 -80.71836246846668,-4.899098430397593,0 -80.71833333510651,-4.899100318066473,0 -80.71819787466424,-4.899074750502528,0 -80.7181412314702,-4.899078436034447,0 -80.71805083584709,-4.899130416076678,0 -80.71798490561203,-4.899127041426079,0 -80.71791509955492,-4.899117603970402,0 -80.71781976713984,-4.899111864964631,0 -80.71775626562426,-4.899124232291994,0 -80.71771712607662,-4.899113269672462,0 -80.71765255811749,-4.899087279192973,0 -80.71758770755542,-4.899090328000559,0 -80.71751364913791,-4.899112913502288,0 -80.71746720120505,-4.899108461335013,0 -80.71737240763639,-4.899108331348372,0 -80.71727825461437,-4.89908603757984,0 -80.71715099521353,-4.899076485611964,0 -80.71715099521353,-4.899076485611964,0
						</coordinates>
					</LinearRing>
				</outerBoundaryIs>
			</Polygon>
		</Placemark>
		<Placemark>
			<name>31733</name>
			<visibility>0</visibility>
			<ExtendedData>
				<SchemaData schemaUrl="#S_BLOQUE_LAS_CAPILLAS">
					<SimpleData name="AREA_HA">1.1738</SimpleData>
					<SimpleData name="NOM_LOC">JIBITO</SimpleData>
					<SimpleData name="NOM_PRE">CAPILLA ALTA</SimpleData>
					<SimpleData name="NOM_BLO">LAS CAPILLAS</SimpleData>
					<SimpleData name="CODCAT">31733</SimpleData>
					<SimpleData name="USUARIO">ALVARADO LOPEZ, MARIO</SimpleData>
					<SimpleData name="AP_PAT_USU">ALVARADO</SimpleData>
					<SimpleData name="AP_MAT_USU">LOPEZ</SimpleData>
					<SimpleData name="NOM_USU">MARIO</SimpleData>
					<SimpleData name="TIPODOC">DNI</SimpleData>
					<SimpleData name="NUM_DOC">03650960</SimpleData>
					<SimpleData name="DESC_LIC"></SimpleData>
					<SimpleData name="PAR_AR_BR">1.17</SimpleData>
					<SimpleData name="RES_ADM"></SimpleData>
					<SimpleData name="TOMA">LAS CAPILLAS</SimpleData>
				</SchemaData>
			</ExtendedData>
			<Polygon>
				<outerBoundaryIs>
					<LinearRing>
						<coordinates>
							-80.71743884219444,-4.893756241495706,0 -80.71759995411269,-4.894780558587513,0 -80.71651820581451,-4.894929194480366,0 -80.71651523113132,-4.89492512229168,0 -80.71649515563843,-4.894834648444705,0 -80.71648022491718,-4.89473513020172,0 -80.71646520272853,-4.894638687745719,0 -80.71645125996665,-4.894549211580741,0 -80.7164332626906,-4.8944496920549,0 -80.71643023540321,-4.894355154386208,0 -80.71643630002623,-4.894302958351893,0 -80.71650144866028,-4.894232603452307,0 -80.71658463172244,-4.894172297745419,0 -80.71665987402618,-4.894121035257064,0 -80.71674206031979,-4.894071856364226,0 -80.7168282159587,-4.894020598411604,0 -80.71691247543022,-4.89397440572179,0 -80.71700665612383,-4.893928217158756,0 -80.71710092283641,-4.893892070284062,0 -80.7172001480569,-4.893860991528234,0 -80.71729729886707,-4.893829821427373,0 -80.71738651766495,-4.893786616101076,0 -80.71743884219444,-4.893756241495706,0 -80.71743884219444,-4.893756241495706,0
						</coordinates>
					</LinearRing>
				</outerBoundaryIs>
			</Polygon>
		</Placemark>
		<Placemark>
			<name>31734</name>
			<visibility>0</visibility>
			<ExtendedData>
				<SchemaData schemaUrl="#S_BLOQUE_LAS_CAPILLAS">
					<SimpleData name="AREA_HA">1.9613</SimpleData>
					<SimpleData name="NOM_LOC">JIBITO</SimpleData>
					<SimpleData name="NOM_PRE">CAPILLA ALTA</SimpleData>
					<SimpleData name="NOM_BLO">LAS CAPILLAS</SimpleData>
					<SimpleData name="CODCAT">31734</SimpleData>
					<SimpleData name="USUARIO">ALVARADO LOPEZ, MARIO</SimpleData>
					<SimpleData name="AP_PAT_USU">ALVARADO</SimpleData>
					<SimpleData name="AP_MAT_USU">LOPEZ</SimpleData>
					<SimpleData name="NOM_USU">MARIO</SimpleData>
					<SimpleData name="TIPODOC">DNI</SimpleData>
					<SimpleData name="NUM_DOC">03650960</SimpleData>
					<SimpleData name="DESC_LIC">G.R.PIURA-420010-AACH-ATDRCH</SimpleData>
					<SimpleData name="PAR_AR_BR">1.96</SimpleData>
					<SimpleData name="RES_ADM">124-2006-G.R.PIURA-420010-AACH-ATDRCH</SimpleData>
					<SimpleData name="TOMA">LAS CAPILLAS</SimpleData>
				</SchemaData>
			</ExtendedData>
			<Polygon>
				<outerBoundaryIs>
					<LinearRing>
						<coordinates>
							-80.71562244648496,-4.897215243243576,0 -80.71563942408848,-4.897164318319478,0 -80.71567148300016,-4.897067805135313,0 -80.71569055152224,-4.896977347686661,0 -80.7157146725287,-4.896882911875671,0 -80.71574573804263,-4.896789383628963,0 -80.71576985778924,-4.896697933173835,0 -80.7158010138559,-4.896603500306609,0 -80.71581503193006,-4.896512045614689,0 -80.71581804769188,-4.896417510486064,0 -80.7158331510177,-4.896318999942761,0 -80.71584725968715,-4.896226550166887,0 -80.71586227322392,-4.896127044464329,0 -80.71587439680243,-4.896036584094993,0 -80.7158864322556,-4.895941148088376,0 -80.71587195321688,-4.895840092115527,0 -80.71587015108432,-4.895835929949815,0 -80.71610625181474,-4.895029619780242,0 -80.7164269871123,-4.895009580143892,0 -80.71674652817453,-4.897214356804054,0 -80.71562244648496,-4.897215243243576,0 -80.71562244648496,-4.897215243243576,0
						</coordinates>
					</LinearRing>
				</outerBoundaryIs>
			</Polygon>
		</Placemark>
		<Placemark>
			<name>31721</name>
			<visibility>0</visibility>
			<ExtendedData>
				<SchemaData schemaUrl="#S_BLOQUE_LAS_CAPILLAS">
					<SimpleData name="AREA_HA">3.5819</SimpleData>
					<SimpleData name="NOM_LOC">JIBITO</SimpleData>
					<SimpleData name="NOM_PRE">LA BOCANA</SimpleData>
					<SimpleData name="NOM_BLO">LAS CAPILLAS</SimpleData>
					<SimpleData name="CODCAT">31721</SimpleData>
					<SimpleData name="USUARIO">TALLEDO JUAREZ, MARTIN ALFREDO</SimpleData>
					<SimpleData name="AP_PAT_USU">TALLEDO</SimpleData>
					<SimpleData name="AP_MAT_USU">JUAREZ</SimpleData>
					<SimpleData name="NOM_USU">MARTIN ALFREDO</SimpleData>
					<SimpleData name="TIPODOC">DNI</SimpleData>
					<SimpleData name="NUM_DOC">03116015</SimpleData>
					<SimpleData name="DESC_LIC">G.R.PIURA-420010-AACH-ATDRCH</SimpleData>
					<SimpleData name="PAR_AR_BR">3.58</SimpleData>
					<SimpleData name="RES_ADM">124-2006-G.R.PIURA-420010-AACH-ATDRCH</SimpleData>
					<SimpleData name="TOMA">LAS CAPILLAS</SimpleData>
				</SchemaData>
			</ExtendedData>
			<Polygon>
				<outerBoundaryIs>
					<LinearRing>
						<coordinates>
							-80.71381474830059,-4.897527221566911,0 -80.71379232379785,-4.897446969264307,0 -80.71371721879824,-4.897384606870878,0 -80.71368216897442,-4.897300187823726,0 -80.71368320246052,-4.89720167140856,0 -80.71363110441979,-4.897121225637755,0 -80.71355699368802,-4.89705388805019,0 -80.71347981514113,-4.896989534517726,0 -80.71340065235428,-4.896925180138321,0 -80.71332753257809,-4.896860737840123,0 -80.71328247303572,-4.896772334063884,0 -80.71320032843462,-4.896721005423325,0 -80.71311403666387,-4.896665604074377,0 -80.71328969486193,-4.896328061404603,0 -80.71332083691644,-4.896267734131705,0 -80.71333482448335,-4.896249646959805,0 -80.71334682779676,-4.896231558948696,0 -80.71344308476827,-4.896182295975995,0 -80.71352725240544,-4.896141169769955,0 -80.71361349618761,-4.8960959734851,0 -80.71370569017186,-4.89605684088456,0 -80.71379589909682,-4.896019607206918,0 -80.71382395254759,-4.896011658088675,0 -80.71385407797679,-4.896009590096697,0 -80.71386904877167,-4.896012672238619,0 -80.7138780668479,-4.896015661403115,0 -80.713921171233,-4.896034767795843,0 -80.71401638921455,-4.896097138643989,0 -80.71410349531408,-4.896146388571405,0 -80.7141936700839,-4.896190664182623,0 -80.71427789419126,-4.896229961675962,0 -80.71429890631647,-4.896236936367986,0 -80.71430783564428,-4.896236487803001,0 -80.715573542052,-4.897262174294362,0 -80.71556216066118,-4.897302969434428,0 -80.71553406815902,-4.897404459874739,0 -80.71550300050745,-4.897502963704971,0 -80.71546787243976,-4.89760553677363,0 -80.71543175143917,-4.897710009197002,0 -80.7154005923168,-4.897811498341012,0 -80.71537150676754,-4.897915069058514,0 -80.715346389763,-4.89801855097493,0 -80.71532434140856,-4.898117058579263,0 -80.71529318557161,-4.898210586757785,0 -80.71525111928381,-4.898296963581199,0 -80.71523703650223,-4.898327082655833,0 -80.71522504029954,-4.898328163201226,0 -80.71520997547405,-4.898334127590709,0 -80.71381474830059,-4.897527221566911,0 -80.71381474830059,-4.897527221566911,0
						</coordinates>
					</LinearRing>
				</outerBoundaryIs>
			</Polygon>
		</Placemark>
		<Placemark>
			<name>31730</name>
			<visibility>0</visibility>
			<ExtendedData>
				<SchemaData schemaUrl="#S_BLOQUE_LAS_CAPILLAS">
					<SimpleData name="AREA_HA">0.5447</SimpleData>
					<SimpleData name="NOM_LOC">JIBITO</SimpleData>
					<SimpleData name="NOM_PRE">LA BOCANA</SimpleData>
					<SimpleData name="NOM_BLO">LAS CAPILLAS</SimpleData>
					<SimpleData name="CODCAT">31730</SimpleData>
					<SimpleData name="USUARIO">CORREA OLAYA, PEDRO</SimpleData>
					<SimpleData name="AP_PAT_USU">CORREA</SimpleData>
					<SimpleData name="AP_MAT_USU">OLAYA</SimpleData>
					<SimpleData name="NOM_USU">PEDRO</SimpleData>
					<SimpleData name="TIPODOC">DNI</SimpleData>
					<SimpleData name="NUM_DOC">03594356</SimpleData>
					<SimpleData name="DESC_LIC">G.R.PIURA-420010-AACH-ATDRCH</SimpleData>
					<SimpleData name="PAR_AR_BR">0.54</SimpleData>
					<SimpleData name="RES_ADM">124-2006-G.R.PIURA-420010-AACH-ATDRCH</SimpleData>
					<SimpleData name="TOMA">LAS CAPILLAS</SimpleData>
				</SchemaData>
			</ExtendedData>
			<Polygon>
				<outerBoundaryIs>
					<LinearRing>
						<coordinates>
							-80.71283902575813,-4.895621154785061,0 -80.71285003100671,-4.895617178966527,0 -80.71294430279369,-4.895569995925852,0 -80.71304046695124,-4.895526794150696,0 -80.71312571433366,-4.895491639166152,0 -80.71321492385817,-4.895471593572487,0 -80.71330611679222,-4.895453539044555,0 -80.71337016042811,-4.895438186992644,0 -80.71438341403302,-4.896029715652439,0 -80.71436409952575,-4.896061099023761,0 -80.71431896711701,-4.896146479383643,0 -80.71422173828017,-4.896147523999637,0 -80.71413959158923,-4.896101171071741,0 -80.71404941808635,-4.896053910095228,0 -80.71396826517663,-4.896003667552941,0 -80.71388115701907,-4.895959393207372,0 -80.71385590498873,-4.895954406953362,0 -80.7138350720498,-4.895950327217613,0 -80.71374179872848,-4.895982403078061,0 -80.71365465641564,-4.896019547578076,0 -80.71356544470007,-4.896044659289767,0 -80.71356544470007,-4.896044659289767,0 -80.71283902575813,-4.895621154785061,0
						</coordinates>
					</LinearRing>
				</outerBoundaryIs>
			</Polygon>
		</Placemark>
		<Placemark>
			<name>31713</name>
			<visibility>0</visibility>
			<ExtendedData>
				<SchemaData schemaUrl="#S_BLOQUE_LAS_CAPILLAS">
					<SimpleData name="AREA_HA">0.6489</SimpleData>
					<SimpleData name="NOM_LOC">JIBITO</SimpleData>
					<SimpleData name="NOM_PRE">LA BOCANA</SimpleData>
					<SimpleData name="NOM_BLO">LAS CAPILLAS</SimpleData>
					<SimpleData name="CODCAT">31713</SimpleData>
					<SimpleData name="USUARIO">TALLEDO JUAREZ, MARTIN ALFREDO</SimpleData>
					<SimpleData name="AP_PAT_USU">TALLEDO</SimpleData>
					<SimpleData name="AP_MAT_USU">JUAREZ</SimpleData>
					<SimpleData name="NOM_USU">MARTIN ALFREDO</SimpleData>
					<SimpleData name="TIPODOC">DNI</SimpleData>
					<SimpleData name="NUM_DOC">03116015</SimpleData>
					<SimpleData name="DESC_LIC">G.R.PIURA-420010-AACH-ATDRCH</SimpleData>
					<SimpleData name="PAR_AR_BR">0.64</SimpleData>
					<SimpleData name="RES_ADM">124-2006-G.R.PIURA-420010-AACH-ATDRCH</SimpleData>
					<SimpleData name="TOMA">LAS CAPILLAS</SimpleData>
				</SchemaData>
			</ExtendedData>
			<Polygon>
				<outerBoundaryIs>
					<LinearRing>
						<coordinates>
							-80.71248792538911,-4.901130349851906,0 -80.71238574029347,-4.901119269689978,0 -80.71229455928457,-4.901107199067276,0 -80.71220337491737,-4.901103089386661,0 -80.71210317111871,-4.901099066325476,0 -80.71200793269215,-4.901083918115809,0 -80.71191675253924,-4.901069857203675,0 -80.71182557284995,-4.901054710694728,0 -80.71173439699248,-4.901030517634892,0 -80.71164394372738,-4.90100388230479,0 -80.71199286280496,-4.900461419251714,0 -80.71207537987183,-4.90048587998873,0 -80.71217151633459,-4.900510075106559,0 -80.7122667551441,-4.900524137703886,0 -80.71236190116809,-4.900544351896306,0 -80.71245812998319,-4.900563480950206,0 -80.71254831665371,-4.900580617187735,0 -80.71264653016591,-4.900598751937757,0 -80.71273869604148,-4.900627920889471,0 -80.71282887724058,-4.900658084107114,0 -80.71288127608383,-4.900667152859144,0 -80.71254510618346,-4.901135530649277,0 -80.71254510618346,-4.901135530649277,0 -80.71248792538911,-4.901130349851906,0
						</coordinates>
					</LinearRing>
				</outerBoundaryIs>
			</Polygon>
		</Placemark>
		<Placemark>
			<name>31700</name>
			<visibility>0</visibility>
			<ExtendedData>
				<SchemaData schemaUrl="#S_BLOQUE_LAS_CAPILLAS">
					<SimpleData name="AREA_HA">1.1225</SimpleData>
					<SimpleData name="NOM_LOC">JIBITO</SimpleData>
					<SimpleData name="NOM_PRE">LA BOCANA</SimpleData>
					<SimpleData name="NOM_BLO">LAS CAPILLAS</SimpleData>
					<SimpleData name="CODCAT">31700</SimpleData>
					<SimpleData name="USUARIO">TALLEDO JUAREZ, MARTIN ALFREDO</SimpleData>
					<SimpleData name="AP_PAT_USU">TALLEDO</SimpleData>
					<SimpleData name="AP_MAT_USU">JUAREZ</SimpleData>
					<SimpleData name="NOM_USU">MARTIN ALFREDO</SimpleData>
					<SimpleData name="TIPODOC">DNI</SimpleData>
					<SimpleData name="NUM_DOC">03116015</SimpleData>
					<SimpleData name="DESC_LIC">G.R.PIURA-420010-AACH-ATDRCH</SimpleData>
					<SimpleData name="PAR_AR_BR">1.12</SimpleData>
					<SimpleData name="RES_ADM">124-2006-G.R.PIURA-420010-AACH-ATDRCH</SimpleData>
					<SimpleData name="TOMA">LAS CAPILLAS</SimpleData>
				</SchemaData>
			</ExtendedData>
			<Polygon>
				<outerBoundaryIs>
					<LinearRing>
						<coordinates>
							-80.7105532945625,-4.897874399924433,0 -80.71056615406198,-4.897964328025899,0 -80.71056313416472,-4.898066824036338,0 -80.71057409937281,-4.898157294120782,0 -80.71058109095908,-4.898259794406361,0 -80.71057500743582,-4.898355323271719,0 -80.71058200159558,-4.898451762376082,0 -80.71060198701389,-4.89854024607313,0 -80.71063099095279,-4.898630723859694,0 -80.71066702827342,-4.898725275591398,0 -80.71070009051894,-4.898816750227704,0 -80.71072314254494,-4.898905235231048,0 -80.71075611503421,-4.898995714707319,0 -80.71079017116074,-4.899083118821186,0 -80.71083621917926,-4.899179665056952,0 -80.71038298282576,-4.899847106101105,0 -80.70995559276543,-4.899121300336895,0 -80.70994135941197,-4.89908076574729,0 -80.70991136299811,-4.898991282630814,0 -80.70988524068287,-4.89891175236534,0 -80.7105532945625,-4.897874399924433,0 -80.7105532945625,-4.897874399924433,0
						</coordinates>
					</LinearRing>
				</outerBoundaryIs>
			</Polygon>
		</Placemark>
		<Placemark>
			<name>31692</name>
			<visibility>0</visibility>
			<ExtendedData>
				<SchemaData schemaUrl="#S_BLOQUE_LAS_CAPILLAS">
					<SimpleData name="AREA_HA">0.3172</SimpleData>
					<SimpleData name="NOM_LOC">JIBITO</SimpleData>
					<SimpleData name="NOM_PRE">LA BOCANA</SimpleData>
					<SimpleData name="NOM_BLO">LAS CAPILLAS</SimpleData>
					<SimpleData name="CODCAT">31692</SimpleData>
					<SimpleData name="USUARIO">TALLEDO JUAREZ, MARTIN ALFREDO</SimpleData>
					<SimpleData name="AP_PAT_USU">TALLEDO</SimpleData>
					<SimpleData name="AP_MAT_USU">JUAREZ</SimpleData>
					<SimpleData name="NOM_USU">MARTIN ALFREDO</SimpleData>
					<SimpleData name="TIPODOC">DNI</SimpleData>
					<SimpleData name="NUM_DOC">03116015</SimpleData>
					<SimpleData name="DESC_LIC">G.R.PIURA-420010-AACH-ATDRCH</SimpleData>
					<SimpleData name="PAR_AR_BR">0.32</SimpleData>
					<SimpleData name="RES_ADM">124-2006-G.R.PIURA-420010-AACH-ATDRCH</SimpleData>
					<SimpleData name="TOMA">LAS CAPILLAS</SimpleData>
				</SchemaData>
			</ExtendedData>
			<Polygon>
				<outerBoundaryIs>
					<LinearRing>
						<coordinates>
							-80.70880154632985,-4.8976861147522,0 -80.70881453805265,-4.897677073795457,0 -80.70889671631234,-4.897648974362796,0 -80.70898989990528,-4.897616808702741,0 -80.70908119112583,-4.897580661739617,0 -80.70916535705457,-4.897544511705851,0 -80.7092605128427,-4.897540572055165,0 -80.70925948171516,-4.897632032124624,0 -80.70925646374549,-4.897729552522701,0 -80.70925642304654,-4.897824993493707,0 -80.70925439889987,-4.897918533840276,0 -80.7092523705081,-4.898022025377776,0 -80.70925025489197,-4.898118551042396,0 -80.70924425624506,-4.898226111818282,0 -80.70924114980809,-4.898319561233768,0 -80.7092501232886,-4.898427128433016,0 -80.7092451210483,-4.898524647977036,0 -80.70922902503206,-4.898622072294789,0 -80.70880154632985,-4.8976861147522,0 -80.70880154632985,-4.8976861147522,0
						</coordinates>
					</LinearRing>
				</outerBoundaryIs>
			</Polygon>
		</Placemark>
		<Placemark>
			<name>31695</name>
			<visibility>0</visibility>
			<ExtendedData>
				<SchemaData schemaUrl="#S_BLOQUE_LAS_CAPILLAS">
					<SimpleData name="AREA_HA">1.0889</SimpleData>
					<SimpleData name="NOM_LOC">JIBITO</SimpleData>
					<SimpleData name="NOM_PRE">LA BOCANA</SimpleData>
					<SimpleData name="NOM_BLO">LAS CAPILLAS</SimpleData>
					<SimpleData name="CODCAT">31695</SimpleData>
					<SimpleData name="USUARIO">TALLEDO JUAREZ, MARTIN ALFREDO</SimpleData>
					<SimpleData name="AP_PAT_USU">TALLEDO</SimpleData>
					<SimpleData name="AP_MAT_USU">JUAREZ</SimpleData>
					<SimpleData name="NOM_USU">MARTIN ALFREDO</SimpleData>
					<SimpleData name="TIPODOC">DNI</SimpleData>
					<SimpleData name="NUM_DOC">03116015</SimpleData>
					<SimpleData name="DESC_LIC">G.R.PIURA-420010-AACH-ATDRCH</SimpleData>
					<SimpleData name="PAR_AR_BR">1.088</SimpleData>
					<SimpleData name="RES_ADM">124-2006-G.R.PIURA-420010-AACH-ATDRCH</SimpleData>
					<SimpleData name="TOMA">LAS CAPILLAS</SimpleData>
				</SchemaData>
			</ExtendedData>
			<Polygon>
				<outerBoundaryIs>
					<LinearRing>
						<coordinates>
							-80.70878461267827,-4.897632913827554,0 -80.7087304631419,-4.897500087367464,0 -80.70875950929417,-4.89749105331102,0 -80.70886270086523,-4.897467033853237,0 -80.70895191206117,-4.897443913029522,0 -80.70904410005954,-4.897419798352127,0 -80.70914332310103,-4.897395777146083,0 -80.70923352984104,-4.897364605290906,0 -80.70932879249547,-4.897321494159341,0 -80.7094219747529,-4.897292313792299,0 -80.70951524330401,-4.897272270453669,0 -80.70960642669152,-4.897277375588464,0 -80.70970059505251,-4.897262308205903,0 -80.70977881627059,-4.897207067345278,0 -80.70982890741239,-4.897127660171581,0 -80.70987007282193,-4.897040197752373,0 -80.70992927131616,-4.896965860529836,0 -80.71000839268373,-4.896914690966929,0 -80.71008958725646,-4.896866417173347,0 -80.71016879837131,-4.896816242747713,0 -80.71025801540257,-4.896779099606709,0 -80.71034722562378,-4.896757968826623,0 -80.71044238303197,-4.896749958058255,0 -80.71053961016308,-4.896753075404776,0 -80.71062880244867,-4.89677419192321,0 -80.71071293877004,-4.896807428636912,0 -80.71080519979225,-4.896823480379307,0 -80.71077790945334,-4.897583920936031,0 -80.70920849865311,-4.897476228846305,0 -80.70878461267827,-4.897632913827554,0 -80.70878461267827,-4.897632913827554,0
						</coordinates>
					</LinearRing>
				</outerBoundaryIs>
			</Polygon>
		</Placemark>
		<Placemark>
			<name>31696</name>
			<visibility>0</visibility>
			<ExtendedData>
				<SchemaData schemaUrl="#S_BLOQUE_LAS_CAPILLAS">
					<SimpleData name="AREA_HA">0.1557</SimpleData>
					<SimpleData name="NOM_LOC">JIBITO</SimpleData>
					<SimpleData name="NOM_PRE">LA BOCANA</SimpleData>
					<SimpleData name="NOM_BLO">LAS CAPILLAS</SimpleData>
					<SimpleData name="CODCAT">31696</SimpleData>
					<SimpleData name="USUARIO">TALLEDO JUAREZ, MARTIN ALFREDO</SimpleData>
					<SimpleData name="AP_PAT_USU">TALLEDO</SimpleData>
					<SimpleData name="AP_MAT_USU">JUAREZ</SimpleData>
					<SimpleData name="NOM_USU">MARTIN ALFREDO</SimpleData>
					<SimpleData name="TIPODOC">DNI</SimpleData>
					<SimpleData name="NUM_DOC">03116015</SimpleData>
					<SimpleData name="DESC_LIC">G.R.PIURA-420010-AACH-ATDRCH</SimpleData>
					<SimpleData name="PAR_AR_BR">0.16</SimpleData>
					<SimpleData name="RES_ADM">124-2006-G.R.PIURA-420010-AACH-ATDRCH</SimpleData>
					<SimpleData name="TOMA">LAS CAPILLAS</SimpleData>
				</SchemaData>
			</ExtendedData>
			<Polygon>
				<outerBoundaryIs>
					<LinearRing>
						<coordinates>
							-80.71089131781447,-4.896862779099145,0 -80.7112319847637,-4.897060410290257,0 -80.71085060665546,-4.897580966594659,0 -80.71085060665546,-4.897580966594659,0 -80.71089131781447,-4.896862779099145,0
						</coordinates>
					</LinearRing>
				</outerBoundaryIs>
			</Polygon>
		</Placemark>
		<Placemark>
			<name>31697</name>
			<visibility>0</visibility>
			<ExtendedData>
				<SchemaData schemaUrl="#S_BLOQUE_LAS_CAPILLAS">
					<SimpleData name="AREA_HA">0.8489</SimpleData>
					<SimpleData name="NOM_LOC">JIBITO</SimpleData>
					<SimpleData name="NOM_PRE">LA BOCANA</SimpleData>
					<SimpleData name="NOM_BLO">LAS CAPILLAS</SimpleData>
					<SimpleData name="CODCAT">31697</SimpleData>
					<SimpleData name="USUARIO">TALLEDO JUAREZ, MARTIN ALFREDO</SimpleData>
					<SimpleData name="AP_PAT_USU">TALLEDO</SimpleData>
					<SimpleData name="AP_MAT_USU">JUAREZ</SimpleData>
					<SimpleData name="NOM_USU">MARTIN ALFREDO</SimpleData>
					<SimpleData name="TIPODOC">DNI</SimpleData>
					<SimpleData name="NUM_DOC">03116015</SimpleData>
					<SimpleData name="DESC_LIC">G.R.PIURA-420010-AACH-ATDRCH</SimpleData>
					<SimpleData name="PAR_AR_BR">0.85</SimpleData>
					<SimpleData name="RES_ADM">124-2006-G.R.PIURA-420010-AACH-ATDRCH</SimpleData>
					<SimpleData name="TOMA">LAS CAPILLAS</SimpleData>
				</SchemaData>
			</ExtendedData>
			<Polygon>
				<outerBoundaryIs>
					<LinearRing>
						<coordinates>
							-80.71143434670748,-4.898201898537682,0 -80.71083506705911,-4.897855703399186,0 -80.71085060665546,-4.897580966594659,0 -80.7112319847637,-4.897060410290257,0 -80.71188365324022,-4.897437656958241,0 -80.71188365324022,-4.897437656958241,0 -80.71143434670748,-4.898201898537682,0
						</coordinates>
					</LinearRing>
				</outerBoundaryIs>
			</Polygon>
		</Placemark>
		<Placemark>
			<name>31698</name>
			<visibility>0</visibility>
			<ExtendedData>
				<SchemaData schemaUrl="#S_BLOQUE_LAS_CAPILLAS">
					<SimpleData name="AREA_HA">0.3493</SimpleData>
					<SimpleData name="NOM_LOC">JIBITO</SimpleData>
					<SimpleData name="NOM_PRE">LA BOCANA</SimpleData>
					<SimpleData name="NOM_BLO">LAS CAPILLAS</SimpleData>
					<SimpleData name="CODCAT">31698</SimpleData>
					<SimpleData name="USUARIO">TALLEDO JUAREZ, MARTIN ALFREDO</SimpleData>
					<SimpleData name="AP_PAT_USU">TALLEDO</SimpleData>
					<SimpleData name="AP_MAT_USU">JUAREZ</SimpleData>
					<SimpleData name="NOM_USU">MARTIN ALFREDO</SimpleData>
					<SimpleData name="TIPODOC">DNI</SimpleData>
					<SimpleData name="NUM_DOC">03116015</SimpleData>
					<SimpleData name="DESC_LIC">G.R.PIURA-420010-AACH-ATDRCH</SimpleData>
					<SimpleData name="PAR_AR_BR">0.35</SimpleData>
					<SimpleData name="RES_ADM">124-2006-G.R.PIURA-420010-AACH-ATDRCH</SimpleData>
					<SimpleData name="TOMA">LAS CAPILLAS</SimpleData>
				</SchemaData>
			</ExtendedData>
			<Polygon>
				<outerBoundaryIs>
					<LinearRing>
						<coordinates>
							-80.71108676293964,-4.898787875806969,0 -80.71080653264578,-4.898359402590482,0 -80.71083081127495,-4.897895054034276,0 -80.71140385064005,-4.898227034935565,0 -80.71108676293964,-4.898787875806969,0 -80.71108676293964,-4.898787875806969,0
						</coordinates>
					</LinearRing>
				</outerBoundaryIs>
			</Polygon>
		</Placemark>
		<Placemark>
			<name>31716</name>
			<visibility>0</visibility>
			<ExtendedData>
				<SchemaData schemaUrl="#S_BLOQUE_LAS_CAPILLAS">
					<SimpleData name="AREA_HA">0.8643</SimpleData>
					<SimpleData name="NOM_LOC">JIBITO</SimpleData>
					<SimpleData name="NOM_PRE">LA BOCANA</SimpleData>
					<SimpleData name="NOM_BLO">LAS CAPILLAS</SimpleData>
					<SimpleData name="CODCAT">31716</SimpleData>
					<SimpleData name="USUARIO">TALLEDO JUAREZ, MARTIN ALFREDO</SimpleData>
					<SimpleData name="AP_PAT_USU">TALLEDO</SimpleData>
					<SimpleData name="AP_MAT_USU">JUAREZ</SimpleData>
					<SimpleData name="NOM_USU">MARTIN ALFREDO</SimpleData>
					<SimpleData name="TIPODOC">DNI</SimpleData>
					<SimpleData name="NUM_DOC">03116015</SimpleData>
					<SimpleData name="DESC_LIC">G.R.PIURA-420010-AACH-ATDRCH</SimpleData>
					<SimpleData name="PAR_AR_BR">0.86</SimpleData>
					<SimpleData name="RES_ADM">124-2006-G.R.PIURA-420010-AACH-ATDRCH</SimpleData>
					<SimpleData name="TOMA">LAS CAPILLAS</SimpleData>
				</SchemaData>
			</ExtendedData>
			<Polygon>
				<outerBoundaryIs>
					<LinearRing>
						<coordinates>
							-80.71400412676644,-4.898668975200988,0 -80.71357862763122,-4.899445531631108,0 -80.71288295276005,-4.8990420328513,0 -80.71333198846423,-4.898276071296457,0 -80.71333198846423,-4.898276071296457,0 -80.71400412676644,-4.898668975200988,0
						</coordinates>
					</LinearRing>
				</outerBoundaryIs>
			</Polygon>
		</Placemark>
		<Placemark>
			<name>31715</name>
			<visibility>0</visibility>
			<ExtendedData>
				<SchemaData schemaUrl="#S_BLOQUE_LAS_CAPILLAS">
					<SimpleData name="AREA_HA">0.8663</SimpleData>
					<SimpleData name="NOM_LOC">JIBITO</SimpleData>
					<SimpleData name="NOM_PRE">LA BOCANA</SimpleData>
					<SimpleData name="NOM_BLO">LAS CAPILLAS</SimpleData>
					<SimpleData name="CODCAT">31715</SimpleData>
					<SimpleData name="USUARIO">TALLEDO JUAREZ, MARTIN ALFREDO</SimpleData>
					<SimpleData name="AP_PAT_USU">TALLEDO</SimpleData>
					<SimpleData name="AP_MAT_USU">JUAREZ</SimpleData>
					<SimpleData name="NOM_USU">MARTIN ALFREDO</SimpleData>
					<SimpleData name="TIPODOC">DNI</SimpleData>
					<SimpleData name="NUM_DOC">03116015</SimpleData>
					<SimpleData name="DESC_LIC">G.R.PIURA-420010-AACH-ATDRCH</SimpleData>
					<SimpleData name="PAR_AR_BR">0.86</SimpleData>
					<SimpleData name="RES_ADM">124-2006-G.R.PIURA-420010-AACH-ATDRCH</SimpleData>
					<SimpleData name="TOMA">LAS CAPILLAS</SimpleData>
				</SchemaData>
			</ExtendedData>
			<Polygon>
				<outerBoundaryIs>
					<LinearRing>
						<coordinates>
							-80.71355886007306,-4.899481528513043,0 -80.71315475226068,-4.90021901257828,0 -80.7124130012341,-4.899783830884498,0 -80.71285579245937,-4.89907051794944,0 -80.71285579245937,-4.89907051794944,0 -80.71355886007306,-4.899481528513043,0
						</coordinates>
					</LinearRing>
				</outerBoundaryIs>
			</Polygon>
		</Placemark>
		<Placemark>
			<name>31707</name>
			<visibility>0</visibility>
			<ExtendedData>
				<SchemaData schemaUrl="#S_BLOQUE_LAS_CAPILLAS">
					<SimpleData name="AREA_HA">2.6759</SimpleData>
					<SimpleData name="NOM_LOC">JIBITO</SimpleData>
					<SimpleData name="NOM_PRE">LA BOCANA</SimpleData>
					<SimpleData name="NOM_BLO">LAS CAPILLAS</SimpleData>
					<SimpleData name="CODCAT">31707</SimpleData>
					<SimpleData name="USUARIO">CORREA OLAYA, PEDRO</SimpleData>
					<SimpleData name="AP_PAT_USU">CORREA</SimpleData>
					<SimpleData name="AP_MAT_USU">OLAYA</SimpleData>
					<SimpleData name="NOM_USU">PEDRO</SimpleData>
					<SimpleData name="TIPODOC">DNI</SimpleData>
					<SimpleData name="NUM_DOC">03594356</SimpleData>
					<SimpleData name="DESC_LIC">G.R.PIURA-420010-AACH-ATDRCH</SimpleData>
					<SimpleData name="PAR_AR_BR">2.68</SimpleData>
					<SimpleData name="RES_ADM">124-2006-G.R.PIURA-420010-AACH-ATDRCH</SimpleData>
					<SimpleData name="TOMA">LAS CAPILLAS</SimpleData>
				</SchemaData>
			</ExtendedData>
			<Polygon>
				<outerBoundaryIs>
					<LinearRing>
						<coordinates>
							-80.71096662943475,-4.896862449352275,0 -80.71098252716122,-4.896806548508101,0 -80.71102170730587,-4.89672107539977,0 -80.7110607989331,-4.896631621772625,0 -80.71110989986337,-4.896547238470599,0 -80.71117811540596,-4.89647788056562,0 -80.71125326770058,-4.896427704274378,0 -80.71134447228812,-4.89638251040625,0 -80.71143575898169,-4.896356404762063,0 -80.71152289509327,-4.896334277817147,0 -80.71161408435242,-4.896325270069699,0 -80.71287649577856,-4.897026460557212,0 -80.71369489095719,-4.897503830875567,0 -80.71328988411385,-4.898237877078408,0 -80.71328988411385,-4.898237877078408,0 -80.71096662943475,-4.896862449352275,0
						</coordinates>
					</LinearRing>
				</outerBoundaryIs>
			</Polygon>
		</Placemark>
		<Placemark>
			<name>31732</name>
			<visibility>0</visibility>
			<ExtendedData>
				<SchemaData schemaUrl="#S_BLOQUE_LAS_CAPILLAS">
					<SimpleData name="AREA_HA">0.1398</SimpleData>
					<SimpleData name="NOM_LOC">JIBITO</SimpleData>
					<SimpleData name="NOM_PRE">CAPILLA ALTA</SimpleData>
					<SimpleData name="NOM_BLO">LAS CAPILLAS</SimpleData>
					<SimpleData name="CODCAT">31732</SimpleData>
					<SimpleData name="USUARIO">ALVARADO LOPEZ, MARIO</SimpleData>
					<SimpleData name="AP_PAT_USU">ALVARADO</SimpleData>
					<SimpleData name="AP_MAT_USU">LOPEZ</SimpleData>
					<SimpleData name="NOM_USU">MARIO</SimpleData>
					<SimpleData name="TIPODOC">DNI</SimpleData>
					<SimpleData name="NUM_DOC">03650960</SimpleData>
					<SimpleData name="DESC_LIC">G.R.PIURA-420010-AACH-ATDRCH</SimpleData>
					<SimpleData name="PAR_AR_BR">0.14</SimpleData>
					<SimpleData name="RES_ADM">124-2006-G.R.PIURA-420010-AACH-ATDRCH</SimpleData>
					<SimpleData name="TOMA">LAS CAPILLAS</SimpleData>
				</SchemaData>
			</ExtendedData>
			<Polygon>
				<outerBoundaryIs>
					<LinearRing>
						<coordinates>
							-80.71623024898285,-4.894423281718503,0 -80.71626885948517,-4.894404390587484,0 -80.71631099052387,-4.894378263689698,0 -80.71632803242952,-4.894389307601584,0 -80.7164250275227,-4.894950233985465,0 -80.71633176403401,-4.894959241536069,0 -80.71623056520048,-4.894964265273895,0 -80.71613035393776,-4.894980235729514,0 -80.71611673439384,-4.894981134684285,0 -80.71623024898285,-4.894423281718503,0 -80.71623024898285,-4.894423281718503,0
						</coordinates>
					</LinearRing>
				</outerBoundaryIs>
			</Polygon>
		</Placemark>
		<Placemark>
			<name>31694</name>
			<visibility>0</visibility>
			<ExtendedData>
				<SchemaData schemaUrl="#S_BLOQUE_LAS_CAPILLAS">
					<SimpleData name="AREA_HA">0.03</SimpleData>
					<SimpleData name="NOM_LOC">JIBITO</SimpleData>
					<SimpleData name="NOM_PRE">LA BOCANA</SimpleData>
					<SimpleData name="NOM_BLO">LAS CAPILLAS</SimpleData>
					<SimpleData name="CODCAT">31694</SimpleData>
					<SimpleData name="USUARIO">TALLEDO JUAREZ, MARTIN ALFREDO</SimpleData>
					<SimpleData name="AP_PAT_USU">TALLEDO</SimpleData>
					<SimpleData name="AP_MAT_USU">JUAREZ</SimpleData>
					<SimpleData name="NOM_USU">MARTIN ALFREDO</SimpleData>
					<SimpleData name="TIPODOC">DNI</SimpleData>
					<SimpleData name="NUM_DOC">03116015</SimpleData>
					<SimpleData name="DESC_LIC">G.R.PIURA-420010-AACH-ATDRCH</SimpleData>
					<SimpleData name="PAR_AR_BR">0.03</SimpleData>
					<SimpleData name="RES_ADM">124-2006-G.R.PIURA-420010-AACH-ATDRCH</SimpleData>
					<SimpleData name="TOMA">LAS CAPILLAS</SimpleData>
				</SchemaData>
			</ExtendedData>
			<Polygon>
				<outerBoundaryIs>
					<LinearRing>
						<coordinates>
							-80.71059812910578,-4.897854697612991,0 -80.71058526726091,-4.897770287900272,0 -80.71054861991583,-4.897625618071655,0 -80.71079483459299,-4.8976575669974,0 -80.71059812910578,-4.897854697612991,0 -80.71059812910578,-4.897854697612991,0
						</coordinates>
					</LinearRing>
				</outerBoundaryIs>
			</Polygon>
		</Placemark>
		<Placemark>
			<name>31699</name>
			<visibility>0</visibility>
			<ExtendedData>
				<SchemaData schemaUrl="#S_BLOQUE_LAS_CAPILLAS">
					<SimpleData name="AREA_HA">0.24</SimpleData>
					<SimpleData name="NOM_LOC">JIBITO</SimpleData>
					<SimpleData name="NOM_PRE">LA BOCANA</SimpleData>
					<SimpleData name="NOM_BLO">LAS CAPILLAS</SimpleData>
					<SimpleData name="CODCAT">31699</SimpleData>
					<SimpleData name="USUARIO">TALLEDO JUAREZ, MARTIN ALFREDO</SimpleData>
					<SimpleData name="AP_PAT_USU">TALLEDO</SimpleData>
					<SimpleData name="AP_MAT_USU">JUAREZ</SimpleData>
					<SimpleData name="NOM_USU">MARTIN ALFREDO</SimpleData>
					<SimpleData name="TIPODOC">DNI</SimpleData>
					<SimpleData name="NUM_DOC">03116015</SimpleData>
					<SimpleData name="DESC_LIC">G.R.PIURA-420010-AACH-ATDRCH</SimpleData>
					<SimpleData name="PAR_AR_BR">0.24</SimpleData>
					<SimpleData name="RES_ADM">124-2006-G.R.PIURA-420010-AACH-ATDRCH</SimpleData>
					<SimpleData name="TOMA">LAS CAPILLAS</SimpleData>
				</SchemaData>
			</ExtendedData>
			<Polygon>
				<outerBoundaryIs>
					<LinearRing>
						<coordinates>
							-80.71079483459299,-4.8976575669974,0 -80.71078369889355,-4.897756350467224,0 -80.71078266413349,-4.897856857089549,0 -80.71077766127952,-4.897956366898741,0 -80.71077157824986,-4.898050810183953,0 -80.71076756537099,-4.898155386477379,0 -80.71076346402337,-4.898255891789491,0 -80.71075945712739,-4.898346355481868,0 -80.71078548511497,-4.898435836873405,0 -80.7108384848309,-4.898516283233398,0 -80.71089662605507,-4.898595646198438,0 -80.71094971598988,-4.898676092589227,0 -80.71100280635895,-4.898755543857131,0 -80.71104281482803,-4.898844036083339,0 -80.71089273352652,-4.899054485057546,0 -80.71086534511831,-4.898982643842369,0 -80.7108363394081,-4.898896237006483,0 -80.7107973248212,-4.898803674250562,0 -80.71076128828432,-4.898707222751675,0 -80.7107332747656,-4.898620725870197,0 -80.71069218444899,-4.898531238046786,0 -80.71066922516451,-4.89843678236551,0 -80.71065122825985,-4.898338257859336,0 -80.7106432406942,-4.898244803688954,0 -80.71063723784867,-4.898150264780972,0 -80.7106222156126,-4.898055812487066,0 -80.71060827700768,-4.897958284831853,0 -80.71059812910578,-4.897854697612991,0 -80.71079483459299,-4.8976575669974,0 -80.71079483459299,-4.8976575669974,0
						</coordinates>
					</LinearRing>
				</outerBoundaryIs>
			</Polygon>
		</Placemark>
		<Placemark>
			<name>31693</name>
			<visibility>0</visibility>
			<ExtendedData>
				<SchemaData schemaUrl="#S_BLOQUE_LAS_CAPILLAS">
					<SimpleData name="AREA_HA">1.69</SimpleData>
					<SimpleData name="NOM_LOC">JIBITO</SimpleData>
					<SimpleData name="NOM_PRE">LA BOCANA</SimpleData>
					<SimpleData name="NOM_BLO">LAS CAPILLAS</SimpleData>
					<SimpleData name="CODCAT">31693</SimpleData>
					<SimpleData name="USUARIO">TALLEDO JUAREZ, MARTIN ALFREDO</SimpleData>
					<SimpleData name="AP_PAT_USU">TALLEDO</SimpleData>
					<SimpleData name="AP_MAT_USU">JUAREZ</SimpleData>
					<SimpleData name="NOM_USU">MARTIN ALFREDO</SimpleData>
					<SimpleData name="TIPODOC">DNI</SimpleData>
					<SimpleData name="NUM_DOC">03116015</SimpleData>
					<SimpleData name="DESC_LIC">G.R.PIURA-420010-AACH-ATDRCH</SimpleData>
					<SimpleData name="PAR_AR_BR">1.69</SimpleData>
					<SimpleData name="RES_ADM">124-2006-G.R.PIURA-420010-AACH-ATDRCH</SimpleData>
					<SimpleData name="TOMA">LAS CAPILLAS</SimpleData>
				</SchemaData>
			</ExtendedData>
			<Polygon>
				<outerBoundaryIs>
					<LinearRing>
						<coordinates>
							-80.70988524068287,-4.89891175236534,0 -80.7095225513827,-4.899171775439333,0 -80.70925370825134,-4.89869201263253,0 -80.70929158119822,-4.898500151790197,0 -80.70929593189884,-4.898238437281572,0 -80.70929608187529,-4.897886707903889,0 -80.70929649825547,-4.897544748899236,0 -80.70976214930464,-4.897586653014434,0 -80.71014681350148,-4.897612509803144,0 -80.71053157334951,-4.897625610791518,0 -80.71054481076584,-4.897887604249867,0 -80.7105532945625,-4.897874399924433,0 -80.7105532945625,-4.897874399924433,0 -80.70988524068287,-4.89891175236534,0
						</coordinates>
					</LinearRing>
				</outerBoundaryIs>
			</Polygon>
		</Placemark>
		<Placemark>
			<name>31587</name>
			<visibility>0</visibility>
			<ExtendedData>
				<SchemaData schemaUrl="#S_BLOQUE_LAS_CAPILLAS">
					<SimpleData name="AREA_HA">0.86</SimpleData>
					<SimpleData name="NOM_LOC">JIBITO</SimpleData>
					<SimpleData name="NOM_PRE">CAPILLA BAJA</SimpleData>
					<SimpleData name="NOM_BLO">LAS CAPILLAS</SimpleData>
					<SimpleData name="CODCAT">31587</SimpleData>
					<SimpleData name="USUARIO">SALCEDO JIMENEZ, JUAN</SimpleData>
					<SimpleData name="AP_PAT_USU">SALCEDO</SimpleData>
					<SimpleData name="AP_MAT_USU">JIMENEZ</SimpleData>
					<SimpleData name="NOM_USU">JUAN</SimpleData>
					<SimpleData name="TIPODOC">DNI</SimpleData>
					<SimpleData name="NUM_DOC">03585142</SimpleData>
					<SimpleData name="DESC_LIC">G.R.PIURA-420010-AACH-ATDRCH</SimpleData>
					<SimpleData name="PAR_AR_BR">0.5</SimpleData>
					<SimpleData name="RES_ADM">124-2006-G.R.PIURA-420010-AACH-ATDRCH</SimpleData>
					<SimpleData name="TOMA">LAS CAPILLAS</SimpleData>
				</SchemaData>
			</ExtendedData>
			<Polygon>
				<outerBoundaryIs>
					<LinearRing>
						<coordinates>
							-80.73272598076292,-4.889727215422514,0 -80.7326232523971,-4.889724641978058,0 -80.73100950743184,-4.886333354995863,0 -80.73105297132123,-4.88635553625641,0 -80.73113124215764,-4.886396095792041,0 -80.73118985197135,-4.886434476373173,0 -80.73126360895455,-4.886485889980925,0 -80.73134422030392,-4.886537939548181,0 -80.73237225637294,-4.888777368429196,0 -80.73280823650877,-4.889726976369397,0 -80.73280823650877,-4.889726976369397,0 -80.73272598076292,-4.889727215422514,0
						</coordinates>
					</LinearRing>
				</outerBoundaryIs>
			</Polygon>
		</Placemark>
		<Placemark>
			<name>31588</name>
			<visibility>0</visibility>
			<ExtendedData>
				<SchemaData schemaUrl="#S_BLOQUE_LAS_CAPILLAS">
					<SimpleData name="AREA_HA">0.65</SimpleData>
					<SimpleData name="NOM_LOC">JIBITO</SimpleData>
					<SimpleData name="NOM_PRE">CAPILLA BAJA</SimpleData>
					<SimpleData name="NOM_BLO">LAS CAPILLAS</SimpleData>
					<SimpleData name="CODCAT">31588</SimpleData>
					<SimpleData name="USUARIO">VILLAREAL ALVARADO, JOSE ALBERTO</SimpleData>
					<SimpleData name="AP_PAT_USU">VILLAREAL</SimpleData>
					<SimpleData name="AP_MAT_USU">ALVARADO</SimpleData>
					<SimpleData name="NOM_USU">JOSE ALBERTO</SimpleData>
					<SimpleData name="TIPODOC">DNI</SimpleData>
					<SimpleData name="NUM_DOC">03562082</SimpleData>
					<SimpleData name="DESC_LIC">G.R.PIURA-420010-AACH-ATDRCH</SimpleData>
					<SimpleData name="PAR_AR_BR">0.65</SimpleData>
					<SimpleData name="RES_ADM">124-2006-G.R.PIURA-420010-AACH-ATDRCH</SimpleData>
					<SimpleData name="TOMA">LAS CAPILLAS</SimpleData>
				</SchemaData>
			</ExtendedData>
			<Polygon>
				<outerBoundaryIs>
					<LinearRing>
						<coordinates>
							-80.73280787573842,-4.88972697622753,0 -80.73280823650877,-4.889726976369397,0 -80.73237225637294,-4.888777368429196,0 -80.73134422030392,-4.886537939548181,0 -80.73143699230144,-4.886628984579655,0 -80.73150228074103,-4.886656240505012,0 -80.73153898678773,-4.886661773398395,0 -80.7325258769154,-4.888719169051878,0 -80.73286896019091,-4.8894345249702,0 -80.73300891530081,-4.88972633151085,0 -80.73280787573842,-4.88972697622753,0 -80.73280787573842,-4.88972697622753,0
						</coordinates>
					</LinearRing>
				</outerBoundaryIs>
			</Polygon>
		</Placemark>
		<Placemark>
			<name>31590</name>
			<visibility>0</visibility>
			<ExtendedData>
				<SchemaData schemaUrl="#S_BLOQUE_LAS_CAPILLAS">
					<SimpleData name="AREA_HA">0.83</SimpleData>
					<SimpleData name="NOM_LOC">JIBITO</SimpleData>
					<SimpleData name="NOM_PRE">CAPILLA BAJA</SimpleData>
					<SimpleData name="NOM_BLO">LAS CAPILLAS</SimpleData>
					<SimpleData name="CODCAT">31590</SimpleData>
					<SimpleData name="USUARIO">PEDRERA ALBURQUEQUE, SANTOS</SimpleData>
					<SimpleData name="AP_PAT_USU">PEDRERA</SimpleData>
					<SimpleData name="AP_MAT_USU">ALBURQUEQUE</SimpleData>
					<SimpleData name="NOM_USU">SANTOS</SimpleData>
					<SimpleData name="TIPODOC">DNI</SimpleData>
					<SimpleData name="NUM_DOC">03596497</SimpleData>
					<SimpleData name="DESC_LIC">G.R.PIURA-420010-AACH-ATDRCH</SimpleData>
					<SimpleData name="PAR_AR_BR">0.83</SimpleData>
					<SimpleData name="RES_ADM">124-2006-G.R.PIURA-420010-AACH-ATDRCH</SimpleData>
					<SimpleData name="TOMA">LAS CAPILLAS</SimpleData>
				</SchemaData>
			</ExtendedData>
			<Polygon>
				<outerBoundaryIs>
					<LinearRing>
						<coordinates>
							-80.73348013934755,-4.888652146988139,0 -80.73286896019091,-4.8894345249702,0 -80.7325258769154,-4.888719169051878,0 -80.73304820863225,-4.88795638750833,0 -80.73312967796249,-4.888121881076879,0 -80.733196526952,-4.888310980421182,0 -80.73322915881761,-4.888356587889923,0 -80.73325863561126,-4.888397942236051,0 -80.7333008302451,-4.888437492258428,0 -80.73335366430994,-4.888485459752565,0 -80.73348013934755,-4.888652146988139,0 -80.73348013934755,-4.888652146988139,0
						</coordinates>
					</LinearRing>
				</outerBoundaryIs>
			</Polygon>
		</Placemark>
		<Placemark>
			<name>31770</name>
			<visibility>0</visibility>
			<ExtendedData>
				<SchemaData schemaUrl="#S_BLOQUE_LAS_CAPILLAS">
					<SimpleData name="AREA_HA">0.78</SimpleData>
					<SimpleData name="NOM_LOC">JIBITO</SimpleData>
					<SimpleData name="NOM_PRE">CAPILLA ALTA</SimpleData>
					<SimpleData name="NOM_BLO">LAS CAPILLAS</SimpleData>
					<SimpleData name="CODCAT">31770</SimpleData>
					<SimpleData name="USUARIO">YAKSETIG GUZMAN DE BEL, NEDDA GIGLIORA</SimpleData>
					<SimpleData name="AP_PAT_USU">YAKSETIG</SimpleData>
					<SimpleData name="AP_MAT_USU">GUZMAN DE BEL</SimpleData>
					<SimpleData name="NOM_USU">NEDDA GIGLIORA</SimpleData>
					<SimpleData name="TIPODOC">DNI</SimpleData>
					<SimpleData name="NUM_DOC">03640934</SimpleData>
					<SimpleData name="DESC_LIC">G.R.PIURA-420010-DRA.P-AACH-S.ATDRCH</SimpleData>
					<SimpleData name="PAR_AR_BR">0.78</SimpleData>
					<SimpleData name="RES_ADM">517-2005-G.R.PIURA-420010-DRA.P-AACH-S.ATDRCH</SimpleData>
					<SimpleData name="TOMA">LAS CAPILLAS</SimpleData>
				</SchemaData>
			</ExtendedData>
			<Polygon>
				<outerBoundaryIs>
					<LinearRing>
						<coordinates>
							-80.72041354729727,-4.901340290188781,0 -80.72033343911122,-4.900719392606911,0 -80.72123478794194,-4.900620704286616,0 -80.72132104538368,-4.901424977860076,0 -80.72124078894174,-4.901385140037755,0 -80.72116685238423,-4.901329925676072,0 -80.72106313551642,-4.90131450385735,0 -80.72095940310096,-4.901337077515533,0 -80.72086649470688,-4.90135784630686,0 -80.7207807981267,-4.901387664604151,0 -80.72069239831239,-4.901411149192625,0 -80.72059408567441,-4.901413822623002,0 -80.72050390162995,-4.901389359750854,0 -80.72041354729727,-4.901340290188781,0 -80.72041354729727,-4.901340290188781,0
						</coordinates>
					</LinearRing>
				</outerBoundaryIs>
			</Polygon>
		</Placemark>
		<Placemark>
			<name>31769</name>
			<visibility>0</visibility>
			<ExtendedData>
				<SchemaData schemaUrl="#S_BLOQUE_LAS_CAPILLAS">
					<SimpleData name="AREA_HA">0.52</SimpleData>
					<SimpleData name="NOM_LOC">JIBITO</SimpleData>
					<SimpleData name="NOM_PRE">CAPILLA ALTA</SimpleData>
					<SimpleData name="NOM_BLO">LAS CAPILLAS</SimpleData>
					<SimpleData name="CODCAT">31769</SimpleData>
					<SimpleData name="USUARIO">YAKSETIG GUZMAN DE BEL, NEDDA GIGLIORA</SimpleData>
					<SimpleData name="AP_PAT_USU">YAKSETIG</SimpleData>
					<SimpleData name="AP_MAT_USU">GUZMAN DE BEL</SimpleData>
					<SimpleData name="NOM_USU">NEDDA GIGLIORA</SimpleData>
					<SimpleData name="TIPODOC">DNI</SimpleData>
					<SimpleData name="NUM_DOC">03640934</SimpleData>
					<SimpleData name="DESC_LIC">G.R.PIURA-420010-DRA.P-AACH-S.ATDRCH</SimpleData>
					<SimpleData name="PAR_AR_BR">0.52</SimpleData>
					<SimpleData name="RES_ADM">517-2005-G.R.PIURA-420010-DRA.P-AACH-S.ATDRCH</SimpleData>
					<SimpleData name="TOMA">LAS CAPILLAS</SimpleData>
				</SchemaData>
			</ExtendedData>
			<Polygon>
				<outerBoundaryIs>
					<LinearRing>
						<coordinates>
							-80.72122091900918,-4.900569495120948,0 -80.72032678580031,-4.900668095938958,0 -80.7202668168088,-4.900204073784638,0 -80.72114841411548,-4.900101396906617,0 -80.72122091900918,-4.900569495120948,0 -80.72122091900918,-4.900569495120948,0
						</coordinates>
					</LinearRing>
				</outerBoundaryIs>
			</Polygon>
		</Placemark>
		<Placemark>
			<name>31768</name>
			<visibility>0</visibility>
			<ExtendedData>
				<SchemaData schemaUrl="#S_BLOQUE_LAS_CAPILLAS">
					<SimpleData name="AREA_HA">1</SimpleData>
					<SimpleData name="NOM_LOC">JIBITO</SimpleData>
					<SimpleData name="NOM_PRE">CAPILLA ALTA</SimpleData>
					<SimpleData name="NOM_BLO">LAS CAPILLAS</SimpleData>
					<SimpleData name="CODCAT">31768</SimpleData>
					<SimpleData name="USUARIO">YAKSETIG GUZMAN DE BEL, NEDDA GIGLIORA</SimpleData>
					<SimpleData name="AP_PAT_USU">YAKSETIG</SimpleData>
					<SimpleData name="AP_MAT_USU">GUZMAN DE BEL</SimpleData>
					<SimpleData name="NOM_USU">NEDDA GIGLIORA</SimpleData>
					<SimpleData name="TIPODOC">DNI</SimpleData>
					<SimpleData name="NUM_DOC">03640934</SimpleData>
					<SimpleData name="DESC_LIC">G.R.PIURA-420010-DRA.P-AACH-S.ATDRCH</SimpleData>
					<SimpleData name="PAR_AR_BR">1</SimpleData>
					<SimpleData name="RES_ADM">517-2005-G.R.PIURA-420010-DRA.P-AACH-S.ATDRCH</SimpleData>
					<SimpleData name="TOMA">LAS CAPILLAS</SimpleData>
				</SchemaData>
			</ExtendedData>
			<Polygon>
				<outerBoundaryIs>
					<LinearRing>
						<coordinates>
							-80.72113887010143,-4.900060954910805,0 -80.72026196192749,-4.900166076282552,0 -80.72014373293001,-4.89924997409974,0 -80.72099169119365,-4.899136337143155,0 -80.72113887010143,-4.900060954910805,0 -80.72113887010143,-4.900060954910805,0
						</coordinates>
					</LinearRing>
				</outerBoundaryIs>
			</Polygon>
		</Placemark>
		<Placemark>
			<name>31714</name>
			<visibility>0</visibility>
			<ExtendedData>
				<SchemaData schemaUrl="#S_BLOQUE_LAS_CAPILLAS">
					<SimpleData name="AREA_HA">0.64</SimpleData>
					<SimpleData name="NOM_LOC">JIBITO</SimpleData>
					<SimpleData name="NOM_PRE">LA BOCANA</SimpleData>
					<SimpleData name="NOM_BLO">LAS CAPILLAS</SimpleData>
					<SimpleData name="CODCAT">31714</SimpleData>
					<SimpleData name="USUARIO">TALLEDO JUAREZ, MARTIN ALFREDO</SimpleData>
					<SimpleData name="AP_PAT_USU">TALLEDO</SimpleData>
					<SimpleData name="AP_MAT_USU">JUAREZ</SimpleData>
					<SimpleData name="NOM_USU">MARTIN ALFREDO</SimpleData>
					<SimpleData name="TIPODOC">DNI</SimpleData>
					<SimpleData name="NUM_DOC">03116015</SimpleData>
					<SimpleData name="DESC_LIC">G.R.PIURA-420010-AACH-ATDRCH</SimpleData>
					<SimpleData name="PAR_AR_BR">0.64</SimpleData>
					<SimpleData name="RES_ADM">124-2006-G.R.PIURA-420010-AACH-ATDRCH</SimpleData>
					<SimpleData name="TOMA">LAS CAPILLAS</SimpleData>
				</SchemaData>
			</ExtendedData>
			<Polygon>
				<outerBoundaryIs>
					<LinearRing>
						<coordinates>
							-80.71295073845593,-4.900636152659617,0 -80.71289202733702,-4.900624005413787,0 -80.7128168123014,-4.900608142084697,0 -80.71272265720162,-4.90059073280372,0 -80.71262651898641,-4.900570608706152,0 -80.71252929932881,-4.900548403431692,0 -80.71243514665196,-4.900525294791331,0 -80.71234595384345,-4.900504088017734,0 -80.71224873416882,-4.900481973168942,0 -80.71216053476672,-4.900457781434826,0 -80.7120733308674,-4.900425629156667,0 -80.71202364249856,-4.900405615181009,0 -80.71238313037414,-4.899823442054943,0 -80.71317763423833,-4.900283795504123,0 -80.71310497586677,-4.900408064220361,0 -80.71300668979544,-4.900562266122329,0 -80.71295073845593,-4.900636152659617,0 -80.71295073845593,-4.900636152659617,0
						</coordinates>
					</LinearRing>
				</outerBoundaryIs>
			</Polygon>
		</Placemark>
		<Placemark>
			<name>31702</name>
			<visibility>0</visibility>
			<ExtendedData>
				<SchemaData schemaUrl="#S_BLOQUE_LAS_CAPILLAS">
					<SimpleData name="AREA_HA">3.29</SimpleData>
					<SimpleData name="NOM_LOC">JIBITO</SimpleData>
					<SimpleData name="NOM_PRE">LA BOCANA</SimpleData>
					<SimpleData name="NOM_BLO">LAS CAPILLAS</SimpleData>
					<SimpleData name="CODCAT">31702</SimpleData>
					<SimpleData name="USUARIO">CONSORCIO AGRICOLA S.A.</SimpleData>
					<SimpleData name="AP_PAT_USU"></SimpleData>
					<SimpleData name="AP_MAT_USU"></SimpleData>
					<SimpleData name="NOM_USU"></SimpleData>
					<SimpleData name="TIPODOC">CODIGO PROFODUA</SimpleData>
					<SimpleData name="NUM_DOC">000000000100</SimpleData>
					<SimpleData name="DESC_LIC">G.R.PIURA-420010-AACH-ATDRCH</SimpleData>
					<SimpleData name="PAR_AR_BR">3.29</SimpleData>
					<SimpleData name="RES_ADM">124-2006-G.R.PIURA-420010-AACH-ATDRCH</SimpleData>
					<SimpleData name="TOMA">LAS CAPILLAS</SimpleData>
				</SchemaData>
			</ExtendedData>
			<Polygon>
				<outerBoundaryIs>
					<LinearRing>
						<coordinates>
							-80.70846237099876,-4.899695928811818,0 -80.70854894866517,-4.899715416122943,0 -80.70856859650874,-4.89974907769761,0 -80.70898466500091,-4.899526892648732,0 -80.70953153986989,-4.899244242070528,0 -80.70955293042104,-4.899209874392446,0 -80.7095153336914,-4.899176928872093,0 -80.7095225513827,-4.899171775439333,0 -80.70988524068287,-4.89891175236534,0 -80.70991136299811,-4.898991282630814,0 -80.70994135941197,-4.89908076574729,0 -80.70995559276543,-4.899121300336895,0 -80.71038298282576,-4.899847106101105,0 -80.71083331902831,-4.900488064884714,0 -80.71046370121506,-4.900920422044748,0 -80.71045774645621,-4.900925033234218,0 -80.71046370121506,-4.900920422044748,0 -80.71041252920097,-4.900995848305305,0 -80.71033440034226,-4.901045028069007,0 -80.71024518273502,-4.901082171181972,0 -80.71014595955653,-4.90110528786488,0 -80.71006173339555,-4.901070060776853,0 -80.70996759018652,-4.901024787773826,0 -80.70989040518042,-4.900975451079837,0 -80.70980627606407,-4.900924211629154,0 -80.7097190838369,-4.900864828970923,0 -80.70965002186982,-4.900802468716763,0 -80.70957184516658,-4.900752226909608,0 -80.70948573060429,-4.900703881462363,0 -80.70940150707817,-4.900662683581496,0 -80.7093173724832,-4.900624471086388,0 -80.70923017520602,-4.900577120262685,0 -80.70912800054914,-4.900541975823307,0 -80.70904684713452,-4.900492637333973,0 -80.70895667175962,-4.900449356139484,0 -80.70887046790156,-4.900399110806111,0 -80.70879635308327,-4.900341723894648,0 -80.70872323725422,-4.90026832503278,0 -80.70865815340809,-4.900183892842001,0 -80.70860209069768,-4.900095393584398,0 -80.70855495888772,-4.900002917688577,0 -80.70852496862555,-4.899899412389606,0 -80.70849596539513,-4.89980784894442,0 -80.70846309227774,-4.899696562379896,0 -80.70846237099876,-4.899695928811818,0
						</coordinates>
					</LinearRing>
				</outerBoundaryIs>
			</Polygon>
		</Placemark>
		<Placemark>
			<name>31478</name>
			<visibility>0</visibility>
			<ExtendedData>
				<SchemaData schemaUrl="#S_BLOQUE_LAS_CAPILLAS">
					<SimpleData name="AREA_HA">0.8644</SimpleData>
					<SimpleData name="NOM_LOC">JIBITO</SimpleData>
					<SimpleData name="NOM_PRE">LA CAPILLA</SimpleData>
					<SimpleData name="NOM_BLO">LAS CAPILLAS</SimpleData>
					<SimpleData name="CODCAT">31478</SimpleData>
					<SimpleData name="USUARIO">YAKSETIG GUZMAN DE BEL, NEDDA GIGLIORA</SimpleData>
					<SimpleData name="AP_PAT_USU">YAKSETIG</SimpleData>
					<SimpleData name="AP_MAT_USU">GUZMAN DE BEL</SimpleData>
					<SimpleData name="NOM_USU">NEDDA GIGLIORA</SimpleData>
					<SimpleData name="TIPODOC">DNI</SimpleData>
					<SimpleData name="NUM_DOC">03640934</SimpleData>
					<SimpleData name="DESC_LIC">G.R.PIURA-420010-DRA.P-AACH-S.ATDRCH</SimpleData>
					<SimpleData name="PAR_AR_BR">0.8644</SimpleData>
					<SimpleData name="RES_ADM">517-2005-G.R.PIURA-420010-DRA.P-AACH-S.ATDRCH</SimpleData>
					<SimpleData name="TOMA">LAS CAPILLAS</SimpleData>
				</SchemaData>
			</ExtendedData>
			<Polygon>
				<outerBoundaryIs>
					<LinearRing>
						<coordinates>
							-80.73333245302014,-4.893150852654968,0 -80.73326071200982,-4.892784891174449,0 -80.73318851512198,-4.892431685155656,0 -80.73412319469595,-4.892174586555207,0 -80.73412947406344,-4.892262340642384,0 -80.73414476815185,-4.89236185878517,0 -80.7341483599984,-4.892402660175257,0 -80.7341537480327,-4.892463183768394,0 -80.73415554626133,-4.892477658967673,0 -80.73417641008164,-4.892634353546546,0 -80.73421732808427,-4.89294240491478,0 -80.73421732808427,-4.89294240491478,0 -80.73333245302014,-4.893150852654968,0
						</coordinates>
					</LinearRing>
				</outerBoundaryIs>
			</Polygon>
		</Placemark>
		<Placemark>
			<name>31475</name>
			<visibility>0</visibility>
			<ExtendedData>
				<SchemaData schemaUrl="#S_BLOQUE_LAS_CAPILLAS">
					<SimpleData name="AREA_HA">0.8206</SimpleData>
					<SimpleData name="NOM_LOC">JIBITO</SimpleData>
					<SimpleData name="NOM_PRE">LA CAPILLA</SimpleData>
					<SimpleData name="NOM_BLO">LAS CAPILLAS</SimpleData>
					<SimpleData name="CODCAT">31475</SimpleData>
					<SimpleData name="USUARIO">ALVARADO CHERO, JACINTO</SimpleData>
					<SimpleData name="AP_PAT_USU">ALVARADO</SimpleData>
					<SimpleData name="AP_MAT_USU">CHERO</SimpleData>
					<SimpleData name="NOM_USU">JACINTO</SimpleData>
					<SimpleData name="TIPODOC">DNI</SimpleData>
					<SimpleData name="NUM_DOC">03629967</SimpleData>
					<SimpleData name="DESC_LIC">G.R.PIURA-420010-DRA.P-AACH-S.ATDRCH</SimpleData>
					<SimpleData name="PAR_AR_BR">0.8206</SimpleData>
					<SimpleData name="RES_ADM">517-2005-G.R.PIURA-420010-DRA.P-AACH-S.ATDRCH</SimpleData>
					<SimpleData name="TOMA">LAS CAPILLAS</SimpleData>
				</SchemaData>
			</ExtendedData>
			<Polygon>
				<outerBoundaryIs>
					<LinearRing>
						<coordinates>
							-80.73348124615707,-4.893909645958139,0 -80.73333245302014,-4.893150852654968,0 -80.73421732808427,-4.89294240491478,0 -80.73423333557707,-4.893062911352509,0 -80.73425716703682,-4.893242133022713,0 -80.73429640175463,-4.893472202382776,0 -80.73432816742057,-4.893658664401722,0 -80.73432816742057,-4.893658664401722,0 -80.73348124615707,-4.893909645958139,0
						</coordinates>
					</LinearRing>
				</outerBoundaryIs>
			</Polygon>
		</Placemark>
		<Placemark>
			<name>31472</name>
			<visibility>0</visibility>
			<ExtendedData>
				<SchemaData schemaUrl="#S_BLOQUE_LAS_CAPILLAS">
					<SimpleData name="AREA_HA">0.7399</SimpleData>
					<SimpleData name="NOM_LOC">JIBITO</SimpleData>
					<SimpleData name="NOM_PRE">LA CAPILLA</SimpleData>
					<SimpleData name="NOM_BLO">LAS CAPILLAS</SimpleData>
					<SimpleData name="CODCAT">31472</SimpleData>
					<SimpleData name="USUARIO">CHERO ELIAS, JOSE ISIDORO</SimpleData>
					<SimpleData name="AP_PAT_USU">CHERO</SimpleData>
					<SimpleData name="AP_MAT_USU">ELIAS</SimpleData>
					<SimpleData name="NOM_USU">JOSE ISIDORO</SimpleData>
					<SimpleData name="TIPODOC">LIBRETA MILITAR</SimpleData>
					<SimpleData name="NUM_DOC">1054002521</SimpleData>
					<SimpleData name="DESC_LIC">G.R.PIURA-420010-DRA.P-AACH-S.ATDRCH</SimpleData>
					<SimpleData name="PAR_AR_BR">0.7399</SimpleData>
					<SimpleData name="RES_ADM">517-2005-G.R.PIURA-420010-DRA.P-AACH-S.ATDRCH</SimpleData>
					<SimpleData name="TOMA">LAS CAPILLAS</SimpleData>
				</SchemaData>
			</ExtendedData>
			<Polygon>
				<outerBoundaryIs>
					<LinearRing>
						<coordinates>
							-80.73361761778719,-4.894604656117084,0 -80.73348124615707,-4.893909645958139,0 -80.73432816742057,-4.893658664401722,0 -80.73438207014512,-4.893974953206628,0 -80.73438044378392,-4.893982370749228,0 -80.73427572477645,-4.894458269266702,0 -80.73427572477645,-4.894458269266702,0 -80.73361761778719,-4.894604656117084,0
						</coordinates>
					</LinearRing>
				</outerBoundaryIs>
			</Polygon>
		</Placemark>
		<Placemark>
			<name>31469</name>
			<visibility>0</visibility>
			<ExtendedData>
				<SchemaData schemaUrl="#S_BLOQUE_LAS_CAPILLAS">
					<SimpleData name="AREA_HA">0.5488</SimpleData>
					<SimpleData name="NOM_LOC">JIBITO</SimpleData>
					<SimpleData name="NOM_PRE">LA CAPILLA</SimpleData>
					<SimpleData name="NOM_BLO">LAS CAPILLAS</SimpleData>
					<SimpleData name="CODCAT">31469</SimpleData>
					<SimpleData name="USUARIO">RAMOS VILCHEZ, MANUEL</SimpleData>
					<SimpleData name="AP_PAT_USU">RAMOS</SimpleData>
					<SimpleData name="AP_MAT_USU">VILCHEZ</SimpleData>
					<SimpleData name="NOM_USU">MANUEL</SimpleData>
					<SimpleData name="TIPODOC">DNI</SimpleData>
					<SimpleData name="NUM_DOC">03629997</SimpleData>
					<SimpleData name="DESC_LIC">G.R.PIURA-420010-DRA.P-AACH-S.ATDRCH</SimpleData>
					<SimpleData name="PAR_AR_BR">0.5488</SimpleData>
					<SimpleData name="RES_ADM">517-2005-G.R.PIURA-420010-DRA.P-AACH-S.ATDRCH</SimpleData>
					<SimpleData name="TOMA">LAS CAPILLAS</SimpleData>
				</SchemaData>
			</ExtendedData>
			<Polygon>
				<outerBoundaryIs>
					<LinearRing>
						<coordinates>
							-80.73378486451408,-4.895457359874706,0 -80.73361761778719,-4.894604656117084,0 -80.73427572477645,-4.894458269266702,0 -80.73422322969198,-4.894696806487038,0 -80.73422322194823,-4.894716708914125,0 -80.73420875265633,-4.894815310744624,0 -80.73419518846069,-4.894905771025471,0 -80.73418703445074,-4.894999852047384,0 -80.73418699642799,-4.895097554870056,0 -80.73418966666885,-4.895188926161548,0 -80.73419413831209,-4.895286630749409,0 -80.7341957449281,-4.89532996439592,0 -80.7341957449281,-4.89532996439592,0 -80.73378486451408,-4.895457359874706,0
						</coordinates>
					</LinearRing>
				</outerBoundaryIs>
			</Polygon>
		</Placemark>
		<Placemark>
			<name>31482</name>
			<visibility>0</visibility>
			<ExtendedData>
				<SchemaData schemaUrl="#S_BLOQUE_LAS_CAPILLAS">
					<SimpleData name="AREA_HA">0.28</SimpleData>
					<SimpleData name="NOM_LOC">JIBITO</SimpleData>
					<SimpleData name="NOM_PRE">LA CAPILLA</SimpleData>
					<SimpleData name="NOM_BLO">LAS CAPILLAS</SimpleData>
					<SimpleData name="CODCAT">31482</SimpleData>
					<SimpleData name="USUARIO">VILLAREAL CURAY, TIMOTEO</SimpleData>
					<SimpleData name="AP_PAT_USU">VILLAREAL</SimpleData>
					<SimpleData name="AP_MAT_USU">CURAY</SimpleData>
					<SimpleData name="NOM_USU">TIMOTEO</SimpleData>
					<SimpleData name="TIPODOC">DNI</SimpleData>
					<SimpleData name="NUM_DOC">03630089</SimpleData>
					<SimpleData name="DESC_LIC">G.R.PIURA-420010-DRA.P-AACH-S.ATDRCH</SimpleData>
					<SimpleData name="PAR_AR_BR">0.28</SimpleData>
					<SimpleData name="RES_ADM">517-2005-G.R.PIURA-420010-DRA.P-AACH-S.ATDRCH</SimpleData>
					<SimpleData name="TOMA">LAS CAPILLAS</SimpleData>
				</SchemaData>
			</ExtendedData>
			<Polygon>
				<outerBoundaryIs>
					<LinearRing>
						<coordinates>
							-80.73226736530117,-4.892685078655239,0 -80.73222209405849,-4.892440532338263,0 -80.73310526781219,-4.892198703557362,0 -80.73315640296906,-4.892440538169039,0 -80.73315640296906,-4.892440538169039,0 -80.73226736530117,-4.892685078655239,0
						</coordinates>
					</LinearRing>
				</outerBoundaryIs>
			</Polygon>
		</Placemark>
		<Placemark>
			<name>31479</name>
			<visibility>0</visibility>
			<ExtendedData>
				<SchemaData schemaUrl="#S_BLOQUE_LAS_CAPILLAS">
					<SimpleData name="AREA_HA">0.8318</SimpleData>
					<SimpleData name="NOM_LOC">JIBITO</SimpleData>
					<SimpleData name="NOM_PRE">LA CAPILLA</SimpleData>
					<SimpleData name="NOM_BLO">LAS CAPILLAS</SimpleData>
					<SimpleData name="CODCAT">31479</SimpleData>
					<SimpleData name="USUARIO">YAKSETIG GUZMAN DE BEL, NEDDA GIGLIORA</SimpleData>
					<SimpleData name="AP_PAT_USU">YAKSETIG</SimpleData>
					<SimpleData name="AP_MAT_USU">GUZMAN DE BEL</SimpleData>
					<SimpleData name="NOM_USU">NEDDA GIGLIORA</SimpleData>
					<SimpleData name="TIPODOC">DNI</SimpleData>
					<SimpleData name="NUM_DOC">03640934</SimpleData>
					<SimpleData name="DESC_LIC">G.R.PIURA-420010-DRA.P-AACH-S.ATDRCH</SimpleData>
					<SimpleData name="PAR_AR_BR">0.8318</SimpleData>
					<SimpleData name="RES_ADM">517-2005-G.R.PIURA-420010-DRA.P-AACH-S.ATDRCH</SimpleData>
					<SimpleData name="TOMA">LAS CAPILLAS</SimpleData>
				</SchemaData>
			</ExtendedData>
			<Polygon>
				<outerBoundaryIs>
					<LinearRing>
						<coordinates>
							-80.73240300416249,-4.893405057216249,0 -80.73226736530117,-4.892685078655239,0 -80.73315640296906,-4.892440538169039,0 -80.73329727458798,-4.893158890278895,0 -80.73240300416249,-4.893405057216249,0 -80.73240300416249,-4.893405057216249,0
						</coordinates>
					</LinearRing>
				</outerBoundaryIs>
			</Polygon>
		</Placemark>
		<Placemark>
			<name>31476</name>
			<visibility>0</visibility>
			<ExtendedData>
				<SchemaData schemaUrl="#S_BLOQUE_LAS_CAPILLAS">
					<SimpleData name="AREA_HA">0.8812</SimpleData>
					<SimpleData name="NOM_LOC">JIBITO</SimpleData>
					<SimpleData name="NOM_PRE">LA CAPILLA</SimpleData>
					<SimpleData name="NOM_BLO">LAS CAPILLAS</SimpleData>
					<SimpleData name="CODCAT">31476</SimpleData>
					<SimpleData name="USUARIO">ALVARADO CHERO, JACINTO</SimpleData>
					<SimpleData name="AP_PAT_USU">ALVARADO</SimpleData>
					<SimpleData name="AP_MAT_USU">CHERO</SimpleData>
					<SimpleData name="NOM_USU">JACINTO</SimpleData>
					<SimpleData name="TIPODOC">DNI</SimpleData>
					<SimpleData name="NUM_DOC">03629967</SimpleData>
					<SimpleData name="DESC_LIC">G.R.PIURA-420010-DRA.P-AACH-S.ATDRCH</SimpleData>
					<SimpleData name="PAR_AR_BR">0.8812</SimpleData>
					<SimpleData name="RES_ADM">517-2005-G.R.PIURA-420010-DRA.P-AACH-S.ATDRCH</SimpleData>
					<SimpleData name="TOMA">LAS CAPILLAS</SimpleData>
				</SchemaData>
			</ExtendedData>
			<Polygon>
				<outerBoundaryIs>
					<LinearRing>
						<coordinates>
							-80.732545753799,-4.894162672232872,0 -80.73240300416249,-4.893405057216249,0 -80.73329727458798,-4.893158890278895,0 -80.7334457075489,-4.893916055065624,0 -80.732545753799,-4.894162672232872,0 -80.732545753799,-4.894162672232872,0
						</coordinates>
					</LinearRing>
				</outerBoundaryIs>
			</Polygon>
		</Placemark>
		<Placemark>
			<name>31473</name>
			<visibility>0</visibility>
			<ExtendedData>
				<SchemaData schemaUrl="#S_BLOQUE_LAS_CAPILLAS">
					<SimpleData name="AREA_HA">0.8446</SimpleData>
					<SimpleData name="NOM_LOC">JIBITO</SimpleData>
					<SimpleData name="NOM_PRE">LA CAPILLA</SimpleData>
					<SimpleData name="NOM_BLO">LAS CAPILLAS</SimpleData>
					<SimpleData name="CODCAT">31473</SimpleData>
					<SimpleData name="USUARIO">CHERO ELIAS, JOSE ISIDORO</SimpleData>
					<SimpleData name="AP_PAT_USU">CHERO</SimpleData>
					<SimpleData name="AP_MAT_USU">ELIAS</SimpleData>
					<SimpleData name="NOM_USU">JOSE ISIDORO</SimpleData>
					<SimpleData name="TIPODOC">LIBRETA MILITAR</SimpleData>
					<SimpleData name="NUM_DOC">1054002521</SimpleData>
					<SimpleData name="DESC_LIC">G.R.PIURA-420010-DRA.P-AACH-S.ATDRCH</SimpleData>
					<SimpleData name="PAR_AR_BR">0.8446</SimpleData>
					<SimpleData name="RES_ADM">517-2005-G.R.PIURA-420010-DRA.P-AACH-S.ATDRCH</SimpleData>
					<SimpleData name="TOMA">LAS CAPILLAS</SimpleData>
				</SchemaData>
			</ExtendedData>
			<Polygon>
				<outerBoundaryIs>
					<LinearRing>
						<coordinates>
							-80.73268454342154,-4.894899297645878,0 -80.732545753799,-4.894162672232872,0 -80.7334457075489,-4.893916055065624,0 -80.73358649526006,-4.894619661193365,0 -80.73268454342154,-4.894899297645878,0 -80.73268454342154,-4.894899297645878,0
						</coordinates>
					</LinearRing>
				</outerBoundaryIs>
			</Polygon>
		</Placemark>
		<Placemark>
			<name>31470</name>
			<visibility>0</visibility>
			<ExtendedData>
				<SchemaData schemaUrl="#S_BLOQUE_LAS_CAPILLAS">
					<SimpleData name="AREA_HA">0.9641</SimpleData>
					<SimpleData name="NOM_LOC">JIBITO</SimpleData>
					<SimpleData name="NOM_PRE">LA CAPILLA</SimpleData>
					<SimpleData name="NOM_BLO">LAS CAPILLAS</SimpleData>
					<SimpleData name="CODCAT">31470</SimpleData>
					<SimpleData name="USUARIO">RAMOS VILCHEZ, MANUEL</SimpleData>
					<SimpleData name="AP_PAT_USU">RAMOS</SimpleData>
					<SimpleData name="AP_MAT_USU">VILCHEZ</SimpleData>
					<SimpleData name="NOM_USU">MANUEL</SimpleData>
					<SimpleData name="TIPODOC">DNI</SimpleData>
					<SimpleData name="NUM_DOC">03629997</SimpleData>
					<SimpleData name="DESC_LIC">G.R.PIURA-420010-DRA.P-AACH-S.ATDRCH</SimpleData>
					<SimpleData name="PAR_AR_BR">0.9641</SimpleData>
					<SimpleData name="RES_ADM">517-2005-G.R.PIURA-420010-DRA.P-AACH-S.ATDRCH</SimpleData>
					<SimpleData name="TOMA">LAS CAPILLAS</SimpleData>
				</SchemaData>
			</ExtendedData>
			<Polygon>
				<outerBoundaryIs>
					<LinearRing>
						<coordinates>
							-80.73283377411211,-4.895691201608883,0 -80.73268454342154,-4.894899297645878,0 -80.73358649526006,-4.894619661193365,0 -80.73375077008308,-4.895460784195853,0 -80.73283377411211,-4.895691201608883,0 -80.73283377411211,-4.895691201608883,0
						</coordinates>
					</LinearRing>
				</outerBoundaryIs>
			</Polygon>
		</Placemark>
		<Placemark>
			<name>31467</name>
			<visibility>0</visibility>
			<ExtendedData>
				<SchemaData schemaUrl="#S_BLOQUE_LAS_CAPILLAS">
					<SimpleData name="AREA_HA">1.051</SimpleData>
					<SimpleData name="NOM_LOC">JIBITO</SimpleData>
					<SimpleData name="NOM_PRE">LA CAPILLA</SimpleData>
					<SimpleData name="NOM_BLO">LAS CAPILLAS</SimpleData>
					<SimpleData name="CODCAT">31467</SimpleData>
					<SimpleData name="USUARIO">OCAMPO JIMENEZ, LUIS</SimpleData>
					<SimpleData name="AP_PAT_USU">OCAMPO</SimpleData>
					<SimpleData name="AP_MAT_USU">JIMENEZ</SimpleData>
					<SimpleData name="NOM_USU">LUIS</SimpleData>
					<SimpleData name="TIPODOC">DNI</SimpleData>
					<SimpleData name="NUM_DOC">03629275</SimpleData>
					<SimpleData name="DESC_LIC">G.R.PIURA-420010-DRA.P-AACH-S.ATDRCH</SimpleData>
					<SimpleData name="PAR_AR_BR">1.051</SimpleData>
					<SimpleData name="RES_ADM">517-2005-G.R.PIURA-420010-DRA.P-AACH-S.ATDRCH</SimpleData>
					<SimpleData name="TOMA">LAS CAPILLAS</SimpleData>
				</SchemaData>
			</ExtendedData>
			<Polygon>
				<outerBoundaryIs>
					<LinearRing>
						<coordinates>
							-80.73300451674007,-4.896597191095875,0 -80.73283377411211,-4.895691201608883,0 -80.73375077008308,-4.895460784195853,0 -80.73392135119032,-4.896321450198,0 -80.73392135119032,-4.896321450198,0 -80.73300451674007,-4.896597191095875,0
						</coordinates>
					</LinearRing>
				</outerBoundaryIs>
			</Polygon>
		</Placemark>
		<Placemark>
			<name>31464</name>
			<visibility>0</visibility>
			<ExtendedData>
				<SchemaData schemaUrl="#S_BLOQUE_LAS_CAPILLAS">
					<SimpleData name="AREA_HA">1.1431</SimpleData>
					<SimpleData name="NOM_LOC">JIBITO</SimpleData>
					<SimpleData name="NOM_PRE">LA CAPILLA</SimpleData>
					<SimpleData name="NOM_BLO">LAS CAPILLAS</SimpleData>
					<SimpleData name="CODCAT">31464</SimpleData>
					<SimpleData name="USUARIO">REQUENA CHAVEZ, PEDRO</SimpleData>
					<SimpleData name="AP_PAT_USU">REQUENA</SimpleData>
					<SimpleData name="AP_MAT_USU">CHAVEZ</SimpleData>
					<SimpleData name="NOM_USU">PEDRO</SimpleData>
					<SimpleData name="TIPODOC">DNI</SimpleData>
					<SimpleData name="NUM_DOC">03629806</SimpleData>
					<SimpleData name="DESC_LIC">G.R.PIURA-420010-DRA.P-AACH-S.ATDRCH</SimpleData>
					<SimpleData name="PAR_AR_BR">1.1431</SimpleData>
					<SimpleData name="RES_ADM">517-2005-G.R.PIURA-420010-DRA.P-AACH-S.ATDRCH</SimpleData>
					<SimpleData name="TOMA">LAS CAPILLAS</SimpleData>
				</SchemaData>
			</ExtendedData>
			<Polygon>
				<outerBoundaryIs>
					<LinearRing>
						<coordinates>
							-80.73318597052908,-4.897560178065081,0 -80.73300451674007,-4.896597191095875,0 -80.73392135119032,-4.896321450198,0 -80.73410479720555,-4.897267249313726,0 -80.73410479720555,-4.897267249313726,0 -80.73318597052908,-4.897560178065081,0
						</coordinates>
					</LinearRing>
				</outerBoundaryIs>
			</Polygon>
		</Placemark>
		<Placemark>
			<name>31461</name>
			<visibility>0</visibility>
			<ExtendedData>
				<SchemaData schemaUrl="#S_BLOQUE_LAS_CAPILLAS">
					<SimpleData name="AREA_HA">1.1571</SimpleData>
					<SimpleData name="NOM_LOC">JIBITO</SimpleData>
					<SimpleData name="NOM_PRE">LA CAPILLA</SimpleData>
					<SimpleData name="NOM_BLO">LAS CAPILLAS</SimpleData>
					<SimpleData name="CODCAT">31461</SimpleData>
					<SimpleData name="USUARIO">YARLEQUE DE CALDERON, MARIA LUZ</SimpleData>
					<SimpleData name="AP_PAT_USU">YARLEQUE</SimpleData>
					<SimpleData name="AP_MAT_USU">DE CALDERON</SimpleData>
					<SimpleData name="NOM_USU">MARIA LUZ</SimpleData>
					<SimpleData name="TIPODOC">DNI</SimpleData>
					<SimpleData name="NUM_DOC">03629611</SimpleData>
					<SimpleData name="DESC_LIC">G.R.PIURA-420010-DRA.P-AACH-S.ATDRCH</SimpleData>
					<SimpleData name="PAR_AR_BR">1.1571</SimpleData>
					<SimpleData name="RES_ADM">517-2005-G.R.PIURA-420010-DRA.P-AACH-S.ATDRCH</SimpleData>
					<SimpleData name="TOMA">LAS CAPILLAS</SimpleData>
				</SchemaData>
			</ExtendedData>
			<Polygon>
				<outerBoundaryIs>
					<LinearRing>
						<coordinates>
							-80.73430570631879,-4.898302797077465,0 -80.73350022319879,-4.898438179524797,0 -80.73349481157324,-4.898438177398958,0 -80.73347226454651,-4.898434549918383,0 -80.73343528722546,-4.898429107455802,0 -80.73341004251394,-4.898404671830798,0 -80.73338750891753,-4.898366667434068,0 -80.73335324200812,-4.898349465507486,0 -80.73334152247618,-4.898334986409165,0 -80.73332170106042,-4.898280699272899,0 -80.73318597052908,-4.897560178065081,0 -80.73410479720555,-4.897267249313726,0 -80.73410479720555,-4.897267249313726,0 -80.73430570631879,-4.898302797077465,0
						</coordinates>
					</LinearRing>
				</outerBoundaryIs>
			</Polygon>
		</Placemark>
		<Placemark>
			<name>31462</name>
			<visibility>0</visibility>
			<ExtendedData>
				<SchemaData schemaUrl="#S_BLOQUE_LAS_CAPILLAS">
					<SimpleData name="AREA_HA">2.214</SimpleData>
					<SimpleData name="NOM_LOC">JIBITO</SimpleData>
					<SimpleData name="NOM_PRE">LA CAPILLA</SimpleData>
					<SimpleData name="NOM_BLO">LAS CAPILLAS</SimpleData>
					<SimpleData name="CODCAT">31462</SimpleData>
					<SimpleData name="USUARIO">YARLEQUE DE CALDERON, MARIA LUZ</SimpleData>
					<SimpleData name="AP_PAT_USU">YARLEQUE</SimpleData>
					<SimpleData name="AP_MAT_USU">DE CALDERON</SimpleData>
					<SimpleData name="NOM_USU">MARIA LUZ</SimpleData>
					<SimpleData name="TIPODOC">DNI</SimpleData>
					<SimpleData name="NUM_DOC">03629611</SimpleData>
					<SimpleData name="DESC_LIC">G.R.PIURA-420010-DRA.P-AACH-S.ATDRCH</SimpleData>
					<SimpleData name="PAR_AR_BR">2.214</SimpleData>
					<SimpleData name="RES_ADM">517-2005-G.R.PIURA-420010-DRA.P-AACH-S.ATDRCH</SimpleData>
					<SimpleData name="TOMA">LAS CAPILLAS</SimpleData>
				</SchemaData>
			</ExtendedData>
			<Polygon>
				<outerBoundaryIs>
					<LinearRing>
						<coordinates>
							-80.7312776294886,-4.898766145058269,0 -80.73117693801836,-4.89816858014242,0 -80.73169480855501,-4.89799463894939,0 -80.73172863566785,-4.897983253665494,0 -80.73304869283905,-4.897567723179015,0 -80.73316839257508,-4.898227264304689,0 -80.73318278749935,-4.898319544851892,0 -80.73318277795063,-4.898343970553154,0 -80.73318277052388,-4.898362968320813,0 -80.73318276380436,-4.898380156777251,0 -80.73319625644146,-4.89847334162487,0 -80.7331935117266,-4.898572852676548,0 -80.73313666099568,-4.898646107429451,0 -80.73304644810291,-4.898694923344262,0 -80.73296074771919,-4.898736503776799,0 -80.73286422867287,-4.898766319413199,0 -80.73280019001342,-4.898769008158885,0 -80.73269916906185,-4.898778919572275,0 -80.73260716500684,-4.898795167114427,0 -80.73251335813579,-4.898808699965707,0 -80.73241504086211,-4.898824040335761,0 -80.73232484102709,-4.898839383894405,0 -80.73223464438334,-4.898846585540944,0 -80.73214624522282,-4.898870071686751,0 -80.73202177599332,-4.898874545802869,0 -80.73196946891539,-4.898860955301445,0 -80.73194873109206,-4.898843758649603,0 -80.73193341022832,-4.898812994303392,0 -80.73184043833993,-4.898767362911167,0 -80.73159377077759,-4.898735602404223,0 -80.7312776294886,-4.898766145058269,0 -80.7312776294886,-4.898766145058269,0
						</coordinates>
					</LinearRing>
				</outerBoundaryIs>
			</Polygon>
		</Placemark>
		<Placemark>
			<name>31465</name>
			<visibility>0</visibility>
			<ExtendedData>
				<SchemaData schemaUrl="#S_BLOQUE_LAS_CAPILLAS">
					<SimpleData name="AREA_HA">1.6812</SimpleData>
					<SimpleData name="NOM_LOC">JIBITO</SimpleData>
					<SimpleData name="NOM_PRE">LA CAPILLA</SimpleData>
					<SimpleData name="NOM_BLO">LAS CAPILLAS</SimpleData>
					<SimpleData name="CODCAT">31465</SimpleData>
					<SimpleData name="USUARIO">REQUENA CHAVEZ, PEDRO</SimpleData>
					<SimpleData name="AP_PAT_USU">REQUENA</SimpleData>
					<SimpleData name="AP_MAT_USU">CHAVEZ</SimpleData>
					<SimpleData name="NOM_USU">PEDRO</SimpleData>
					<SimpleData name="TIPODOC">DNI</SimpleData>
					<SimpleData name="NUM_DOC">03629806</SimpleData>
					<SimpleData name="DESC_LIC">G.R.PIURA-420010-DRA.P-AACH-S.ATDRCH</SimpleData>
					<SimpleData name="PAR_AR_BR">0.1681</SimpleData>
					<SimpleData name="RES_ADM">517-2005-G.R.PIURA-420010-DRA.P-AACH-S.ATDRCH</SimpleData>
					<SimpleData name="TOMA">LAS CAPILLAS</SimpleData>
				</SchemaData>
			</ExtendedData>
			<Polygon>
				<outerBoundaryIs>
					<LinearRing>
						<coordinates>
							-80.73304869283905,-4.897567723179015,0 -80.73172863566785,-4.897983253665494,0 -80.73151509286021,-4.896974840011474,0 -80.73288084108873,-4.896649160135387,0 -80.73288084108873,-4.896649160135387,0 -80.73304869283905,-4.897567723179015,0
						</coordinates>
					</LinearRing>
				</outerBoundaryIs>
			</Polygon>
		</Placemark>
		<Placemark>
			<name>31468</name>
			<visibility>0</visibility>
			<ExtendedData>
				<SchemaData schemaUrl="#S_BLOQUE_LAS_CAPILLAS">
					<SimpleData name="AREA_HA">1.5734</SimpleData>
					<SimpleData name="NOM_LOC">JIBITO</SimpleData>
					<SimpleData name="NOM_PRE">LA CAPILLA</SimpleData>
					<SimpleData name="NOM_BLO">LAS CAPILLAS</SimpleData>
					<SimpleData name="CODCAT">31468</SimpleData>
					<SimpleData name="USUARIO">OCAMPO JIMENEZ, LUIS</SimpleData>
					<SimpleData name="AP_PAT_USU">OCAMPO</SimpleData>
					<SimpleData name="AP_MAT_USU">JIMENEZ</SimpleData>
					<SimpleData name="NOM_USU">LUIS</SimpleData>
					<SimpleData name="TIPODOC">DNI</SimpleData>
					<SimpleData name="NUM_DOC">03629275</SimpleData>
					<SimpleData name="DESC_LIC">G.R.PIURA-420010-DRA.P-AACH-S.ATDRCH</SimpleData>
					<SimpleData name="PAR_AR_BR">1.5734</SimpleData>
					<SimpleData name="RES_ADM">517-2005-G.R.PIURA-420010-DRA.P-AACH-S.ATDRCH</SimpleData>
					<SimpleData name="TOMA">LAS CAPILLAS</SimpleData>
				</SchemaData>
			</ExtendedData>
			<Polygon>
				<outerBoundaryIs>
					<LinearRing>
						<coordinates>
							-80.73271722071078,-4.895751315333201,0 -80.73288084108873,-4.896649160135387,0 -80.73151509286021,-4.896974840011474,0 -80.73133026880841,-4.896102407410332,0 -80.73133026880841,-4.896102407410332,0 -80.73271722071078,-4.895751315333201,0
						</coordinates>
					</LinearRing>
				</outerBoundaryIs>
			</Polygon>
		</Placemark>
		<Placemark>
			<name>31471</name>
			<visibility>0</visibility>
			<ExtendedData>
				<SchemaData schemaUrl="#S_BLOQUE_LAS_CAPILLAS">
					<SimpleData name="AREA_HA">1.4683</SimpleData>
					<SimpleData name="NOM_LOC">JIBITO</SimpleData>
					<SimpleData name="NOM_PRE">LA CAPILLA</SimpleData>
					<SimpleData name="NOM_BLO">LAS CAPILLAS</SimpleData>
					<SimpleData name="CODCAT">31471</SimpleData>
					<SimpleData name="USUARIO">RAMOS VILCHEZ, MANUEL</SimpleData>
					<SimpleData name="AP_PAT_USU">RAMOS</SimpleData>
					<SimpleData name="AP_MAT_USU">VILCHEZ</SimpleData>
					<SimpleData name="NOM_USU">MANUEL</SimpleData>
					<SimpleData name="TIPODOC">DNI</SimpleData>
					<SimpleData name="NUM_DOC">03629997</SimpleData>
					<SimpleData name="DESC_LIC">G.R.PIURA-420010-DRA.P-AACH-S.ATDRCH</SimpleData>
					<SimpleData name="PAR_AR_BR">1.4683</SimpleData>
					<SimpleData name="RES_ADM">517-2005-G.R.PIURA-420010-DRA.P-AACH-S.ATDRCH</SimpleData>
					<SimpleData name="TOMA">LAS CAPILLAS</SimpleData>
				</SchemaData>
			</ExtendedData>
			<Polygon>
				<outerBoundaryIs>
					<LinearRing>
						<coordinates>
							-80.73256854073145,-4.8949353477254,0 -80.73271722071078,-4.895751315333201,0 -80.73133026880841,-4.896102407410332,0 -80.73115912909508,-4.895294663062623,0 -80.73115912909508,-4.895294663062623,0 -80.73256854073145,-4.8949353477254,0
						</coordinates>
					</LinearRing>
				</outerBoundaryIs>
			</Polygon>
		</Placemark>
		<Placemark>
			<name>31474</name>
			<visibility>0</visibility>
			<ExtendedData>
				<SchemaData schemaUrl="#S_BLOQUE_LAS_CAPILLAS">
					<SimpleData name="AREA_HA">1.3896</SimpleData>
					<SimpleData name="NOM_LOC">JIBITO</SimpleData>
					<SimpleData name="NOM_PRE">LA CAPILLA</SimpleData>
					<SimpleData name="NOM_BLO">LAS CAPILLAS</SimpleData>
					<SimpleData name="CODCAT">31474</SimpleData>
					<SimpleData name="USUARIO">CHERO ELIAS, JOSE ISIDORO</SimpleData>
					<SimpleData name="AP_PAT_USU">CHERO</SimpleData>
					<SimpleData name="AP_MAT_USU">ELIAS</SimpleData>
					<SimpleData name="NOM_USU">JOSE ISIDORO</SimpleData>
					<SimpleData name="TIPODOC">LIBRETA MILITAR</SimpleData>
					<SimpleData name="NUM_DOC">1054002521</SimpleData>
					<SimpleData name="DESC_LIC">G.R.PIURA-420010-DRA.P-AACH-S.ATDRCH</SimpleData>
					<SimpleData name="PAR_AR_BR">1.3896</SimpleData>
					<SimpleData name="RES_ADM">517-2005-G.R.PIURA-420010-DRA.P-AACH-S.ATDRCH</SimpleData>
					<SimpleData name="TOMA">LAS CAPILLAS</SimpleData>
				</SchemaData>
			</ExtendedData>
			<Polygon>
				<outerBoundaryIs>
					<LinearRing>
						<coordinates>
							-80.73243138094584,-4.894182800995928,0 -80.73256854073145,-4.8949353477254,0 -80.73115912909508,-4.895294663062623,0 -80.73099816283235,-4.894534507594552,0 -80.73099816283235,-4.894534507594552,0 -80.73243138094584,-4.894182800995928,0
						</coordinates>
					</LinearRing>
				</outerBoundaryIs>
			</Polygon>
		</Placemark>
		<Placemark>
			<name>31477</name>
			<visibility>0</visibility>
			<ExtendedData>
				<SchemaData schemaUrl="#S_BLOQUE_LAS_CAPILLAS">
					<SimpleData name="AREA_HA">1.3512</SimpleData>
					<SimpleData name="NOM_LOC">JIBITO</SimpleData>
					<SimpleData name="NOM_PRE">LA CAPILLA</SimpleData>
					<SimpleData name="NOM_BLO">LAS CAPILLAS</SimpleData>
					<SimpleData name="CODCAT">31477</SimpleData>
					<SimpleData name="USUARIO">ALVARADO CHERO, JACINTO</SimpleData>
					<SimpleData name="AP_PAT_USU">ALVARADO</SimpleData>
					<SimpleData name="AP_MAT_USU">CHERO</SimpleData>
					<SimpleData name="NOM_USU">JACINTO</SimpleData>
					<SimpleData name="TIPODOC">DNI</SimpleData>
					<SimpleData name="NUM_DOC">03629967</SimpleData>
					<SimpleData name="DESC_LIC">G.R.PIURA-420010-DRA.P-AACH-S.ATDRCH</SimpleData>
					<SimpleData name="PAR_AR_BR">1.3512</SimpleData>
					<SimpleData name="RES_ADM">517-2005-G.R.PIURA-420010-DRA.P-AACH-S.ATDRCH</SimpleData>
					<SimpleData name="TOMA">LAS CAPILLAS</SimpleData>
				</SchemaData>
			</ExtendedData>
			<Polygon>
				<outerBoundaryIs>
					<LinearRing>
						<coordinates>
							-80.7322968315269,-4.893444277432424,0 -80.73243138094584,-4.894182800995928,0 -80.73099816283235,-4.894534507594552,0 -80.73084754977613,-4.893823388533296,0 -80.73084754977613,-4.893823388533296,0 -80.7322968315269,-4.893444277432424,0
						</coordinates>
					</LinearRing>
				</outerBoundaryIs>
			</Polygon>
		</Placemark>
		<Placemark>
			<name>31480</name>
			<visibility>0</visibility>
			<ExtendedData>
				<SchemaData schemaUrl="#S_BLOQUE_LAS_CAPILLAS">
					<SimpleData name="AREA_HA">1.4389</SimpleData>
					<SimpleData name="NOM_LOC">JIBITO</SimpleData>
					<SimpleData name="NOM_PRE">LA CAPILLA</SimpleData>
					<SimpleData name="NOM_BLO">LAS CAPILLAS</SimpleData>
					<SimpleData name="CODCAT">31480</SimpleData>
					<SimpleData name="USUARIO">YAKSETIG GUZMAN DE BEL, NEDDA GIGLIORA</SimpleData>
					<SimpleData name="AP_PAT_USU">YAKSETIG</SimpleData>
					<SimpleData name="AP_MAT_USU">GUZMAN DE BEL</SimpleData>
					<SimpleData name="NOM_USU">NEDDA GIGLIORA</SimpleData>
					<SimpleData name="TIPODOC">DNI</SimpleData>
					<SimpleData name="NUM_DOC">03640934</SimpleData>
					<SimpleData name="DESC_LIC">G.R.PIURA-420010-DRA.P-AACH-S.ATDRCH</SimpleData>
					<SimpleData name="PAR_AR_BR">1.4389</SimpleData>
					<SimpleData name="RES_ADM">517-2005-G.R.PIURA-420010-DRA.P-AACH-S.ATDRCH</SimpleData>
					<SimpleData name="TOMA">LAS CAPILLAS</SimpleData>
				</SchemaData>
			</ExtendedData>
			<Polygon>
				<outerBoundaryIs>
					<LinearRing>
						<coordinates>
							-80.73216291225692,-4.892709463179299,0 -80.7322968315269,-4.893444277432424,0 -80.73084754977613,-4.893823388533296,0 -80.73068091241794,-4.893036724334873,0 -80.73068091241794,-4.893036724334873,0 -80.73216291225692,-4.892709463179299,0
						</coordinates>
					</LinearRing>
				</outerBoundaryIs>
			</Polygon>
		</Placemark>
		<Placemark>
			<name>31483</name>
			<visibility>0</visibility>
			<ExtendedData>
				<SchemaData schemaUrl="#S_BLOQUE_LAS_CAPILLAS">
					<SimpleData name="AREA_HA">0.4713</SimpleData>
					<SimpleData name="NOM_LOC">JIBITO</SimpleData>
					<SimpleData name="NOM_PRE">LA CAPILLA</SimpleData>
					<SimpleData name="NOM_BLO">LAS CAPILLAS</SimpleData>
					<SimpleData name="CODCAT">31483</SimpleData>
					<SimpleData name="USUARIO">VILLAREAL CURAY, TIMOTEO</SimpleData>
					<SimpleData name="AP_PAT_USU">VILLAREAL</SimpleData>
					<SimpleData name="AP_MAT_USU">CURAY</SimpleData>
					<SimpleData name="NOM_USU">TIMOTEO</SimpleData>
					<SimpleData name="TIPODOC">DNI</SimpleData>
					<SimpleData name="NUM_DOC">03630089</SimpleData>
					<SimpleData name="DESC_LIC">G.R.PIURA-420010-DRA.P-AACH-S.ATDRCH</SimpleData>
					<SimpleData name="PAR_AR_BR">0.4713</SimpleData>
					<SimpleData name="RES_ADM">517-2005-G.R.PIURA-420010-DRA.P-AACH-S.ATDRCH</SimpleData>
					<SimpleData name="TOMA">LAS CAPILLAS</SimpleData>
				</SchemaData>
			</ExtendedData>
			<Polygon>
				<outerBoundaryIs>
					<LinearRing>
						<coordinates>
							-80.73216291225692,-4.892709463179299,0 -80.73068091241794,-4.893036724334873,0 -80.73062617689881,-4.892778423423014,0 -80.73211592366147,-4.892474415066205,0 -80.73216291225692,-4.892709463179299,0 -80.73216291225692,-4.892709463179299,0
						</coordinates>
					</LinearRing>
				</outerBoundaryIs>
			</Polygon>
		</Placemark>
		<Placemark>
			<name>31497</name>
			<visibility>0</visibility>
			<ExtendedData>
				<SchemaData schemaUrl="#S_BLOQUE_LAS_CAPILLAS">
					<SimpleData name="AREA_HA">0.2512</SimpleData>
					<SimpleData name="NOM_LOC">JIBITO</SimpleData>
					<SimpleData name="NOM_PRE">LA CAPILLA</SimpleData>
					<SimpleData name="NOM_BLO">LAS CAPILLAS</SimpleData>
					<SimpleData name="CODCAT">31497</SimpleData>
					<SimpleData name="USUARIO">MOGOLLON SILVA, ZACARIAS</SimpleData>
					<SimpleData name="AP_PAT_USU">MOGOLLON</SimpleData>
					<SimpleData name="AP_MAT_USU">SILVA</SimpleData>
					<SimpleData name="NOM_USU">ZACARIAS</SimpleData>
					<SimpleData name="TIPODOC">DNI</SimpleData>
					<SimpleData name="NUM_DOC">03629732</SimpleData>
					<SimpleData name="DESC_LIC">G.R.PIURA-420010-DRA.P-AACH-S.ATDRCH</SimpleData>
					<SimpleData name="PAR_AR_BR">0.2512</SimpleData>
					<SimpleData name="RES_ADM">517-2005-G.R.PIURA-420010-DRA.P-AACH-S.ATDRCH</SimpleData>
					<SimpleData name="TOMA">LAS CAPILLAS</SimpleData>
				</SchemaData>
			</ExtendedData>
			<Polygon>
				<outerBoundaryIs>
					<LinearRing>
						<coordinates>
							-80.72965997466032,-4.893145148731096,0 -80.72960494442481,-4.892948816550522,0 -80.73059550771853,-4.892787457814249,0 -80.73063808928323,-4.892989665253942,0 -80.73063808928323,-4.892989665253942,0 -80.72965997466032,-4.893145148731096,0
						</coordinates>
					</LinearRing>
				</outerBoundaryIs>
			</Polygon>
		</Placemark>
		<Placemark>
			<name>31496</name>
			<visibility>0</visibility>
			<ExtendedData>
				<SchemaData schemaUrl="#S_BLOQUE_LAS_CAPILLAS">
					<SimpleData name="AREA_HA">0.1989</SimpleData>
					<SimpleData name="NOM_LOC">JIBITO</SimpleData>
					<SimpleData name="NOM_PRE">LA CAPILLA</SimpleData>
					<SimpleData name="NOM_BLO">LAS CAPILLAS</SimpleData>
					<SimpleData name="CODCAT">31496</SimpleData>
					<SimpleData name="USUARIO">REQUENA VDA.DE CORNEJO, TERESITA</SimpleData>
					<SimpleData name="AP_PAT_USU">REQUENA</SimpleData>
					<SimpleData name="AP_MAT_USU">VDA. DE CORNEJO</SimpleData>
					<SimpleData name="NOM_USU">TERESITA</SimpleData>
					<SimpleData name="TIPODOC">DNI</SimpleData>
					<SimpleData name="NUM_DOC">03630102</SimpleData>
					<SimpleData name="DESC_LIC">G.R.PIURA-420010-DRA.P-AACH-S.ATDRCH</SimpleData>
					<SimpleData name="PAR_AR_BR">0.2</SimpleData>
					<SimpleData name="RES_ADM">517-2005-G.R.PIURA-420010-DRA.P-AACH-S.ATDRCH</SimpleData>
					<SimpleData name="TOMA">LAS CAPILLAS</SimpleData>
				</SchemaData>
			</ExtendedData>
			<Polygon>
				<outerBoundaryIs>
					<LinearRing>
						<coordinates>
							-80.72886171592357,-4.893272115484447,0 -80.72881768892405,-4.893077144629265,0 -80.72960494442481,-4.892948816550522,0 -80.72965997466032,-4.893145148731096,0 -80.72886171592357,-4.893272115484447,0 -80.72886171592357,-4.893272115484447,0
						</coordinates>
					</LinearRing>
				</outerBoundaryIs>
			</Polygon>
		</Placemark>
		<Placemark>
			<name>31498</name>
			<visibility>0</visibility>
			<ExtendedData>
				<SchemaData schemaUrl="#S_BLOQUE_LAS_CAPILLAS">
					<SimpleData name="AREA_HA">2.3461</SimpleData>
					<SimpleData name="NOM_LOC">JIBITO</SimpleData>
					<SimpleData name="NOM_PRE">LA CAPILLA</SimpleData>
					<SimpleData name="NOM_BLO">LAS CAPILLAS</SimpleData>
					<SimpleData name="CODCAT">31498</SimpleData>
					<SimpleData name="USUARIO">CHERO ELIAS, MANUEL SACRAMENTO</SimpleData>
					<SimpleData name="AP_PAT_USU">CHERO</SimpleData>
					<SimpleData name="AP_MAT_USU">ELIAS</SimpleData>
					<SimpleData name="NOM_USU">MANUEL SACRAMENTO</SimpleData>
					<SimpleData name="TIPODOC">DNI</SimpleData>
					<SimpleData name="NUM_DOC">03629634</SimpleData>
					<SimpleData name="DESC_LIC">G.R.PIURA-420010-DRA.P-AACH-S.ATDRCH</SimpleData>
					<SimpleData name="PAR_AR_BR">2.3461</SimpleData>
					<SimpleData name="RES_ADM">517-2005-G.R.PIURA-420010-DRA.P-AACH-S.ATDRCH</SimpleData>
					<SimpleData name="TOMA">LAS CAPILLAS</SimpleData>
				</SchemaData>
			</ExtendedData>
			<Polygon>
				<outerBoundaryIs>
					<LinearRing>
						<coordinates>
							-80.72909877764636,-4.894322424748787,0 -80.72886171592357,-4.893272115484447,0 -80.72965997466032,-4.893145148731096,0 -80.73063808928323,-4.892989665253942,0 -80.73085531897775,-4.894020335156366,0 -80.73085531897775,-4.894020335156366,0 -80.72909877764636,-4.894322424748787,0
						</coordinates>
					</LinearRing>
				</outerBoundaryIs>
			</Polygon>
		</Placemark>
		<Placemark>
			<name>31500</name>
			<visibility>0</visibility>
			<ExtendedData>
				<SchemaData schemaUrl="#S_BLOQUE_LAS_CAPILLAS">
					<SimpleData name="AREA_HA">2.1769</SimpleData>
					<SimpleData name="NOM_LOC">JIBITO</SimpleData>
					<SimpleData name="NOM_PRE">LA CAPILLA</SimpleData>
					<SimpleData name="NOM_BLO">LAS CAPILLAS</SimpleData>
					<SimpleData name="CODCAT">31500</SimpleData>
					<SimpleData name="USUARIO">YARLEQUE YESQUEN, ISIDORO</SimpleData>
					<SimpleData name="AP_PAT_USU">YARLEQUE</SimpleData>
					<SimpleData name="AP_MAT_USU">YESQUEN</SimpleData>
					<SimpleData name="NOM_USU">ISIDORO</SimpleData>
					<SimpleData name="TIPODOC">LIBRETA MILITAR</SimpleData>
					<SimpleData name="NUM_DOC">110964-44</SimpleData>
					<SimpleData name="DESC_LIC">G.R.PIURA-420010-DRA.P-AACH-S.ATDRCH</SimpleData>
					<SimpleData name="PAR_AR_BR">2.1769</SimpleData>
					<SimpleData name="RES_ADM">517-2005-G.R.PIURA-420010-DRA.P-AACH-S.ATDRCH</SimpleData>
					<SimpleData name="TOMA">LAS CAPILLAS</SimpleData>
				</SchemaData>
			</ExtendedData>
			<Polygon>
				<outerBoundaryIs>
					<LinearRing>
						<coordinates>
							-80.7293171126621,-4.895289860022078,0 -80.72909877764636,-4.894322424748787,0 -80.73085531897775,-4.894020335156366,0 -80.73106183638116,-4.894999887703902,0 -80.73106183638116,-4.894999887703902,0 -80.7293171126621,-4.895289860022078,0
						</coordinates>
					</LinearRing>
				</outerBoundaryIs>
			</Polygon>
		</Placemark>
		<Placemark>
			<name>31502</name>
			<visibility>0</visibility>
			<ExtendedData>
				<SchemaData schemaUrl="#S_BLOQUE_LAS_CAPILLAS">
					<SimpleData name="AREA_HA">2.3188</SimpleData>
					<SimpleData name="NOM_LOC">JIBITO</SimpleData>
					<SimpleData name="NOM_PRE">LA CAPILLA</SimpleData>
					<SimpleData name="NOM_BLO">LAS CAPILLAS</SimpleData>
					<SimpleData name="CODCAT">31502</SimpleData>
					<SimpleData name="USUARIO">SANDOVAL RAMOS, SALUSTIANO</SimpleData>
					<SimpleData name="AP_PAT_USU">SANDOVAL</SimpleData>
					<SimpleData name="AP_MAT_USU">RAMOS</SimpleData>
					<SimpleData name="NOM_USU">SALUSTIANO</SimpleData>
					<SimpleData name="TIPODOC">DNI</SimpleData>
					<SimpleData name="NUM_DOC">03630811</SimpleData>
					<SimpleData name="DESC_LIC">G.R.PIURA-420010-DRA.P-AACH-S.ATDRCH</SimpleData>
					<SimpleData name="PAR_AR_BR">2.3188</SimpleData>
					<SimpleData name="RES_ADM">517-2005-G.R.PIURA-420010-DRA.P-AACH-S.ATDRCH</SimpleData>
					<SimpleData name="TOMA">LAS CAPILLAS</SimpleData>
				</SchemaData>
			</ExtendedData>
			<Polygon>
				<outerBoundaryIs>
					<LinearRing>
						<coordinates>
							-80.72955453587555,-4.896341526268547,0 -80.7293171126621,-4.895289860022078,0 -80.73106183638116,-4.894999887703902,0 -80.73128330366619,-4.896037253608679,0 -80.73128330366619,-4.896037253608679,0 -80.72955453587555,-4.896341526268547,0
						</coordinates>
					</LinearRing>
				</outerBoundaryIs>
			</Polygon>
		</Placemark>
		<Placemark>
			<name>31504</name>
			<visibility>0</visibility>
			<ExtendedData>
				<SchemaData schemaUrl="#S_BLOQUE_LAS_CAPILLAS">
					<SimpleData name="AREA_HA">2.3312</SimpleData>
					<SimpleData name="NOM_LOC">JIBITO</SimpleData>
					<SimpleData name="NOM_PRE">LA CAPILLA</SimpleData>
					<SimpleData name="NOM_BLO">LAS CAPILLAS</SimpleData>
					<SimpleData name="CODCAT">31504</SimpleData>
					<SimpleData name="USUARIO">CHIROQUE CALDERON, JOSE MERCEDES</SimpleData>
					<SimpleData name="AP_PAT_USU">CHIROQUE</SimpleData>
					<SimpleData name="AP_MAT_USU">CALDERON</SimpleData>
					<SimpleData name="NOM_USU">JOSE MERCEDES</SimpleData>
					<SimpleData name="TIPODOC">DNI</SimpleData>
					<SimpleData name="NUM_DOC">03630275</SimpleData>
					<SimpleData name="DESC_LIC">G.R.PIURA-420010-DRA.P-AACH-S.ATDRCH</SimpleData>
					<SimpleData name="PAR_AR_BR">2.3312</SimpleData>
					<SimpleData name="RES_ADM">517-2005-G.R.PIURA-420010-DRA.P-AACH-S.ATDRCH</SimpleData>
					<SimpleData name="TOMA">LAS CAPILLAS</SimpleData>
				</SchemaData>
			</ExtendedData>
			<Polygon>
				<outerBoundaryIs>
					<LinearRing>
						<coordinates>
							-80.7297935802921,-4.897400611259972,0 -80.72955453587555,-4.896341526268547,0 -80.73128330366619,-4.896037253608679,0 -80.73150837167758,-4.897093980501587,0 -80.73150837167758,-4.897093980501587,0 -80.7297935802921,-4.897400611259972,0
						</coordinates>
					</LinearRing>
				</outerBoundaryIs>
			</Polygon>
		</Placemark>
		<Placemark>
			<name>31506</name>
			<visibility>0</visibility>
			<ExtendedData>
				<SchemaData schemaUrl="#S_BLOQUE_LAS_CAPILLAS">
					<SimpleData name="AREA_HA">3.6339</SimpleData>
					<SimpleData name="NOM_LOC">JIBITO</SimpleData>
					<SimpleData name="NOM_PRE">LA CAPILLA</SimpleData>
					<SimpleData name="NOM_BLO">LAS CAPILLAS</SimpleData>
					<SimpleData name="CODCAT">31506</SimpleData>
					<SimpleData name="USUARIO">JIMENEZ TABOADA, FERNANDO</SimpleData>
					<SimpleData name="AP_PAT_USU">JIMENEZ</SimpleData>
					<SimpleData name="AP_MAT_USU">TABOADA</SimpleData>
					<SimpleData name="NOM_USU">FERNANDO</SimpleData>
					<SimpleData name="TIPODOC">DNI</SimpleData>
					<SimpleData name="NUM_DOC">03648541</SimpleData>
					<SimpleData name="DESC_LIC">G.R.PIURA-420010-DRA.P-AACH-S.ATDRCH</SimpleData>
					<SimpleData name="PAR_AR_BR">3.6339</SimpleData>
					<SimpleData name="RES_ADM">517-2005-G.R.PIURA-420010-DRA.P-AACH-S.ATDRCH</SimpleData>
					<SimpleData name="TOMA">LAS CAPILLAS</SimpleData>
				</SchemaData>
			</ExtendedData>
			<Polygon>
				<outerBoundaryIs>
					<LinearRing>
						<coordinates>
							-80.7312587795216,-4.898764780606797,0 -80.73116768629247,-4.898758411920479,0 -80.73106847241648,-4.898760181902359,0 -80.73096294426257,-4.898763758676177,0 -80.73086824578488,-4.898751055930322,0 -80.73076182283405,-4.898736539206339,0 -80.73066802594624,-4.89872474144597,0 -80.73056430667565,-4.898715653697816,0 -80.73047231152719,-4.89870928455926,0 -80.730370393279,-4.89870743474116,0 -80.73027298186003,-4.898712823943945,0 -80.73019270475304,-4.898724552537061,0 -80.73009800164959,-4.898723610202971,0 -80.73009231919147,-4.898724241200565,0 -80.73008068365807,-4.898725593553475,0 -80.72999697997163,-4.89873533051713,0 -80.72990047406732,-4.898731673470844,0 -80.72980216428942,-4.898728015692084,0 -80.72971017022738,-4.898718932483,0 -80.7296199793269,-4.898711659291191,0 -80.72957759076618,-4.898705309803595,0 -80.72956767016903,-4.898703496537198,0 -80.72955414397271,-4.898696253900168,0 -80.72954422660291,-4.898686298735536,0 -80.72953431891521,-4.898651917877115,0 -80.72926915592895,-4.89749828591064,0 -80.72977824824095,-4.897398433980196,0 -80.72985982191368,-4.897756529119278,0 -80.72987299168908,-4.89775273481029,0 -80.7297935802921,-4.897400611259972,0 -80.73150837167758,-4.897093980501587,0 -80.73169480855501,-4.89799463894939,0 -80.73117693801836,-4.89816858014242,0 -80.7312776294886,-4.898766145058269,0 -80.7312776294886,-4.898766145058269,0 -80.7312587795216,-4.898764780606797,0
						</coordinates>
					</LinearRing>
				</outerBoundaryIs>
			</Polygon>
		</Placemark>
		<Placemark>
			<name>31505</name>
			<visibility>0</visibility>
			<ExtendedData>
				<SchemaData schemaUrl="#S_BLOQUE_LAS_CAPILLAS">
					<SimpleData name="AREA_HA">0.6907</SimpleData>
					<SimpleData name="NOM_LOC">JIBITO</SimpleData>
					<SimpleData name="NOM_PRE">LA CAPILLA</SimpleData>
					<SimpleData name="NOM_BLO">LAS CAPILLAS</SimpleData>
					<SimpleData name="CODCAT">31505</SimpleData>
					<SimpleData name="USUARIO">CHIROQUE CALDERON, JOSE MERCEDES</SimpleData>
					<SimpleData name="AP_PAT_USU">CHIROQUE</SimpleData>
					<SimpleData name="AP_MAT_USU">CALDERON</SimpleData>
					<SimpleData name="NOM_USU">JOSE MERCEDES</SimpleData>
					<SimpleData name="TIPODOC">DNI</SimpleData>
					<SimpleData name="NUM_DOC">03630275</SimpleData>
					<SimpleData name="DESC_LIC">G.R.PIURA-420010-DRA.P-AACH-S.ATDRCH</SimpleData>
					<SimpleData name="PAR_AR_BR">0.6907</SimpleData>
					<SimpleData name="RES_ADM">517-2005-G.R.PIURA-420010-DRA.P-AACH-S.ATDRCH</SimpleData>
					<SimpleData name="TOMA">LAS CAPILLAS</SimpleData>
				</SchemaData>
			</ExtendedData>
			<Polygon>
				<outerBoundaryIs>
					<LinearRing>
						<coordinates>
							-80.72953892954168,-4.896348757292685,0 -80.72977824824095,-4.897398433980196,0 -80.72926915592895,-4.89749828591064,0 -80.72902677326054,-4.89644399411973,0 -80.72902677326054,-4.89644399411973,0 -80.72953892954168,-4.896348757292685,0
						</coordinates>
					</LinearRing>
				</outerBoundaryIs>
			</Polygon>
		</Placemark>
		<Placemark>
			<name>31503</name>
			<visibility>0</visibility>
			<ExtendedData>
				<SchemaData schemaUrl="#S_BLOQUE_LAS_CAPILLAS">
					<SimpleData name="AREA_HA">0.6981</SimpleData>
					<SimpleData name="NOM_LOC">JIBITO</SimpleData>
					<SimpleData name="NOM_PRE">LA CAPILLA</SimpleData>
					<SimpleData name="NOM_BLO">LAS CAPILLAS</SimpleData>
					<SimpleData name="CODCAT">31503</SimpleData>
					<SimpleData name="USUARIO">SANDOVAL RAMOS, SALUSTIANO</SimpleData>
					<SimpleData name="AP_PAT_USU">SANDOVAL</SimpleData>
					<SimpleData name="AP_MAT_USU">RAMOS</SimpleData>
					<SimpleData name="NOM_USU">SALUSTIANO</SimpleData>
					<SimpleData name="TIPODOC">DNI</SimpleData>
					<SimpleData name="NUM_DOC">03630811</SimpleData>
					<SimpleData name="DESC_LIC">G.R.PIURA-420010-DRA.P-AACH-S.ATDRCH</SimpleData>
					<SimpleData name="PAR_AR_BR">0.6981</SimpleData>
					<SimpleData name="RES_ADM">517-2005-G.R.PIURA-420010-DRA.P-AACH-S.ATDRCH</SimpleData>
					<SimpleData name="TOMA">LAS CAPILLAS</SimpleData>
				</SchemaData>
			</ExtendedData>
			<Polygon>
				<outerBoundaryIs>
					<LinearRing>
						<coordinates>
							-80.72929907159794,-4.895295914018883,0 -80.72953892954168,-4.896348757292685,0 -80.72902677326054,-4.89644399411973,0 -80.7287818701996,-4.895378754911528,0 -80.72929907159794,-4.895295914018883,0 -80.72929907159794,-4.895295914018883,0
						</coordinates>
					</LinearRing>
				</outerBoundaryIs>
			</Polygon>
		</Placemark>
		<Placemark>
			<name>31501</name>
			<visibility>0</visibility>
			<ExtendedData>
				<SchemaData schemaUrl="#S_BLOQUE_LAS_CAPILLAS">
					<SimpleData name="AREA_HA">0.6409</SimpleData>
					<SimpleData name="NOM_LOC">JIBITO</SimpleData>
					<SimpleData name="NOM_PRE">LA CAPILLA</SimpleData>
					<SimpleData name="NOM_BLO">LAS CAPILLAS</SimpleData>
					<SimpleData name="CODCAT">31501</SimpleData>
					<SimpleData name="USUARIO">YARLEQUE YESQUEN, ISIDORO</SimpleData>
					<SimpleData name="AP_PAT_USU">YARLEQUE</SimpleData>
					<SimpleData name="AP_MAT_USU">YESQUEN</SimpleData>
					<SimpleData name="NOM_USU">ISIDORO</SimpleData>
					<SimpleData name="TIPODOC">LIBRETA MILITAR</SimpleData>
					<SimpleData name="NUM_DOC">110964-44</SimpleData>
					<SimpleData name="DESC_LIC">G.R.PIURA-420010-DRA.P-AACH-S.ATDRCH</SimpleData>
					<SimpleData name="PAR_AR_BR">0.6409</SimpleData>
					<SimpleData name="RES_ADM">517-2005-G.R.PIURA-420010-DRA.P-AACH-S.ATDRCH</SimpleData>
					<SimpleData name="TOMA">LAS CAPILLAS</SimpleData>
				</SchemaData>
			</ExtendedData>
			<Polygon>
				<outerBoundaryIs>
					<LinearRing>
						<coordinates>
							-80.72907722136989,-4.894322687542834,0 -80.72929907159794,-4.895295914018883,0 -80.7287818701996,-4.895378754911528,0 -80.7285602876557,-4.894414665434117,0 -80.7285602876557,-4.894414665434117,0 -80.72907722136989,-4.894322687542834,0
						</coordinates>
					</LinearRing>
				</outerBoundaryIs>
			</Polygon>
		</Placemark>
		<Placemark>
			<name>31495</name>
			<visibility>0</visibility>
			<ExtendedData>
				<SchemaData schemaUrl="#S_BLOQUE_LAS_CAPILLAS">
					<SimpleData name="AREA_HA">0.1262</SimpleData>
					<SimpleData name="NOM_LOC">JIBITO</SimpleData>
					<SimpleData name="NOM_PRE">LA CAPILLA</SimpleData>
					<SimpleData name="NOM_BLO">LAS CAPILLAS</SimpleData>
					<SimpleData name="CODCAT">31495</SimpleData>
					<SimpleData name="USUARIO">REQUENA VDA.DE CORNEJO, TERESITA</SimpleData>
					<SimpleData name="AP_PAT_USU">REQUENA</SimpleData>
					<SimpleData name="AP_MAT_USU">VDA. DE CORNEJO</SimpleData>
					<SimpleData name="NOM_USU">TERESITA</SimpleData>
					<SimpleData name="TIPODOC">DNI</SimpleData>
					<SimpleData name="NUM_DOC">03630102</SimpleData>
					<SimpleData name="DESC_LIC">G.R.PIURA-420010-DRA.P-AACH-S.ATDRCH</SimpleData>
					<SimpleData name="PAR_AR_BR">0.1262</SimpleData>
					<SimpleData name="RES_ADM">517-2005-G.R.PIURA-420010-DRA.P-AACH-S.ATDRCH</SimpleData>
					<SimpleData name="TOMA">LAS CAPILLAS</SimpleData>
				</SchemaData>
			</ExtendedData>
			<Polygon>
				<outerBoundaryIs>
					<LinearRing>
						<coordinates>
							-80.72831304498422,-4.89333911206419,0 -80.72827108765134,-4.89315653579077,0 -80.72878611957613,-4.893081655298184,0 -80.72879333681242,-4.893077134903106,0 -80.72883889514713,-4.893276991511049,0 -80.72883889514713,-4.893276991511049,0 -80.72831304498422,-4.89333911206419,0
						</coordinates>
					</LinearRing>
				</outerBoundaryIs>
			</Polygon>
		</Placemark>
		<Placemark>
			<name>31499</name>
			<visibility>0</visibility>
			<ExtendedData>
				<SchemaData schemaUrl="#S_BLOQUE_LAS_CAPILLAS">
					<SimpleData name="AREA_HA">0.7043</SimpleData>
					<SimpleData name="NOM_LOC">JIBITO</SimpleData>
					<SimpleData name="NOM_PRE">LA CAPILLA</SimpleData>
					<SimpleData name="NOM_BLO">LAS CAPILLAS</SimpleData>
					<SimpleData name="CODCAT">31499</SimpleData>
					<SimpleData name="USUARIO">CHERO ELIAS, MANUEL SACRAMENTO</SimpleData>
					<SimpleData name="AP_PAT_USU">CHERO</SimpleData>
					<SimpleData name="AP_MAT_USU">ELIAS</SimpleData>
					<SimpleData name="NOM_USU">MANUEL SACRAMENTO</SimpleData>
					<SimpleData name="TIPODOC">DNI</SimpleData>
					<SimpleData name="NUM_DOC">03629634</SimpleData>
					<SimpleData name="DESC_LIC">G.R.PIURA-420010-DRA.P-AACH-S.ATDRCH</SimpleData>
					<SimpleData name="PAR_AR_BR">0.7043</SimpleData>
					<SimpleData name="RES_ADM">517-2005-G.R.PIURA-420010-DRA.P-AACH-S.ATDRCH</SimpleData>
					<SimpleData name="TOMA">LAS CAPILLAS</SimpleData>
				</SchemaData>
			</ExtendedData>
			<Polygon>
				<outerBoundaryIs>
					<LinearRing>
						<coordinates>
							-80.72907722136989,-4.894322687542834,0 -80.7285602876557,-4.894414665434117,0 -80.72851625932176,-4.894223132256819,0 -80.72831304498422,-4.89333911206419,0 -80.72883889514713,-4.893276991511049,0 -80.72883889514713,-4.893276991511049,0 -80.72907722136989,-4.894322687542834,0
						</coordinates>
					</LinearRing>
				</outerBoundaryIs>
			</Polygon>
		</Placemark>
		<Placemark>
			<name>31592</name>
			<visibility>0</visibility>
			<ExtendedData>
				<SchemaData schemaUrl="#S_BLOQUE_LAS_CAPILLAS">
					<SimpleData name="AREA_HA">0.6679</SimpleData>
					<SimpleData name="NOM_LOC">JIBITO</SimpleData>
					<SimpleData name="NOM_PRE">LA CAPILLA</SimpleData>
					<SimpleData name="NOM_BLO">LAS CAPILLAS</SimpleData>
					<SimpleData name="CODCAT">31592</SimpleData>
					<SimpleData name="USUARIO">YAKSETIG GUZMAN DE BEL, NEDDA GIGLIORA</SimpleData>
					<SimpleData name="AP_PAT_USU">YAKSETIG</SimpleData>
					<SimpleData name="AP_MAT_USU">GUZMAN DE BEL</SimpleData>
					<SimpleData name="NOM_USU">NEDDA GIGLIORA</SimpleData>
					<SimpleData name="TIPODOC">DNI</SimpleData>
					<SimpleData name="NUM_DOC">03640934</SimpleData>
					<SimpleData name="DESC_LIC">G.R.PIURA-420010-DRA.P-AACH-S.ATDRCH</SimpleData>
					<SimpleData name="PAR_AR_BR">0.6679</SimpleData>
					<SimpleData name="RES_ADM">517-2005-G.R.PIURA-420010-DRA.P-AACH-S.ATDRCH</SimpleData>
					<SimpleData name="TOMA">LAS CAPILLAS</SimpleData>
				</SchemaData>
			</ExtendedData>
			<Polygon>
				<outerBoundaryIs>
					<LinearRing>
						<coordinates>
							-80.72809148951858,-4.897066656144091,0 -80.72795081624162,-4.896542171016282,0 -80.72793532860246,-4.896477843807143,0 -80.72803563565506,-4.896447939926512,0 -80.7287815161725,-4.896269930886144,0 -80.72880465106917,-4.896382750669939,0 -80.72882986426744,-4.896485891470039,0 -80.72885237669914,-4.896576366013477,0 -80.72887669372463,-4.896665031966416,0 -80.72890371512375,-4.896757317621015,0 -80.72896409591588,-4.896880374887591,0 -80.72809148951858,-4.897066656144091,0 -80.72809148951858,-4.897066656144091,0
						</coordinates>
					</LinearRing>
				</outerBoundaryIs>
			</Polygon>
		</Placemark>
		<Placemark>
			<name>31508</name>
			<visibility>0</visibility>
			<ExtendedData>
				<SchemaData schemaUrl="#S_BLOQUE_LAS_CAPILLAS">
					<SimpleData name="AREA_HA">0.78</SimpleData>
					<SimpleData name="NOM_LOC">JIBITO</SimpleData>
					<SimpleData name="NOM_PRE">LA CAPILLA</SimpleData>
					<SimpleData name="NOM_BLO">LAS CAPILLAS</SimpleData>
					<SimpleData name="CODCAT">31508</SimpleData>
					<SimpleData name="USUARIO">SANDOVAL RUMICHE, JUAN</SimpleData>
					<SimpleData name="AP_PAT_USU">SANDOVAL</SimpleData>
					<SimpleData name="AP_MAT_USU">RUMICHE</SimpleData>
					<SimpleData name="NOM_USU">JUAN</SimpleData>
					<SimpleData name="TIPODOC">DNI</SimpleData>
					<SimpleData name="NUM_DOC">03630580</SimpleData>
					<SimpleData name="DESC_LIC">G.R.PIURA-420010-DRA.P-AACH-S.ATDRCH</SimpleData>
					<SimpleData name="PAR_AR_BR">0.78</SimpleData>
					<SimpleData name="RES_ADM">517-2005-G.R.PIURA-420010-DRA.P-AACH-S.ATDRCH</SimpleData>
					<SimpleData name="TOMA">LAS CAPILLAS</SimpleData>
				</SchemaData>
			</ExtendedData>
			<Polygon>
				<outerBoundaryIs>
					<LinearRing>
						<coordinates>
							-80.72803563565506,-4.896447939926512,0 -80.72793532860246,-4.896477843807143,0 -80.72776118376751,-4.895752330792078,0 -80.72863369410825,-4.895576634299923,0 -80.72864260203528,-4.895630012534975,0 -80.72866060439176,-4.895721389936261,0 -80.7286695870558,-4.895813668386301,0 -80.72869029594005,-4.895903237557981,0 -80.72871370811468,-4.895999140398091,0 -80.72873712065469,-4.89609413858215,0 -80.72876053140341,-4.896193660042143,0 -80.7287815161725,-4.896269930886144,0 -80.7287815161725,-4.896269930886144,0 -80.72803563565506,-4.896447939926512,0
						</coordinates>
					</LinearRing>
				</outerBoundaryIs>
			</Polygon>
		</Placemark>
		<Placemark>
			<name>31510</name>
			<visibility>0</visibility>
			<ExtendedData>
				<SchemaData schemaUrl="#S_BLOQUE_LAS_CAPILLAS">
					<SimpleData name="AREA_HA">0.7787</SimpleData>
					<SimpleData name="NOM_LOC">JIBITO</SimpleData>
					<SimpleData name="NOM_PRE">LA CAPILLA</SimpleData>
					<SimpleData name="NOM_BLO">LAS CAPILLAS</SimpleData>
					<SimpleData name="CODCAT">31510</SimpleData>
					<SimpleData name="USUARIO">ATOCHE MONTERO, NOLBERTO</SimpleData>
					<SimpleData name="AP_PAT_USU">ATOCHE</SimpleData>
					<SimpleData name="AP_MAT_USU">MONTERO</SimpleData>
					<SimpleData name="NOM_USU">NOLBERTO</SimpleData>
					<SimpleData name="TIPODOC">DNI</SimpleData>
					<SimpleData name="NUM_DOC">03629808</SimpleData>
					<SimpleData name="DESC_LIC">G.R.PIURA-420010-DRA.P-AACH-S.ATDRCH</SimpleData>
					<SimpleData name="PAR_AR_BR">0.7787</SimpleData>
					<SimpleData name="RES_ADM">517-2005-G.R.PIURA-420010-DRA.P-AACH-S.ATDRCH</SimpleData>
					<SimpleData name="TOMA">LAS CAPILLAS</SimpleData>
				</SchemaData>
			</ExtendedData>
			<Polygon>
				<outerBoundaryIs>
					<LinearRing>
						<coordinates>
							-80.72776118376751,-4.895752330792078,0 -80.72759206529382,-4.895088969581416,0 -80.72851572041212,-4.894898095507529,0 -80.728549929113,-4.895060947177319,0 -80.72856162726639,-4.895128801017245,0 -80.72858233252406,-4.895227416745489,0 -80.72859852632376,-4.895330553946488,0 -80.7286120146876,-4.895432785409703,0 -80.72862640570712,-4.895533207922549,0 -80.72863369410825,-4.895576634299923,0 -80.72863369410825,-4.895576634299923,0 -80.72776118376751,-4.895752330792078,0
						</coordinates>
					</LinearRing>
				</outerBoundaryIs>
			</Polygon>
		</Placemark>
		<Placemark>
			<name>31593</name>
			<visibility>0</visibility>
			<ExtendedData>
				<SchemaData schemaUrl="#S_BLOQUE_LAS_CAPILLAS">
					<SimpleData name="AREA_HA">0.5614</SimpleData>
					<SimpleData name="NOM_LOC">JIBITO</SimpleData>
					<SimpleData name="NOM_PRE">LA CAPILLA</SimpleData>
					<SimpleData name="NOM_BLO">LAS CAPILLAS</SimpleData>
					<SimpleData name="CODCAT">31593</SimpleData>
					<SimpleData name="USUARIO">YAKSETIG GUZMAN DE BEL, NEDDA GIGLIORA</SimpleData>
					<SimpleData name="AP_PAT_USU">YAKSETIG</SimpleData>
					<SimpleData name="AP_MAT_USU">GUZMAN DE BEL</SimpleData>
					<SimpleData name="NOM_USU">NEDDA GIGLIORA</SimpleData>
					<SimpleData name="TIPODOC">DNI</SimpleData>
					<SimpleData name="NUM_DOC">03640934</SimpleData>
					<SimpleData name="DESC_LIC">G.R.PIURA-420010-DRA.P-AACH-S.ATDRCH</SimpleData>
					<SimpleData name="PAR_AR_BR">0.5614</SimpleData>
					<SimpleData name="RES_ADM">517-2005-G.R.PIURA-420010-DRA.P-AACH-S.ATDRCH</SimpleData>
					<SimpleData name="TOMA">LAS CAPILLAS</SimpleData>
				</SchemaData>
			</ExtendedData>
			<Polygon>
				<outerBoundaryIs>
					<LinearRing>
						<coordinates>
							-80.72728454924538,-4.897238850013455,0 -80.72715571224776,-4.896663527882,0 -80.72788679882579,-4.89649211790129,0 -80.72804278086441,-4.897077040157221,0 -80.72804278086441,-4.897077040157221,0 -80.72728454924538,-4.897238850013455,0
						</coordinates>
					</LinearRing>
				</outerBoundaryIs>
			</Polygon>
		</Placemark>
		<Placemark>
			<name>31509</name>
			<visibility>0</visibility>
			<ExtendedData>
				<SchemaData schemaUrl="#S_BLOQUE_LAS_CAPILLAS">
					<SimpleData name="AREA_HA">0.6959</SimpleData>
					<SimpleData name="NOM_LOC">JIBITO</SimpleData>
					<SimpleData name="NOM_PRE">LA CAPILLA</SimpleData>
					<SimpleData name="NOM_BLO">LAS CAPILLAS</SimpleData>
					<SimpleData name="CODCAT">31509</SimpleData>
					<SimpleData name="USUARIO">SANDOVAL RUMICHE, JUAN</SimpleData>
					<SimpleData name="AP_PAT_USU">SANDOVAL</SimpleData>
					<SimpleData name="AP_MAT_USU">RUMICHE</SimpleData>
					<SimpleData name="NOM_USU">JUAN</SimpleData>
					<SimpleData name="TIPODOC">DNI</SimpleData>
					<SimpleData name="NUM_DOC">03630580</SimpleData>
					<SimpleData name="DESC_LIC">G.R.PIURA-420010-DRA.P-AACH-S.ATDRCH</SimpleData>
					<SimpleData name="PAR_AR_BR">0.6959</SimpleData>
					<SimpleData name="RES_ADM">517-2005-G.R.PIURA-420010-DRA.P-AACH-S.ATDRCH</SimpleData>
					<SimpleData name="TOMA">LAS CAPILLAS</SimpleData>
				</SchemaData>
			</ExtendedData>
			<Polygon>
				<outerBoundaryIs>
					<LinearRing>
						<coordinates>
							-80.72715571224776,-4.896663527882,0 -80.72715571224776,-4.896663527882,0 -80.72698645071773,-4.895907891654129,0 -80.72770940715232,-4.895766422642744,0 -80.72778639383839,-4.896089053647357,0 -80.72788679882579,-4.89649211790129,0 -80.72715571224776,-4.896663527882,0 -80.72715571224776,-4.896663527882,0
						</coordinates>
					</LinearRing>
				</outerBoundaryIs>
			</Polygon>
		</Placemark>
		<Placemark>
			<name>31511</name>
			<visibility>0</visibility>
			<ExtendedData>
				<SchemaData schemaUrl="#S_BLOQUE_LAS_CAPILLAS">
					<SimpleData name="AREA_HA">0.6096</SimpleData>
					<SimpleData name="NOM_LOC">JIBITO</SimpleData>
					<SimpleData name="NOM_PRE">LA CAPILLA</SimpleData>
					<SimpleData name="NOM_BLO">LAS CAPILLAS</SimpleData>
					<SimpleData name="CODCAT">31511</SimpleData>
					<SimpleData name="USUARIO">ATOCHE MONTERO, NOLBERTO</SimpleData>
					<SimpleData name="AP_PAT_USU">ATOCHE</SimpleData>
					<SimpleData name="AP_MAT_USU">MONTERO</SimpleData>
					<SimpleData name="NOM_USU">NOLBERTO</SimpleData>
					<SimpleData name="TIPODOC">DNI</SimpleData>
					<SimpleData name="NUM_DOC">03629808</SimpleData>
					<SimpleData name="DESC_LIC">G.R.PIURA-420010-DRA.P-AACH-S.ATDRCH</SimpleData>
					<SimpleData name="PAR_AR_BR">0.6096</SimpleData>
					<SimpleData name="RES_ADM">517-2005-G.R.PIURA-420010-DRA.P-AACH-S.ATDRCH</SimpleData>
					<SimpleData name="TOMA">LAS CAPILLAS</SimpleData>
				</SchemaData>
			</ExtendedData>
			<Polygon>
				<outerBoundaryIs>
					<LinearRing>
						<coordinates>
							-80.72698645071773,-4.895907891654129,0 -80.72683798714051,-4.895244810002144,0 -80.72753514864992,-4.89510070725439,0 -80.72770940715232,-4.895766422642744,0 -80.72698645071773,-4.895907891654129,0 -80.72698645071773,-4.895907891654129,0
						</coordinates>
					</LinearRing>
				</outerBoundaryIs>
			</Polygon>
		</Placemark>
		<Placemark>
			<name>31512</name>
			<visibility>0</visibility>
			<ExtendedData>
				<SchemaData schemaUrl="#S_BLOQUE_LAS_CAPILLAS">
					<SimpleData name="AREA_HA">1.8857</SimpleData>
					<SimpleData name="NOM_LOC">JIBITO</SimpleData>
					<SimpleData name="NOM_PRE">LA CAPILLA</SimpleData>
					<SimpleData name="NOM_BLO">LAS CAPILLAS</SimpleData>
					<SimpleData name="CODCAT">31512</SimpleData>
					<SimpleData name="USUARIO">ATOCHE MONTERO, NOLBERTO</SimpleData>
					<SimpleData name="AP_PAT_USU">ATOCHE</SimpleData>
					<SimpleData name="AP_MAT_USU">MONTERO</SimpleData>
					<SimpleData name="NOM_USU">NOLBERTO</SimpleData>
					<SimpleData name="TIPODOC">DNI</SimpleData>
					<SimpleData name="NUM_DOC">03629808</SimpleData>
					<SimpleData name="DESC_LIC">G.R.PIURA-420010-DRA.P-AACH-S.ATDRCH</SimpleData>
					<SimpleData name="PAR_AR_BR">1.8857</SimpleData>
					<SimpleData name="RES_ADM">517-2005-G.R.PIURA-420010-DRA.P-AACH-S.ATDRCH</SimpleData>
					<SimpleData name="TOMA">LAS CAPILLAS</SimpleData>
				</SchemaData>
			</ExtendedData>
			<Polygon>
				<outerBoundaryIs>
					<LinearRing>
						<coordinates>
							-80.72662197696958,-4.894336810912108,0 -80.72842057121019,-4.893979108393163,0 -80.728461887919,-4.894185205444668,0 -80.72835544812587,-4.894215016491438,0 -80.72847424266968,-4.894870034595895,0 -80.72682357503777,-4.895197762122592,0 -80.72662197696958,-4.894336810912108,0 -80.72662197696958,-4.894336810912108,0
						</coordinates>
					</LinearRing>
				</outerBoundaryIs>
			</Polygon>
		</Placemark>
		<Placemark>
			<name>31513</name>
			<visibility>0</visibility>
			<ExtendedData>
				<SchemaData schemaUrl="#S_BLOQUE_LAS_CAPILLAS">
					<SimpleData name="AREA_HA">2.0282</SimpleData>
					<SimpleData name="NOM_LOC">JIBITO</SimpleData>
					<SimpleData name="NOM_PRE">LA CAPILLA</SimpleData>
					<SimpleData name="NOM_BLO">LAS CAPILLAS</SimpleData>
					<SimpleData name="CODCAT">31513</SimpleData>
					<SimpleData name="USUARIO">PALOMINO CHIROQUE, MANUEL</SimpleData>
					<SimpleData name="AP_PAT_USU">PALOMINO</SimpleData>
					<SimpleData name="AP_MAT_USU">CHIROQUE</SimpleData>
					<SimpleData name="NOM_USU">MANUEL</SimpleData>
					<SimpleData name="TIPODOC">DNI</SimpleData>
					<SimpleData name="NUM_DOC">03630607</SimpleData>
					<SimpleData name="DESC_LIC">G.R.PIURA-420010-DRA.P-AACH-S.ATDRCH</SimpleData>
					<SimpleData name="PAR_AR_BR">2.0282</SimpleData>
					<SimpleData name="RES_ADM">517-2005-G.R.PIURA-420010-DRA.P-AACH-S.ATDRCH</SimpleData>
					<SimpleData name="TOMA">LAS CAPILLAS</SimpleData>
				</SchemaData>
			</ExtendedData>
			<Polygon>
				<outerBoundaryIs>
					<LinearRing>
						<coordinates>
							-80.72662197696958,-4.894336810912108,0 -80.72642019926222,-4.893475135851125,0 -80.7281628761972,-4.893105831767151,0 -80.72819895123951,-4.893111274142221,0 -80.72823024216602,-4.893126484880071,0 -80.72842057121019,-4.893979108393163,0 -80.72662197696958,-4.894336810912108,0 -80.72662197696958,-4.894336810912108,0
						</coordinates>
					</LinearRing>
				</outerBoundaryIs>
			</Polygon>
		</Placemark>
		<Placemark>
			<name>31524</name>
			<visibility>0</visibility>
			<ExtendedData>
				<SchemaData schemaUrl="#S_BLOQUE_LAS_CAPILLAS">
					<SimpleData name="AREA_HA">1.252</SimpleData>
					<SimpleData name="NOM_LOC">JIBITO</SimpleData>
					<SimpleData name="NOM_PRE">LA CAPILLA</SimpleData>
					<SimpleData name="NOM_BLO">LAS CAPILLAS</SimpleData>
					<SimpleData name="CODCAT">31524</SimpleData>
					<SimpleData name="USUARIO">AMAYA CHERO, SANTOS</SimpleData>
					<SimpleData name="AP_PAT_USU">AMAYA</SimpleData>
					<SimpleData name="AP_MAT_USU">CHERO</SimpleData>
					<SimpleData name="NOM_USU">SANTOS</SimpleData>
					<SimpleData name="TIPODOC">DNI</SimpleData>
					<SimpleData name="NUM_DOC">03629147</SimpleData>
					<SimpleData name="DESC_LIC">G.R.PIURA-420010-DRA.P-AACH-S.ATDRCH</SimpleData>
					<SimpleData name="PAR_AR_BR">1.252</SimpleData>
					<SimpleData name="RES_ADM">517-2005-G.R.PIURA-420010-DRA.P-AACH-S.ATDRCH</SimpleData>
					<SimpleData name="TOMA">LAS CAPILLAS</SimpleData>
				</SchemaData>
			</ExtendedData>
			<Polygon>
				<outerBoundaryIs>
					<LinearRing>
						<coordinates>
							-80.72505003716763,-4.894245167630864,0 -80.72437696080615,-4.894381678492379,0 -80.7243733936164,-4.894281260317484,0 -80.72436802585112,-4.894172699514336,0 -80.72436175177332,-4.894074994205193,0 -80.72435367383466,-4.893977288163236,0 -80.72435368040809,-4.89396100437232,0 -80.72435278651133,-4.893941101594894,0 -80.72435460571084,-4.893903106815292,0 -80.72485341830365,-4.893792036609119,0 -80.72636878886637,-4.89347601978653,0 -80.72647565931058,-4.89394720736902,0 -80.72577849637395,-4.894097460728095,0 -80.72505003716763,-4.894245167630864,0 -80.72505003716763,-4.894245167630864,0
						</coordinates>
					</LinearRing>
				</outerBoundaryIs>
			</Polygon>
		</Placemark>
		<Placemark>
			<name>31525</name>
			<visibility>0</visibility>
			<ExtendedData>
				<SchemaData schemaUrl="#S_BLOQUE_LAS_CAPILLAS">
					<SimpleData name="AREA_HA">1.1402</SimpleData>
					<SimpleData name="NOM_LOC">JIBITO</SimpleData>
					<SimpleData name="NOM_PRE">LA CAPILLA</SimpleData>
					<SimpleData name="NOM_BLO">LAS CAPILLAS</SimpleData>
					<SimpleData name="CODCAT">31525</SimpleData>
					<SimpleData name="USUARIO">HERRERA JIMENEZ VDA DE BRUNO, LUISA</SimpleData>
					<SimpleData name="AP_PAT_USU">HERRERA</SimpleData>
					<SimpleData name="AP_MAT_USU">JIMENEZ VDA DE BRUNO</SimpleData>
					<SimpleData name="NOM_USU">LUISA</SimpleData>
					<SimpleData name="TIPODOC">DNI</SimpleData>
					<SimpleData name="NUM_DOC">03648397</SimpleData>
					<SimpleData name="DESC_LIC">G.R.PIURA-420010-DRA.P-AACH-S.ATDRCH</SimpleData>
					<SimpleData name="PAR_AR_BR">1.1402</SimpleData>
					<SimpleData name="RES_ADM">517-2005-G.R.PIURA-420010-DRA.P-AACH-S.ATDRCH</SimpleData>
					<SimpleData name="TOMA">LAS CAPILLAS</SimpleData>
				</SchemaData>
			</ExtendedData>
			<Polygon>
				<outerBoundaryIs>
					<LinearRing>
						<coordinates>
							-80.72577849637395,-4.894097460728095,0 -80.72647565931058,-4.89394720736902,0 -80.72676493927192,-4.895223068866931,0 -80.72606687953827,-4.89535730969039,0 -80.72577849637395,-4.894097460728095,0 -80.72577849637395,-4.894097460728095,0
						</coordinates>
					</LinearRing>
				</outerBoundaryIs>
			</Polygon>
		</Placemark>
		<Placemark>
			<name>31527</name>
			<visibility>0</visibility>
			<ExtendedData>
				<SchemaData schemaUrl="#S_BLOQUE_LAS_CAPILLAS">
					<SimpleData name="AREA_HA">1.2227</SimpleData>
					<SimpleData name="NOM_LOC">JIBITO</SimpleData>
					<SimpleData name="NOM_PRE">LA CAPILLA</SimpleData>
					<SimpleData name="NOM_BLO">LAS CAPILLAS</SimpleData>
					<SimpleData name="CODCAT">31527</SimpleData>
					<SimpleData name="USUARIO">ZAPATA YARLEQUE, VICTOR CRECENCIO</SimpleData>
					<SimpleData name="AP_PAT_USU">ZAPATA</SimpleData>
					<SimpleData name="AP_MAT_USU">YARLEQUE</SimpleData>
					<SimpleData name="NOM_USU">VICTOR CRECENCIO</SimpleData>
					<SimpleData name="TIPODOC">DNI</SimpleData>
					<SimpleData name="NUM_DOC">03674232</SimpleData>
					<SimpleData name="DESC_LIC">G.R.PIURA-420010-DRA.P-AACH-S.ATDRCH</SimpleData>
					<SimpleData name="PAR_AR_BR">1.2227</SimpleData>
					<SimpleData name="RES_ADM">517-2005-G.R.PIURA-420010-DRA.P-AACH-S.ATDRCH</SimpleData>
					<SimpleData name="TOMA">LAS CAPILLAS</SimpleData>
				</SchemaData>
			</ExtendedData>
			<Polygon>
				<outerBoundaryIs>
					<LinearRing>
						<coordinates>
							-80.72528321949542,-4.895507979844203,0 -80.72505003716763,-4.894245167630864,0 -80.72577849637395,-4.894097460728095,0 -80.72606687953827,-4.89535730969039,0 -80.72528321949542,-4.895507979844203,0 -80.72528321949542,-4.895507979844203,0
						</coordinates>
					</LinearRing>
				</outerBoundaryIs>
			</Polygon>
		</Placemark>
		<Placemark>
			<name>31529</name>
			<visibility>0</visibility>
			<ExtendedData>
				<SchemaData schemaUrl="#S_BLOQUE_LAS_CAPILLAS">
					<SimpleData name="AREA_HA">1.2076</SimpleData>
					<SimpleData name="NOM_LOC">JIBITO</SimpleData>
					<SimpleData name="NOM_PRE">LA CAPILLA</SimpleData>
					<SimpleData name="NOM_BLO">LAS CAPILLAS</SimpleData>
					<SimpleData name="CODCAT">31529</SimpleData>
					<SimpleData name="USUARIO">ZAPATA YARLEQUE, BERNARDO</SimpleData>
					<SimpleData name="AP_PAT_USU">ZAPATA</SimpleData>
					<SimpleData name="AP_MAT_USU">YARLEQUE</SimpleData>
					<SimpleData name="NOM_USU">BERNARDO</SimpleData>
					<SimpleData name="TIPODOC">DNI</SimpleData>
					<SimpleData name="NUM_DOC">03630187</SimpleData>
					<SimpleData name="DESC_LIC">G.R.PIURA-420010-DRA.P-AACH-S.ATDRCH</SimpleData>
					<SimpleData name="PAR_AR_BR">1.2076</SimpleData>
					<SimpleData name="RES_ADM">517-2005-G.R.PIURA-420010-DRA.P-AACH-S.ATDRCH</SimpleData>
					<SimpleData name="TOMA">LAS CAPILLAS</SimpleData>
				</SchemaData>
			</ExtendedData>
			<Polygon>
				<outerBoundaryIs>
					<LinearRing>
						<coordinates>
							-80.72437696080615,-4.894381678492379,0 -80.72505003716763,-4.894245167630864,0 -80.72528321949542,-4.895507979844203,0 -80.72446934201639,-4.895664517048381,0 -80.72445585099697,-4.895570427432783,0 -80.72444686964531,-4.895476339648259,0 -80.72444059263314,-4.89538587158248,0 -80.72443161384093,-4.895285451212381,0 -80.7244253401178,-4.895186841250904,0 -80.72441275286879,-4.89508822872518,0 -80.72440738217651,-4.894986905164438,0 -80.72440651931981,-4.894890106710045,0 -80.72439934476432,-4.894788782416251,0 -80.72439126827828,-4.894687457755849,0 -80.72438589795425,-4.894585229539096,0 -80.72438233112898,-4.89448390670967,0 -80.72437696080615,-4.894381678492379,0 -80.72437696080615,-4.894381678492379,0
						</coordinates>
					</LinearRing>
				</outerBoundaryIs>
			</Polygon>
		</Placemark>
		<Placemark>
			<name>31526</name>
			<visibility>0</visibility>
			<ExtendedData>
				<SchemaData schemaUrl="#S_BLOQUE_LAS_CAPILLAS">
					<SimpleData name="AREA_HA">2.884</SimpleData>
					<SimpleData name="NOM_LOC">JIBITO</SimpleData>
					<SimpleData name="NOM_PRE">LA CAPILLA</SimpleData>
					<SimpleData name="NOM_BLO">LAS CAPILLAS</SimpleData>
					<SimpleData name="CODCAT">31526</SimpleData>
					<SimpleData name="USUARIO">HERRERA JIMENEZ VDA DE BRUNO, LUISA</SimpleData>
					<SimpleData name="AP_PAT_USU">HERRERA</SimpleData>
					<SimpleData name="AP_MAT_USU">JIMENEZ VDA DE BRUNO</SimpleData>
					<SimpleData name="NOM_USU">LUISA</SimpleData>
					<SimpleData name="TIPODOC">DNI</SimpleData>
					<SimpleData name="NUM_DOC">03648397</SimpleData>
					<SimpleData name="DESC_LIC">G.R.PIURA-420010-DRA.P-AACH-S.ATDRCH</SimpleData>
					<SimpleData name="PAR_AR_BR">2.884</SimpleData>
					<SimpleData name="RES_ADM">517-2005-G.R.PIURA-420010-DRA.P-AACH-S.ATDRCH</SimpleData>
					<SimpleData name="TOMA">LAS CAPILLAS</SimpleData>
				</SchemaData>
			</ExtendedData>
			<Polygon>
				<outerBoundaryIs>
					<LinearRing>
						<coordinates>
							-80.72676934375401,-4.895260523371629,0 -80.72755271308053,-4.898774157863947,0 -80.72693397774968,-4.898789288146295,0 -80.72688256662018,-4.898790986287763,0 -80.72686816636777,-4.898714175256367,0 -80.7266574652772,-4.89783476545103,0 -80.7264847050359,-4.897032990308412,0 -80.72613009302283,-4.895387279295507,0 -80.72613009302283,-4.895387279295507,0 -80.72676934375401,-4.895260523371629,0
						</coordinates>
					</LinearRing>
				</outerBoundaryIs>
			</Polygon>
		</Placemark>
		<Placemark>
			<name>31595</name>
			<visibility>0</visibility>
			<ExtendedData>
				<SchemaData schemaUrl="#S_BLOQUE_LAS_CAPILLAS">
					<SimpleData name="AREA_HA">1.8454</SimpleData>
					<SimpleData name="NOM_LOC">JIBITO</SimpleData>
					<SimpleData name="NOM_PRE">LA CAPILLA</SimpleData>
					<SimpleData name="NOM_BLO">LAS CAPILLAS</SimpleData>
					<SimpleData name="CODCAT">31595</SimpleData>
					<SimpleData name="USUARIO">YAKSETIG GUZMAN DE BEL, NEDDA GIGLIORA</SimpleData>
					<SimpleData name="AP_PAT_USU">YAKSETIG</SimpleData>
					<SimpleData name="AP_MAT_USU">GUZMAN DE BEL</SimpleData>
					<SimpleData name="NOM_USU">NEDDA GIGLIORA</SimpleData>
					<SimpleData name="TIPODOC">DNI</SimpleData>
					<SimpleData name="NUM_DOC">03640934</SimpleData>
					<SimpleData name="DESC_LIC">G.R.PIURA-420010-DRA.P-AACH-S.ATDRCH</SimpleData>
					<SimpleData name="PAR_AR_BR">1.8454</SimpleData>
					<SimpleData name="RES_ADM">517-2005-G.R.PIURA-420010-DRA.P-AACH-S.ATDRCH</SimpleData>
					<SimpleData name="TOMA">LAS CAPILLAS</SimpleData>
				</SchemaData>
			</ExtendedData>
			<Polygon>
				<outerBoundaryIs>
					<LinearRing>
						<coordinates>
							-80.72600352692605,-4.898818947390056,0 -80.72566642757471,-4.897361230658013,0 -80.72563384166808,-4.897201636299564,0 -80.7260954920898,-4.897102401256202,0 -80.7264847050359,-4.897032990308412,0 -80.7266574652772,-4.89783476545103,0 -80.72686816636777,-4.898714175256367,0 -80.72688256662018,-4.898790986287763,0 -80.72688256662018,-4.898790986287763,0 -80.72600352692605,-4.898818947390056,0
						</coordinates>
					</LinearRing>
				</outerBoundaryIs>
			</Polygon>
		</Placemark>
		<Placemark>
			<name>31528</name>
			<visibility>0</visibility>
			<ExtendedData>
				<SchemaData schemaUrl="#S_BLOQUE_LAS_CAPILLAS">
					<SimpleData name="AREA_HA">1.7758</SimpleData>
					<SimpleData name="NOM_LOC">JIBITO</SimpleData>
					<SimpleData name="NOM_PRE">LA CAPILLA</SimpleData>
					<SimpleData name="NOM_BLO">LAS CAPILLAS</SimpleData>
					<SimpleData name="CODCAT">31528</SimpleData>
					<SimpleData name="USUARIO">ZAPATA YARLEQUE, VICTOR CRECENCIO</SimpleData>
					<SimpleData name="AP_PAT_USU">ZAPATA</SimpleData>
					<SimpleData name="AP_MAT_USU">YARLEQUE</SimpleData>
					<SimpleData name="NOM_USU">VICTOR CRECENCIO</SimpleData>
					<SimpleData name="TIPODOC">DNI</SimpleData>
					<SimpleData name="NUM_DOC">03674232</SimpleData>
					<SimpleData name="DESC_LIC">G.R.PIURA-420010-DRA.P-AACH-S.ATDRCH</SimpleData>
					<SimpleData name="PAR_AR_BR">1.7758</SimpleData>
					<SimpleData name="RES_ADM">517-2005-G.R.PIURA-420010-DRA.P-AACH-S.ATDRCH</SimpleData>
					<SimpleData name="TOMA">LAS CAPILLAS</SimpleData>
				</SchemaData>
			</ExtendedData>
			<Polygon>
				<outerBoundaryIs>
					<LinearRing>
						<coordinates>
							-80.7260954920898,-4.897102401256202,0 -80.72563384166808,-4.897201636299564,0 -80.72529709142637,-4.895552313566476,0 -80.72613009302283,-4.895387279295507,0 -80.7264847050359,-4.897032990308412,0 -80.7264847050359,-4.897032990308412,0 -80.7260954920898,-4.897102401256202,0
						</coordinates>
					</LinearRing>
				</outerBoundaryIs>
			</Polygon>
		</Placemark>
		<Placemark>
			<name>31596</name>
			<visibility>0</visibility>
			<ExtendedData>
				<SchemaData schemaUrl="#S_BLOQUE_LAS_CAPILLAS">
					<SimpleData name="AREA_HA">1.5901</SimpleData>
					<SimpleData name="NOM_LOC">JIBITO</SimpleData>
					<SimpleData name="NOM_PRE">LA CAPILLA</SimpleData>
					<SimpleData name="NOM_BLO">LAS CAPILLAS</SimpleData>
					<SimpleData name="CODCAT">31596</SimpleData>
					<SimpleData name="USUARIO">YAKSETIG GUZMAN DE BEL, NEDDA GIGLIORA</SimpleData>
					<SimpleData name="AP_PAT_USU">YAKSETIG</SimpleData>
					<SimpleData name="AP_MAT_USU">GUZMAN DE BEL</SimpleData>
					<SimpleData name="NOM_USU">NEDDA GIGLIORA</SimpleData>
					<SimpleData name="TIPODOC">DNI</SimpleData>
					<SimpleData name="NUM_DOC">03640934</SimpleData>
					<SimpleData name="DESC_LIC">G.R.PIURA-420010-DRA.P-AACH-S.ATDRCH</SimpleData>
					<SimpleData name="PAR_AR_BR">1.5901</SimpleData>
					<SimpleData name="RES_ADM">517-2005-G.R.PIURA-420010-DRA.P-AACH-S.ATDRCH</SimpleData>
					<SimpleData name="TOMA">LAS CAPILLAS</SimpleData>
				</SchemaData>
			</ExtendedData>
			<Polygon>
				<outerBoundaryIs>
					<LinearRing>
						<coordinates>
							-80.72479111377746,-4.897324599400266,0 -80.72563384166808,-4.897201636299564,0 -80.72566642757471,-4.897361230658013,0 -80.72600352692605,-4.898818947390056,0 -80.72541960500391,-4.898837528022688,0 -80.72535018058205,-4.898775983356865,0 -80.72528166503213,-4.898697250604986,0 -80.72522938728282,-4.898611287185424,0 -80.7251879309694,-4.89852985142355,0 -80.72514196388731,-4.898451127796593,0 -80.72510141135302,-4.898365169120755,0 -80.72506176185908,-4.898276496843515,0 -80.72502120970918,-4.89818963350853,0 -80.72498156351703,-4.898092819332353,0 -80.72494281781316,-4.89799962413999,0 -80.72491579911414,-4.89790191042669,0 -80.72487795645955,-4.897806001632043,0 -80.72484733222127,-4.89770285852299,0 -80.72482392201876,-4.897603336960239,0 -80.72481043420946,-4.897501105457256,0 -80.72479111377746,-4.897324599400266,0 -80.72479111377746,-4.897324599400266,0
						</coordinates>
					</LinearRing>
				</outerBoundaryIs>
			</Polygon>
		</Placemark>
		<Placemark>
			<name>31530</name>
			<visibility>0</visibility>
			<ExtendedData>
				<SchemaData schemaUrl="#S_BLOQUE_LAS_CAPILLAS">
					<SimpleData name="AREA_HA">1.7359</SimpleData>
					<SimpleData name="NOM_LOC">JIBITO</SimpleData>
					<SimpleData name="NOM_PRE">LA CAPILLA</SimpleData>
					<SimpleData name="NOM_BLO">LAS CAPILLAS</SimpleData>
					<SimpleData name="CODCAT">31530</SimpleData>
					<SimpleData name="USUARIO">ZAPATA YARLEQUE, BERNARDO</SimpleData>
					<SimpleData name="AP_PAT_USU">ZAPATA</SimpleData>
					<SimpleData name="AP_MAT_USU">YARLEQUE</SimpleData>
					<SimpleData name="NOM_USU">BERNARDO</SimpleData>
					<SimpleData name="TIPODOC">DNI</SimpleData>
					<SimpleData name="NUM_DOC">03630187</SimpleData>
					<SimpleData name="DESC_LIC">G.R.PIURA-420010-DRA.P-AACH-S.ATDRCH</SimpleData>
					<SimpleData name="PAR_AR_BR">1.7359</SimpleData>
					<SimpleData name="RES_ADM">517-2005-G.R.PIURA-420010-DRA.P-AACH-S.ATDRCH</SimpleData>
					<SimpleData name="TOMA">LAS CAPILLAS</SimpleData>
				</SchemaData>
			</ExtendedData>
			<Polygon>
				<outerBoundaryIs>
					<LinearRing>
						<coordinates>
							-80.72479111377746,-4.897324599400266,0 -80.72477627996943,-4.89720526936801,0 -80.72475377282052,-4.897103034203876,0 -80.72472314643797,-4.897005319019891,0 -80.72469883470259,-4.896904892432106,0 -80.72467722695301,-4.896808990216717,0 -80.72465742271307,-4.896713993387953,0 -80.72463761811301,-4.896619901213661,0 -80.72461781753307,-4.896515857833769,0 -80.72459981608125,-4.896423575700675,0 -80.7245854216399,-4.89633310434181,0 -80.72457553760178,-4.896240825503419,0 -80.72457016652049,-4.896140406600546,0 -80.72456658360969,-4.896078888595237,0 -80.72453144287849,-4.895992932088005,0 -80.72450352383122,-4.895891599373985,0 -80.72448552386766,-4.895795698617889,0 -80.72447924064211,-4.895720609688075,0 -80.72448014513145,-4.895714277469246,0 -80.72529709142637,-4.895552313566476,0 -80.72563384166808,-4.897201636299564,0 -80.72479111377746,-4.897324599400266,0 -80.72479111377746,-4.897324599400266,0
						</coordinates>
					</LinearRing>
				</outerBoundaryIs>
			</Polygon>
		</Placemark>
		<Placemark>
			<name>31490</name>
			<visibility>0</visibility>
			<ExtendedData>
				<SchemaData schemaUrl="#S_BLOQUE_LAS_CAPILLAS">
					<SimpleData name="AREA_HA">2.1994</SimpleData>
					<SimpleData name="NOM_LOC">JIBITO</SimpleData>
					<SimpleData name="NOM_PRE">LA CAPILLA</SimpleData>
					<SimpleData name="NOM_BLO">LAS CAPILLAS</SimpleData>
					<SimpleData name="CODCAT">31490</SimpleData>
					<SimpleData name="USUARIO">SAAVEDRA CARDOZA, JUAN FELIX</SimpleData>
					<SimpleData name="AP_PAT_USU">SAAVEDRA</SimpleData>
					<SimpleData name="AP_MAT_USU">CARDOZA</SimpleData>
					<SimpleData name="NOM_USU">JUAN FELIX</SimpleData>
					<SimpleData name="TIPODOC">DNI</SimpleData>
					<SimpleData name="NUM_DOC">03648432</SimpleData>
					<SimpleData name="DESC_LIC">G.R.PIURA-420010-DRA.P-AACH-S.ATDRCH</SimpleData>
					<SimpleData name="PAR_AR_BR">2.1994</SimpleData>
					<SimpleData name="RES_ADM">517-2005-G.R.PIURA-420010-DRA.P-AACH-S.ATDRCH</SimpleData>
					<SimpleData name="TOMA">LAS CAPILLAS</SimpleData>
				</SchemaData>
			</ExtendedData>
			<Polygon>
				<outerBoundaryIs>
					<LinearRing>
						<coordinates>
							-80.73019473776903,-4.890839122667932,0 -80.72993976901586,-4.889682238094273,0 -80.73084187156732,-4.889462312316004,0 -80.73094100288553,-4.889437654466842,0 -80.73101983813706,-4.889419954419774,0 -80.73111337270412,-4.889407507182913,0 -80.73120618469683,-4.889397683148966,0 -80.73129006417824,-4.889396630731932,0 -80.73137628710208,-4.889399559716388,0 -80.73143581150914,-4.889406368160117,0 -80.73148018442436,-4.889410999438297,0 -80.73150759272424,-4.889437064355522,0 -80.7315653349049,-4.889848253251334,0 -80.73168145774642,-4.890423117438867,0 -80.73019473776903,-4.890839122667932,0 -80.73019473776903,-4.890839122667932,0
						</coordinates>
					</LinearRing>
				</outerBoundaryIs>
			</Polygon>
		</Placemark>
		<Placemark>
			<name>31488</name>
			<visibility>0</visibility>
			<ExtendedData>
				<SchemaData schemaUrl="#S_BLOQUE_LAS_CAPILLAS">
					<SimpleData name="AREA_HA">1.4106</SimpleData>
					<SimpleData name="NOM_LOC">JIBITO</SimpleData>
					<SimpleData name="NOM_PRE">LA CAPILLA</SimpleData>
					<SimpleData name="NOM_BLO">LAS CAPILLAS</SimpleData>
					<SimpleData name="CODCAT">31488</SimpleData>
					<SimpleData name="USUARIO">BRUNO CHERO, JOSE MANUEL</SimpleData>
					<SimpleData name="AP_PAT_USU">BRUNO</SimpleData>
					<SimpleData name="AP_MAT_USU">CHERO</SimpleData>
					<SimpleData name="NOM_USU">JOSE MANUEL</SimpleData>
					<SimpleData name="TIPODOC">DNI</SimpleData>
					<SimpleData name="NUM_DOC">03630967</SimpleData>
					<SimpleData name="DESC_LIC">G.R.PIURA-420010-DRA.P-AACH-S.ATDRCH</SimpleData>
					<SimpleData name="PAR_AR_BR">1.4106</SimpleData>
					<SimpleData name="RES_ADM">517-2005-G.R.PIURA-420010-DRA.P-AACH-S.ATDRCH</SimpleData>
					<SimpleData name="TOMA">LAS CAPILLAS</SimpleData>
				</SchemaData>
			</ExtendedData>
			<Polygon>
				<outerBoundaryIs>
					<LinearRing>
						<coordinates>
							-80.73035535414857,-4.891567705690245,0 -80.73019473776903,-4.890839122667932,0 -80.73168145774642,-4.890423117438867,0 -80.73183991328801,-4.891146000012327,0 -80.73183991328801,-4.891146000012327,0 -80.73035535414857,-4.891567705690245,0
						</coordinates>
					</LinearRing>
				</outerBoundaryIs>
			</Polygon>
		</Placemark>
		<Placemark>
			<name>31486</name>
			<visibility>0</visibility>
			<ExtendedData>
				<SchemaData schemaUrl="#S_BLOQUE_LAS_CAPILLAS">
					<SimpleData name="AREA_HA">1.4497</SimpleData>
					<SimpleData name="NOM_LOC">JIBITO</SimpleData>
					<SimpleData name="NOM_PRE">LA CAPILLA</SimpleData>
					<SimpleData name="NOM_BLO">LAS CAPILLAS</SimpleData>
					<SimpleData name="CODCAT">31486</SimpleData>
					<SimpleData name="USUARIO">SILVA SILUPU, PEDRO</SimpleData>
					<SimpleData name="AP_PAT_USU">SILVA</SimpleData>
					<SimpleData name="AP_MAT_USU">SILUPU</SimpleData>
					<SimpleData name="NOM_USU">PEDRO</SimpleData>
					<SimpleData name="TIPODOC">DNI</SimpleData>
					<SimpleData name="NUM_DOC">03629471</SimpleData>
					<SimpleData name="DESC_LIC">G.R.PIURA-420010-DRA.P-AACH-S.ATDRCH</SimpleData>
					<SimpleData name="PAR_AR_BR">1.4497</SimpleData>
					<SimpleData name="RES_ADM">517-2005-G.R.PIURA-420010-DRA.P-AACH-S.ATDRCH</SimpleData>
					<SimpleData name="TOMA">LAS CAPILLAS</SimpleData>
				</SchemaData>
			</ExtendedData>
			<Polygon>
				<outerBoundaryIs>
					<LinearRing>
						<coordinates>
							-80.73052128629327,-4.892311308071415,0 -80.73035535414857,-4.891567705690245,0 -80.73183991328801,-4.891146000012327,0 -80.7320111685698,-4.891889151891862,0 -80.7320111685698,-4.891889151891862,0 -80.73052128629327,-4.892311308071415,0
						</coordinates>
					</LinearRing>
				</outerBoundaryIs>
			</Polygon>
		</Placemark>
		<Placemark>
			<name>31484</name>
			<visibility>0</visibility>
			<ExtendedData>
				<SchemaData schemaUrl="#S_BLOQUE_LAS_CAPILLAS">
					<SimpleData name="AREA_HA">0.8583</SimpleData>
					<SimpleData name="NOM_LOC">JIBITO</SimpleData>
					<SimpleData name="NOM_PRE">LA CAPILLA</SimpleData>
					<SimpleData name="NOM_BLO">LAS CAPILLAS</SimpleData>
					<SimpleData name="CODCAT">31484</SimpleData>
					<SimpleData name="USUARIO">VILLAREAL CURAY, TIMOTEO</SimpleData>
					<SimpleData name="AP_PAT_USU">VILLAREAL</SimpleData>
					<SimpleData name="AP_MAT_USU">CURAY</SimpleData>
					<SimpleData name="NOM_USU">TIMOTEO</SimpleData>
					<SimpleData name="TIPODOC">DNI</SimpleData>
					<SimpleData name="NUM_DOC">03630089</SimpleData>
					<SimpleData name="DESC_LIC">G.R.PIURA-420010-DRA.P-AACH-S.ATDRCH</SimpleData>
					<SimpleData name="PAR_AR_BR">0.8583</SimpleData>
					<SimpleData name="RES_ADM">517-2005-G.R.PIURA-420010-DRA.P-AACH-S.ATDRCH</SimpleData>
					<SimpleData name="TOMA">LAS CAPILLAS</SimpleData>
				</SchemaData>
			</ExtendedData>
			<Polygon>
				<outerBoundaryIs>
					<LinearRing>
						<coordinates>
							-80.73211107604662,-4.892416243784994,0 -80.73059573351404,-4.892672295233098,0 -80.73052128629327,-4.892311308071415,0 -80.7320111685698,-4.891889151891862,0 -80.73200990810456,-4.891883452062873,0 -80.73200990810456,-4.891883452062873,0 -80.73211107604662,-4.892416243784994,0
						</coordinates>
					</LinearRing>
				</outerBoundaryIs>
			</Polygon>
		</Placemark>
		<Placemark>
			<name>31493</name>
			<visibility>0</visibility>
			<ExtendedData>
				<SchemaData schemaUrl="#S_BLOQUE_LAS_CAPILLAS">
					<SimpleData name="AREA_HA">1.1364</SimpleData>
					<SimpleData name="NOM_LOC">JIBITO</SimpleData>
					<SimpleData name="NOM_PRE">LA CAPILLA</SimpleData>
					<SimpleData name="NOM_BLO">LAS CAPILLAS</SimpleData>
					<SimpleData name="CODCAT">31493</SimpleData>
					<SimpleData name="USUARIO">MOGOLLON SILVA, ZACARIAS</SimpleData>
					<SimpleData name="AP_PAT_USU">MOGOLLON</SimpleData>
					<SimpleData name="AP_MAT_USU">SILVA</SimpleData>
					<SimpleData name="NOM_USU">ZACARIAS</SimpleData>
					<SimpleData name="TIPODOC">DNI</SimpleData>
					<SimpleData name="NUM_DOC">03629732</SimpleData>
					<SimpleData name="DESC_LIC">G.R.PIURA-420010-DRA.P-AACH-S.ATDRCH</SimpleData>
					<SimpleData name="PAR_AR_BR">1.1364</SimpleData>
					<SimpleData name="RES_ADM">517-2005-G.R.PIURA-420010-DRA.P-AACH-S.ATDRCH</SimpleData>
					<SimpleData name="TOMA">LAS CAPILLAS</SimpleData>
				</SchemaData>
			</ExtendedData>
			<Polygon>
				<outerBoundaryIs>
					<LinearRing>
						<coordinates>
							-80.7295529398464,-4.89285588770864,0 -80.72933265011261,-4.892042243145076,0 -80.73037402420026,-4.891795957737508,0 -80.73057029149922,-4.892691554306414,0 -80.7295529398464,-4.89285588770864,0 -80.7295529398464,-4.89285588770864,0
						</coordinates>
					</LinearRing>
				</outerBoundaryIs>
			</Polygon>
		</Placemark>
		<Placemark>
			<name>31494</name>
			<visibility>0</visibility>
			<ExtendedData>
				<SchemaData schemaUrl="#S_BLOQUE_LAS_CAPILLAS">
					<SimpleData name="AREA_HA">1.284</SimpleData>
					<SimpleData name="NOM_LOC">JIBITO</SimpleData>
					<SimpleData name="NOM_PRE">LA CAPILLA</SimpleData>
					<SimpleData name="NOM_BLO">LAS CAPILLAS</SimpleData>
					<SimpleData name="CODCAT">31494</SimpleData>
					<SimpleData name="USUARIO">REQUENA VDA.DE CORNEJO, TERESITA</SimpleData>
					<SimpleData name="AP_PAT_USU">REQUENA</SimpleData>
					<SimpleData name="AP_MAT_USU">VDA. DE CORNEJO</SimpleData>
					<SimpleData name="NOM_USU">TERESITA</SimpleData>
					<SimpleData name="TIPODOC">DNI</SimpleData>
					<SimpleData name="NUM_DOC">03630102</SimpleData>
					<SimpleData name="DESC_LIC">G.R.PIURA-420010-DRA.P-AACH-S.ATDRCH</SimpleData>
					<SimpleData name="PAR_AR_BR">1.284</SimpleData>
					<SimpleData name="RES_ADM">517-2005-G.R.PIURA-420010-DRA.P-AACH-S.ATDRCH</SimpleData>
					<SimpleData name="TOMA">LAS CAPILLAS</SimpleData>
				</SchemaData>
			</ExtendedData>
			<Polygon>
				<outerBoundaryIs>
					<LinearRing>
						<coordinates>
							-80.72805106905335,-4.892345243106457,0 -80.72933265011261,-4.892042243145076,0 -80.7295529398464,-4.89285588770864,0 -80.72900624506211,-4.892944235538512,0 -80.72847136360744,-4.893037201381256,0 -80.72817828244406,-4.892921288210355,0 -80.72810265669621,-4.892578664888161,0 -80.72805106905335,-4.892345243106457,0 -80.72805106905335,-4.892345243106457,0
						</coordinates>
					</LinearRing>
				</outerBoundaryIs>
			</Polygon>
		</Placemark>
		<Placemark>
			<name>31491</name>
			<visibility>0</visibility>
			<ExtendedData>
				<SchemaData schemaUrl="#S_BLOQUE_LAS_CAPILLAS">
					<SimpleData name="AREA_HA">3.0833</SimpleData>
					<SimpleData name="NOM_LOC">JIBITO</SimpleData>
					<SimpleData name="NOM_PRE">LA CAPILLA</SimpleData>
					<SimpleData name="NOM_BLO">LAS CAPILLAS</SimpleData>
					<SimpleData name="CODCAT">31491</SimpleData>
					<SimpleData name="USUARIO">CHERO NAVARRO, JOSE MANUEL</SimpleData>
					<SimpleData name="AP_PAT_USU">CHERO</SimpleData>
					<SimpleData name="AP_MAT_USU">NAVARRO</SimpleData>
					<SimpleData name="NOM_USU">JOSE MANUEL</SimpleData>
					<SimpleData name="TIPODOC">DNI</SimpleData>
					<SimpleData name="NUM_DOC">03650221</SimpleData>
					<SimpleData name="DESC_LIC">G.R.PIURA-420010-DRA.P-AACH-S.ATDRCH</SimpleData>
					<SimpleData name="PAR_AR_BR">3.0833</SimpleData>
					<SimpleData name="RES_ADM">517-2005-G.R.PIURA-420010-DRA.P-AACH-S.ATDRCH</SimpleData>
					<SimpleData name="TOMA">LAS CAPILLAS</SimpleData>
				</SchemaData>
			</ExtendedData>
			<Polygon>
				<outerBoundaryIs>
					<LinearRing>
						<coordinates>
							-80.72782059109348,-4.891301178300866,0 -80.7276480031811,-4.890519215344719,0 -80.72766785493758,-4.890495702259161,0 -80.72772650827223,-4.890425162636918,0 -80.72777885027197,-4.89034919254644,0 -80.72782488093753,-4.890267791989205,0 -80.72785251049771,-4.890190907334922,0 -80.72991234783279,-4.889688921648324,0 -80.73013895423212,-4.890723214114157,0 -80.72782059109348,-4.891301178300866,0 -80.72782059109348,-4.891301178300866,0
						</coordinates>
					</LinearRing>
				</outerBoundaryIs>
			</Polygon>
		</Placemark>
		<Placemark>
			<name>31516</name>
			<visibility>0</visibility>
			<ExtendedData>
				<SchemaData schemaUrl="#S_BLOQUE_LAS_CAPILLAS">
					<SimpleData name="AREA_HA">3.6846</SimpleData>
					<SimpleData name="NOM_LOC">JIBITO</SimpleData>
					<SimpleData name="NOM_PRE">LA CAPILLA</SimpleData>
					<SimpleData name="NOM_BLO">LAS CAPILLAS</SimpleData>
					<SimpleData name="CODCAT">31516</SimpleData>
					<SimpleData name="USUARIO">LOPEZ JUAREZ, PASCUAL</SimpleData>
					<SimpleData name="AP_PAT_USU">LOPEZ</SimpleData>
					<SimpleData name="AP_MAT_USU">JUAREZ</SimpleData>
					<SimpleData name="NOM_USU">PASCUAL</SimpleData>
					<SimpleData name="TIPODOC">DNI</SimpleData>
					<SimpleData name="NUM_DOC">03630706</SimpleData>
					<SimpleData name="DESC_LIC">G.R.PIURA-420010-DRA.P-AACH-S.ATDRCH</SimpleData>
					<SimpleData name="PAR_AR_BR">3.6846</SimpleData>
					<SimpleData name="RES_ADM">517-2005-G.R.PIURA-420010-DRA.P-AACH-S.ATDRCH</SimpleData>
					<SimpleData name="TOMA">LAS CAPILLAS</SimpleData>
				</SchemaData>
			</ExtendedData>
			<Polygon>
				<outerBoundaryIs>
					<LinearRing>
						<coordinates>
							-80.72538309307775,-4.890723750717818,0 -80.72538300277603,-4.890724022077933,0 -80.72510469656561,-4.889308033390729,0 -80.7252315821394,-4.889345989778482,0 -80.72523113146791,-4.889345265871928,0 -80.72531554181329,-4.88936972569971,0 -80.72541283882485,-4.889421239922038,0 -80.72548984352058,-4.889470303362689,0 -80.72555071404911,-4.889493758529577,0 -80.7256310616968,-4.88952834881869,0 -80.72570257001502,-4.889564111581941,0 -80.72580347435182,-4.889616712793448,0 -80.72580347435182,-4.889616712793448,0 -80.72591393298218,-4.889684606521907,0 -80.72600283968012,-4.889742359400766,0 -80.72605514098271,-4.889768253637641,0 -80.72605514098271,-4.889768253637641,0 -80.7261537024756,-4.88981560685307,0 -80.72623999529512,-4.889869197233622,0 -80.72629715542307,-4.889924042385044,0 -80.72633520212425,-4.889960424861575,0 -80.72635738015195,-4.889983773905932,0 -80.72638694727256,-4.890023862051615,0 -80.72640109972147,-4.890043317843813,0 -80.72641488977125,-4.890066844439365,0 -80.72643480976778,-4.890098244005651,0 -80.72645463374404,-4.890144208485674,0 -80.72647698586734,-4.890183298601638,0 -80.72649564386136,-4.890212978812847,0 -80.72651889617764,-4.890256411636244,0 -80.72652736827409,-4.890271432327555,0 -80.72657099113282,-4.890347350480679,0 -80.72661803943939,-4.890427974218305,0 -80.72668440501062,-4.890468529488428,0 -80.7267322080147,-4.890466287081468,0 -80.72675953750617,-4.890463493642927,0 -80.7270456593493,-4.890386532021571,0 -80.72779866233769,-4.890198846731162,0 -80.72776869269931,-4.890263336663995,0 -80.72771554416173,-4.890326279391026,0 -80.72765281972957,-4.890428027997107,0 -80.72759967506195,-4.89048120043504,0 -80.72758523262716,-4.890510324551977,0 -80.72770553656521,-4.891222246224512,0 -80.72722773726233,-4.891343097415525,0 -80.72683680505756,-4.891434943759457,0 -80.72649900210024,-4.891512336780068,0 -80.72618528638553,-4.891575174385887,0 -80.72603085693095,-4.891623511167865,0 -80.72596339770394,-4.891386192842133,0 -80.72583812223024,-4.890930919691094,0 -80.72569344847545,-4.890717814934893,0 -80.72565486548125,-4.890669309823485,0 -80.72538309307775,-4.890723750717818,0 -80.72538309307775,-4.890723750717818,0
						</coordinates>
					</LinearRing>
				</outerBoundaryIs>
			</Polygon>
		</Placemark>
		<Placemark>
			<name>31517</name>
			<visibility>0</visibility>
			<ExtendedData>
				<SchemaData schemaUrl="#S_BLOQUE_LAS_CAPILLAS">
					<SimpleData name="AREA_HA">1.3035</SimpleData>
					<SimpleData name="NOM_LOC">JIBITO</SimpleData>
					<SimpleData name="NOM_PRE">LA CAPILLA</SimpleData>
					<SimpleData name="NOM_BLO">LAS CAPILLAS</SimpleData>
					<SimpleData name="CODCAT">31517</SimpleData>
					<SimpleData name="USUARIO">AGUILAR ALVARADO, SANTOS</SimpleData>
					<SimpleData name="AP_PAT_USU">AGUILAR</SimpleData>
					<SimpleData name="AP_MAT_USU">ALVARADO</SimpleData>
					<SimpleData name="NOM_USU">SANTOS</SimpleData>
					<SimpleData name="TIPODOC">DNI</SimpleData>
					<SimpleData name="NUM_DOC">03629805</SimpleData>
					<SimpleData name="DESC_LIC">G.R.PIURA-420010-DRA.P-AACH-S.ATDRCH</SimpleData>
					<SimpleData name="PAR_AR_BR">1.3035</SimpleData>
					<SimpleData name="RES_ADM">517-2005-G.R.PIURA-420010-DRA.P-AACH-S.ATDRCH</SimpleData>
					<SimpleData name="TOMA">LAS CAPILLAS</SimpleData>
				</SchemaData>
			</ExtendedData>
			<Polygon>
				<outerBoundaryIs>
					<LinearRing>
						<coordinates>
							-80.72434265472224,-4.889098115990327,0 -80.72439371035478,-4.889081491044927,0 -80.72446190309483,-4.889063516062584,0 -80.72452341707069,-4.889056756091462,0 -80.72456589639556,-4.889060030072788,0 -80.72460061906209,-4.889063572303996,0 -80.72464093147363,-4.889072544730997,0 -80.72467673018333,-4.88909164746655,0 -80.72470720586495,-4.889114909458103,0 -80.7247527407004,-4.889145595723252,0 -80.72486681099019,-4.889203178006934,0 -80.72498521097546,-4.889259676438367,0 -80.72510469656561,-4.889308033390729,0 -80.72538300277603,-4.890724022077933,0 -80.72484251602725,-4.890853711839363,0 -80.72434265472224,-4.889098115990327,0 -80.72434265472224,-4.889098115990327,0
						</coordinates>
					</LinearRing>
				</outerBoundaryIs>
			</Polygon>
		</Placemark>
		<Placemark>
			<name>31514</name>
			<visibility>0</visibility>
			<ExtendedData>
				<SchemaData schemaUrl="#S_BLOQUE_LAS_CAPILLAS">
					<SimpleData name="AREA_HA">0.884</SimpleData>
					<SimpleData name="NOM_LOC">JIBITO</SimpleData>
					<SimpleData name="NOM_PRE">LA CAPILLA</SimpleData>
					<SimpleData name="NOM_BLO">LAS CAPILLAS</SimpleData>
					<SimpleData name="CODCAT">31514</SimpleData>
					<SimpleData name="USUARIO">PALOMINO CHIROQUE, MANUEL</SimpleData>
					<SimpleData name="AP_PAT_USU">PALOMINO</SimpleData>
					<SimpleData name="AP_MAT_USU">CHIROQUE</SimpleData>
					<SimpleData name="NOM_USU">MANUEL</SimpleData>
					<SimpleData name="TIPODOC">DNI</SimpleData>
					<SimpleData name="NUM_DOC">03630607</SimpleData>
					<SimpleData name="DESC_LIC">G.R.PIURA-420010-DRA.P-AACH-S.ATDRCH</SimpleData>
					<SimpleData name="PAR_AR_BR">0.884</SimpleData>
					<SimpleData name="RES_ADM">517-2005-G.R.PIURA-420010-DRA.P-AACH-S.ATDRCH</SimpleData>
					<SimpleData name="TOMA">LAS CAPILLAS</SimpleData>
				</SchemaData>
			</ExtendedData>
			<Polygon>
				<outerBoundaryIs>
					<LinearRing>
						<coordinates>
							-80.72807543867927,-4.892980954295407,0 -80.72807363049807,-4.892991809437353,0 -80.7280718215966,-4.893004473889979,0 -80.72807001305515,-4.893016233687256,0 -80.72806820451362,-4.893027993484511,0 -80.72806459391279,-4.893035229282512,0 -80.7264112158342,-4.893385571349249,0 -80.72632514796339,-4.892994544608023,0 -80.72800127036588,-4.892602416724799,0 -80.72800127036588,-4.892602416724799,0 -80.72807543867927,-4.892980954295407,0
						</coordinates>
					</LinearRing>
				</outerBoundaryIs>
			</Polygon>
		</Placemark>
		<Placemark>
			<name>31515</name>
			<visibility>0</visibility>
			<ExtendedData>
				<SchemaData schemaUrl="#S_BLOQUE_LAS_CAPILLAS">
					<SimpleData name="AREA_HA">2.8901</SimpleData>
					<SimpleData name="NOM_LOC">JIBITO</SimpleData>
					<SimpleData name="NOM_PRE">LA CAPILLA</SimpleData>
					<SimpleData name="NOM_BLO">LAS CAPILLAS</SimpleData>
					<SimpleData name="CODCAT">31515</SimpleData>
					<SimpleData name="USUARIO">MEJIA JIMENEZ, ALBERTO</SimpleData>
					<SimpleData name="AP_PAT_USU">MEJIA</SimpleData>
					<SimpleData name="AP_MAT_USU">JIMENEZ</SimpleData>
					<SimpleData name="NOM_USU">ALBERTO</SimpleData>
					<SimpleData name="TIPODOC">DNI</SimpleData>
					<SimpleData name="NUM_DOC">03629321</SimpleData>
					<SimpleData name="DESC_LIC">G.R.PIURA-420010-DRA.P-AACH-S.ATDRCH</SimpleData>
					<SimpleData name="PAR_AR_BR">2.8901</SimpleData>
					<SimpleData name="RES_ADM">517-2005-G.R.PIURA-420010-DRA.P-AACH-S.ATDRCH</SimpleData>
					<SimpleData name="TOMA">LAS CAPILLAS</SimpleData>
				</SchemaData>
			</ExtendedData>
			<Polygon>
				<outerBoundaryIs>
					<LinearRing>
						<coordinates>
							-80.72800127036588,-4.892602416724799,0 -80.72632514796339,-4.892994544608023,0 -80.72603309412077,-4.891667478322281,0 -80.72625498906194,-4.891616002444121,0 -80.72772166055719,-4.891273727587643,0 -80.72800127036588,-4.892602416724799,0 -80.72800127036588,-4.892602416724799,0
						</coordinates>
					</LinearRing>
				</outerBoundaryIs>
			</Polygon>
		</Placemark>
		<Placemark>
			<name>31521</name>
			<visibility>0</visibility>
			<ExtendedData>
				<SchemaData schemaUrl="#S_BLOQUE_LAS_CAPILLAS">
					<SimpleData name="AREA_HA">2.0562</SimpleData>
					<SimpleData name="NOM_LOC">JIBITO</SimpleData>
					<SimpleData name="NOM_PRE">LA CAPILLA</SimpleData>
					<SimpleData name="NOM_BLO">LAS CAPILLAS</SimpleData>
					<SimpleData name="CODCAT">31521</SimpleData>
					<SimpleData name="USUARIO">AGUILAR ALVARADO, SANTOS</SimpleData>
					<SimpleData name="AP_PAT_USU">AGUILAR</SimpleData>
					<SimpleData name="AP_MAT_USU">ALVARADO</SimpleData>
					<SimpleData name="NOM_USU">SANTOS</SimpleData>
					<SimpleData name="TIPODOC">DNI</SimpleData>
					<SimpleData name="NUM_DOC">03629805</SimpleData>
					<SimpleData name="DESC_LIC">G.R.PIURA-420010-DRA.P-AACH-S.ATDRCH</SimpleData>
					<SimpleData name="PAR_AR_BR">2.0562</SimpleData>
					<SimpleData name="RES_ADM">517-2005-G.R.PIURA-420010-DRA.P-AACH-S.ATDRCH</SimpleData>
					<SimpleData name="TOMA">LAS CAPILLAS</SimpleData>
				</SchemaData>
			</ExtendedData>
			<Polygon>
				<outerBoundaryIs>
					<LinearRing>
						<coordinates>
							-80.7248635021805,-4.890925097645869,0 -80.72563571332795,-4.890747283381735,0 -80.72569160191587,-4.89082420166258,0 -80.72575651341619,-4.890892077028668,0 -80.72577724648065,-4.89092012971676,0 -80.7259591425594,-4.891651164687798,0 -80.7259897935966,-4.891687363271049,0 -80.72617632632232,-4.892552560454586,0 -80.72530552885436,-4.892738929569127,0 -80.7248635021805,-4.890925097645869,0 -80.7248635021805,-4.890925097645869,0
						</coordinates>
					</LinearRing>
				</outerBoundaryIs>
			</Polygon>
		</Placemark>
		<Placemark>
			<name>31597</name>
			<visibility>0</visibility>
			<ExtendedData>
				<SchemaData schemaUrl="#S_BLOQUE_LAS_CAPILLAS">
					<SimpleData name="AREA_HA">1.045</SimpleData>
					<SimpleData name="NOM_LOC">JIBITO</SimpleData>
					<SimpleData name="NOM_PRE">LA CAPILLA</SimpleData>
					<SimpleData name="NOM_BLO">LAS CAPILLAS</SimpleData>
					<SimpleData name="CODCAT">31597</SimpleData>
					<SimpleData name="USUARIO">YAKSETIG GUZMAN DE BEL, NEDDA GIGLIORA</SimpleData>
					<SimpleData name="AP_PAT_USU">YAKSETIG</SimpleData>
					<SimpleData name="AP_MAT_USU">GUZMAN DE BEL</SimpleData>
					<SimpleData name="NOM_USU">NEDDA GIGLIORA</SimpleData>
					<SimpleData name="TIPODOC">DNI</SimpleData>
					<SimpleData name="NUM_DOC">03640934</SimpleData>
					<SimpleData name="DESC_LIC">G.R.PIURA-420010-DRA.P-AACH-S.ATDRCH</SimpleData>
					<SimpleData name="PAR_AR_BR">1.045</SimpleData>
					<SimpleData name="RES_ADM">517-2005-G.R.PIURA-420010-DRA.P-AACH-S.ATDRCH</SimpleData>
					<SimpleData name="TOMA">LAS CAPILLAS</SimpleData>
				</SchemaData>
			</ExtendedData>
			<Polygon>
				<outerBoundaryIs>
					<LinearRing>
						<coordinates>
							-80.72635979855865,-4.893403643733539,0 -80.72566434526141,-4.893565296352369,0 -80.72566433635815,-4.893587460403863,0 -80.72553715343224,-4.893614096324592,0 -80.72433928822525,-4.893865105076096,0 -80.72434203491915,-4.89376378480892,0 -80.7243438774898,-4.893667892105502,0 -80.72434572042432,-4.893571094746713,0 -80.72435387796476,-4.893471585986222,0 -80.72435470774028,-4.893426896355626,0 -80.72503157416007,-4.893283149751985,0 -80.72627544445542,-4.893012436747332,0 -80.72627544445542,-4.893012436747332,0 -80.72635979855865,-4.893403643733539,0
						</coordinates>
					</LinearRing>
				</outerBoundaryIs>
			</Polygon>
		</Placemark>
		<Placemark>
			<name>31523</name>
			<visibility>0</visibility>
			<ExtendedData>
				<SchemaData schemaUrl="#S_BLOQUE_LAS_CAPILLAS">
					<SimpleData name="AREA_HA">1.1211</SimpleData>
					<SimpleData name="NOM_LOC">JIBITO</SimpleData>
					<SimpleData name="NOM_PRE">LA CAPILLA</SimpleData>
					<SimpleData name="NOM_BLO">LAS CAPILLAS</SimpleData>
					<SimpleData name="CODCAT">31523</SimpleData>
					<SimpleData name="USUARIO">AMAYA CHERO, SANTOS</SimpleData>
					<SimpleData name="AP_PAT_USU">AMAYA</SimpleData>
					<SimpleData name="AP_MAT_USU">CHERO</SimpleData>
					<SimpleData name="NOM_USU">SANTOS</SimpleData>
					<SimpleData name="TIPODOC">DNI</SimpleData>
					<SimpleData name="NUM_DOC">03629147</SimpleData>
					<SimpleData name="DESC_LIC">G.R.PIURA-420010-DRA.P-AACH-S.ATDRCH</SimpleData>
					<SimpleData name="PAR_AR_BR">1.211</SimpleData>
					<SimpleData name="RES_ADM">517-2005-G.R.PIURA-420010-DRA.P-AACH-S.ATDRCH</SimpleData>
					<SimpleData name="TOMA">LAS CAPILLAS</SimpleData>
				</SchemaData>
			</ExtendedData>
			<Polygon>
				<outerBoundaryIs>
					<LinearRing>
						<coordinates>
							-80.72435470774028,-4.893426896355626,0 -80.72435571980027,-4.893377502591907,0 -80.72435305490565,-4.89327618012553,0 -80.72434407467634,-4.893179378370598,0 -80.7243378006031,-4.893081673059077,0 -80.72433242663479,-4.892988491388937,0 -80.7243272112905,-4.892949227234428,0 -80.72530552885436,-4.892738929569127,0 -80.72617632632232,-4.892552560454586,0 -80.72627544445542,-4.893012436747332,0 -80.72503157416007,-4.893283149751985,0 -80.72435470774028,-4.893426896355626,0 -80.72435470774028,-4.893426896355626,0
						</coordinates>
					</LinearRing>
				</outerBoundaryIs>
			</Polygon>
		</Placemark>
		<Placemark>
			<name>31489</name>
			<visibility>0</visibility>
			<ExtendedData>
				<SchemaData schemaUrl="#S_BLOQUE_LAS_CAPILLAS">
					<SimpleData name="AREA_HA">1.37</SimpleData>
					<SimpleData name="NOM_LOC">JIBITO</SimpleData>
					<SimpleData name="NOM_PRE">LA CAPILLA</SimpleData>
					<SimpleData name="NOM_BLO">LAS CAPILLAS</SimpleData>
					<SimpleData name="CODCAT">31489</SimpleData>
					<SimpleData name="USUARIO">SAAVEDRA CARDOZA, JUAN FELIX</SimpleData>
					<SimpleData name="AP_PAT_USU">SAAVEDRA</SimpleData>
					<SimpleData name="AP_MAT_USU">CARDOZA</SimpleData>
					<SimpleData name="NOM_USU">JUAN FELIX</SimpleData>
					<SimpleData name="TIPODOC">DNI</SimpleData>
					<SimpleData name="NUM_DOC">03648432</SimpleData>
					<SimpleData name="DESC_LIC">G.R.PIURA-420010-DRA.P-AACH-S.ATDRCH</SimpleData>
					<SimpleData name="PAR_AR_BR">1.37</SimpleData>
					<SimpleData name="RES_ADM">517-2005-G.R.PIURA-420010-DRA.P-AACH-S.ATDRCH</SimpleData>
					<SimpleData name="TOMA">LAS CAPILLAS</SimpleData>
				</SchemaData>
			</ExtendedData>
			<Polygon>
				<outerBoundaryIs>
					<LinearRing>
						<coordinates>
							-80.73182995564292,-4.89054919462234,0 -80.73179664770288,-4.8903877004064,0 -80.73166548653467,-4.88975185649034,0 -80.73247811075819,-4.889780221199382,0 -80.73316086764309,-4.889783203582643,0 -80.73350783183787,-4.889800618649272,0 -80.73351621484915,-4.889813196654609,0 -80.73352522741087,-4.889830388652254,0 -80.73353171278194,-4.889852193404558,0 -80.73357837125401,-4.89000953137441,0 -80.73360125022165,-4.890086436102596,0 -80.73363106137539,-4.890195820697438,0 -80.73182995564292,-4.89054919462234,0 -80.73182995564292,-4.89054919462234,0
						</coordinates>
					</LinearRing>
				</outerBoundaryIs>
			</Polygon>
		</Placemark>
		<Placemark>
			<name>31487</name>
			<visibility>0</visibility>
			<ExtendedData>
				<SchemaData schemaUrl="#S_BLOQUE_LAS_CAPILLAS">
					<SimpleData name="AREA_HA">1.67</SimpleData>
					<SimpleData name="NOM_LOC">JIBITO</SimpleData>
					<SimpleData name="NOM_PRE">LA CAPILLA</SimpleData>
					<SimpleData name="NOM_BLO">LAS CAPILLAS</SimpleData>
					<SimpleData name="CODCAT">31487</SimpleData>
					<SimpleData name="USUARIO">BRUNO CHERO, JOSE MANUEL</SimpleData>
					<SimpleData name="AP_PAT_USU">BRUNO</SimpleData>
					<SimpleData name="AP_MAT_USU">CHERO</SimpleData>
					<SimpleData name="NOM_USU">JOSE MANUEL</SimpleData>
					<SimpleData name="TIPODOC">DNI</SimpleData>
					<SimpleData name="NUM_DOC">03630967</SimpleData>
					<SimpleData name="DESC_LIC">G.R.PIURA-420010-DRA.P-AACH-S.ATDRCH</SimpleData>
					<SimpleData name="PAR_AR_BR">1.67</SimpleData>
					<SimpleData name="RES_ADM">517-2005-G.R.PIURA-420010-DRA.P-AACH-S.ATDRCH</SimpleData>
					<SimpleData name="TOMA">LAS CAPILLAS</SimpleData>
				</SchemaData>
			</ExtendedData>
			<Polygon>
				<outerBoundaryIs>
					<LinearRing>
						<coordinates>
							-80.73379249894739,-4.890909476603729,0 -80.73197993164945,-4.891276144774455,0 -80.73194716370355,-4.891117455211685,0 -80.73182995564292,-4.89054919462234,0 -80.73363106137539,-4.890195820697438,0 -80.73379249894739,-4.890909476603729,0 -80.73379249894739,-4.890909476603729,0
						</coordinates>
					</LinearRing>
				</outerBoundaryIs>
			</Polygon>
		</Placemark>
		<Placemark>
			<name>31485</name>
			<visibility>0</visibility>
			<ExtendedData>
				<SchemaData schemaUrl="#S_BLOQUE_LAS_CAPILLAS">
					<SimpleData name="AREA_HA">1.59</SimpleData>
					<SimpleData name="NOM_LOC">JIBITO</SimpleData>
					<SimpleData name="NOM_PRE">LA CAPILLA</SimpleData>
					<SimpleData name="NOM_BLO">LAS CAPILLAS</SimpleData>
					<SimpleData name="CODCAT">31485</SimpleData>
					<SimpleData name="USUARIO">SILVA SILUPU, PEDRO</SimpleData>
					<SimpleData name="AP_PAT_USU">SILVA</SimpleData>
					<SimpleData name="AP_MAT_USU">SILUPU</SimpleData>
					<SimpleData name="NOM_USU">PEDRO</SimpleData>
					<SimpleData name="TIPODOC">DNI</SimpleData>
					<SimpleData name="NUM_DOC">03629471</SimpleData>
					<SimpleData name="DESC_LIC">G.R.PIURA-420010-DRA.P-AACH-S.ATDRCH</SimpleData>
					<SimpleData name="PAR_AR_BR">1.59</SimpleData>
					<SimpleData name="RES_ADM">517-2005-G.R.PIURA-420010-DRA.P-AACH-S.ATDRCH</SimpleData>
					<SimpleData name="TOMA">LAS CAPILLAS</SimpleData>
				</SchemaData>
			</ExtendedData>
			<Polygon>
				<outerBoundaryIs>
					<LinearRing>
						<coordinates>
							-80.73392671418192,-4.891583045554304,0 -80.73212414686986,-4.891974324567854,0 -80.73197993164945,-4.891276144774455,0 -80.73379249894739,-4.890909476603729,0 -80.73392671418192,-4.891583045554304,0 -80.73392671418192,-4.891583045554304,0
						</coordinates>
					</LinearRing>
				</outerBoundaryIs>
			</Polygon>
		</Placemark>
		<Placemark>
			<name>31507</name>
			<visibility>0</visibility>
			<ExtendedData>
				<SchemaData schemaUrl="#S_BLOQUE_LAS_CAPILLAS">
					<SimpleData name="AREA_HA">2.33</SimpleData>
					<SimpleData name="NOM_LOC">JIBITO</SimpleData>
					<SimpleData name="NOM_PRE">LA CAPILLA</SimpleData>
					<SimpleData name="NOM_BLO">LAS CAPILLAS</SimpleData>
					<SimpleData name="CODCAT">31507</SimpleData>
					<SimpleData name="USUARIO">CHIROQUE CHERO, MARIA JUANA DE LA CRUZ</SimpleData>
					<SimpleData name="AP_PAT_USU">CHIROQUE</SimpleData>
					<SimpleData name="AP_MAT_USU">CHERO</SimpleData>
					<SimpleData name="NOM_USU">MARIA JUANA DE LA CRUZ</SimpleData>
					<SimpleData name="TIPODOC">DNI</SimpleData>
					<SimpleData name="NUM_DOC">03630855</SimpleData>
					<SimpleData name="DESC_LIC">G.R.PIURA-420010-DRA.P-AACH-S.ATDRCH</SimpleData>
					<SimpleData name="PAR_AR_BR">2.33</SimpleData>
					<SimpleData name="RES_ADM">517-2005-G.R.PIURA-420010-DRA.P-AACH-S.ATDRCH</SimpleData>
					<SimpleData name="TOMA">LAS CAPILLAS</SimpleData>
				</SchemaData>
			</ExtendedData>
			<Polygon>
				<outerBoundaryIs>
					<LinearRing>
						<coordinates>
							-80.72928554134431,-4.898255579539345,0 -80.72934315120945,-4.89854328296425,0 -80.72930525440573,-4.898582168024941,0 -80.72921864974047,-4.898629175537943,0 -80.72912934499686,-4.898661707473728,0 -80.72903823852556,-4.898688810744735,0 -80.72894442587523,-4.898716817576789,0 -80.72884520051332,-4.898747536197416,0 -80.72875229194374,-4.89877011543064,0 -80.72866299579633,-4.898780935575699,0 -80.72856377797214,-4.898792656393196,0 -80.72846546280307,-4.898802568246414,0 -80.72835993285057,-4.898810667884554,0 -80.72825891366595,-4.898816055347231,0 -80.72815338298973,-4.898825964262919,0 -80.72805507069779,-4.898828638813599,0 -80.72795315209792,-4.898827693281726,0 -80.72786115661806,-4.898822228439768,0 -80.72775743992146,-4.898806807671425,0 -80.72770423137676,-4.898792311824282,0 -80.72767357019148,-4.898780538993472,0 -80.72764201284795,-4.898754291316301,0 -80.72762849281311,-4.898731669503498,0 -80.7274334796703,-4.897864117171284,0 -80.72911320803286,-4.897506184626542,0 -80.72911320803286,-4.897506184626542,0 -80.72928554134431,-4.898255579539345,0
						</coordinates>
					</LinearRing>
				</outerBoundaryIs>
			</Polygon>
		</Placemark>
		<Placemark>
			<name>31594</name>
			<visibility>0</visibility>
			<ExtendedData>
				<SchemaData schemaUrl="#S_BLOQUE_LAS_CAPILLAS">
					<SimpleData name="AREA_HA">1.36</SimpleData>
					<SimpleData name="NOM_LOC">JIBITO</SimpleData>
					<SimpleData name="NOM_PRE">LA CAPILLA</SimpleData>
					<SimpleData name="NOM_BLO">LAS CAPILLAS</SimpleData>
					<SimpleData name="CODCAT">31594</SimpleData>
					<SimpleData name="USUARIO">YAKSETIG GUZMAN DE BEL, NEDDA GIGLIORA</SimpleData>
					<SimpleData name="AP_PAT_USU">YAKSETIG</SimpleData>
					<SimpleData name="AP_MAT_USU">GUZMAN DE BEL</SimpleData>
					<SimpleData name="NOM_USU">NEDDA GIGLIORA</SimpleData>
					<SimpleData name="TIPODOC">DNI</SimpleData>
					<SimpleData name="NUM_DOC">03640934</SimpleData>
					<SimpleData name="DESC_LIC">G.R.PIURA-420010-DRA.P-AACH-S.ATDRCH</SimpleData>
					<SimpleData name="PAR_AR_BR">1.36</SimpleData>
					<SimpleData name="RES_ADM">517-2005-G.R.PIURA-420010-DRA.P-AACH-S.ATDRCH</SimpleData>
					<SimpleData name="TOMA">LAS CAPILLAS</SimpleData>
				</SchemaData>
			</ExtendedData>
			<Polygon>
				<outerBoundaryIs>
					<LinearRing>
						<coordinates>
							-80.72911320803286,-4.897506184626542,0 -80.7274334796703,-4.897864117171284,0 -80.72735217917699,-4.897502765159172,0 -80.72728454924538,-4.897238850013455,0 -80.72804278086441,-4.897077040157221,0 -80.72809148955461,-4.897066565678556,0 -80.72809148951858,-4.897066656144091,0 -80.72896409591588,-4.896880374887591,0 -80.72903307411117,-4.897157588874876,0 -80.72911320803286,-4.897506184626542,0 -80.72911320803286,-4.897506184626542,0
						</coordinates>
					</LinearRing>
				</outerBoundaryIs>
			</Polygon>
		</Placemark>
		<Placemark>
			<name>31481</name>
			<visibility>0</visibility>
			<ExtendedData>
				<SchemaData schemaUrl="#S_BLOQUE_LAS_CAPILLAS">
					<SimpleData name="AREA_HA">1.23</SimpleData>
					<SimpleData name="NOM_LOC">JIBITO</SimpleData>
					<SimpleData name="NOM_PRE">LA CAPILLA</SimpleData>
					<SimpleData name="NOM_BLO">LAS CAPILLAS</SimpleData>
					<SimpleData name="CODCAT">31481</SimpleData>
					<SimpleData name="USUARIO">VILLAREAL CURAY, TIMOTEO</SimpleData>
					<SimpleData name="AP_PAT_USU">VILLAREAL</SimpleData>
					<SimpleData name="AP_MAT_USU">CURAY</SimpleData>
					<SimpleData name="NOM_USU">TIMOTEO</SimpleData>
					<SimpleData name="TIPODOC">DNI</SimpleData>
					<SimpleData name="NUM_DOC">03630089</SimpleData>
					<SimpleData name="DESC_LIC">G.R.PIURA-420010-DRA.P-AACH-S.ATDRCH</SimpleData>
					<SimpleData name="PAR_AR_BR">1.23</SimpleData>
					<SimpleData name="RES_ADM">517-2005-G.R.PIURA-420010-DRA.P-AACH-S.ATDRCH</SimpleData>
					<SimpleData name="TOMA">LAS CAPILLAS</SimpleData>
				</SchemaData>
			</ExtendedData>
			<Polygon>
				<outerBoundaryIs>
					<LinearRing>
						<coordinates>
							-80.73411428020216,-4.892137039843128,0 -80.73412049101982,-4.892169157561172,0 -80.73412319469595,-4.892174586555207,0 -80.73318851512198,-4.892431685155656,0 -80.73312946219488,-4.892140634153996,0 -80.73221246050103,-4.892396924129279,0 -80.73212414686986,-4.891974324567854,0 -80.73392671418192,-4.891583045554304,0 -80.73398538930488,-4.89168692303716,0 -80.73399971307023,-4.89173035213248,0 -80.73401782036119,-4.891785543236546,0 -80.73405025459439,-4.891876021532062,0 -80.73407637357306,-4.891971020634108,0 -80.73410068870017,-4.892066019029238,0 -80.73411428020216,-4.892137039843128,0 -80.73411428020216,-4.892137039843128,0
						</coordinates>
					</LinearRing>
				</outerBoundaryIs>
			</Polygon>
		</Placemark>
		<Placemark>
			<name>31463</name>
			<visibility>0</visibility>
			<ExtendedData>
				<SchemaData schemaUrl="#S_BLOQUE_LAS_CAPILLAS">
					<SimpleData name="AREA_HA">0.0696</SimpleData>
					<SimpleData name="NOM_LOC">JIBITO</SimpleData>
					<SimpleData name="NOM_PRE">LA BOCANA - LA CAPILLA</SimpleData>
					<SimpleData name="NOM_BLO">LAS CAPILLAS</SimpleData>
					<SimpleData name="CODCAT">31463</SimpleData>
					<SimpleData name="USUARIO">REQUENA CHAVEZ, PEDRO</SimpleData>
					<SimpleData name="AP_PAT_USU">REQUENA</SimpleData>
					<SimpleData name="AP_MAT_USU">CHAVEZ</SimpleData>
					<SimpleData name="NOM_USU">PEDRO</SimpleData>
					<SimpleData name="TIPODOC">DNI</SimpleData>
					<SimpleData name="NUM_DOC">03629806</SimpleData>
					<SimpleData name="DESC_LIC">G.R.PIURA-420010-AACH-ATDRCH</SimpleData>
					<SimpleData name="PAR_AR_BR">0.0696</SimpleData>
					<SimpleData name="RES_ADM">124-2006-G.R.PIURA-420010-AACH-ATDRCH</SimpleData>
					<SimpleData name="TOMA">LAS CAPILLAS</SimpleData>
				</SchemaData>
			</ExtendedData>
			<Polygon>
				<outerBoundaryIs>
					<LinearRing>
						<coordinates>
							-80.73409543997076,-4.8962826179794,0 -80.73410172421187,-4.896358611533829,0 -80.73409538642393,-4.89642012564957,0 -80.73408993535696,-4.896521444970203,0 -80.73409260340222,-4.896619148848012,0 -80.73409527192706,-4.896714139047697,0 -80.73410064760392,-4.896806416050737,0 -80.73410331670665,-4.896901405671206,0 -80.7341122994229,-4.896995493398714,0 -80.73411409202056,-4.897024443088121,0 -80.73409676572886,-4.897047867030786,0 -80.7339527420578,-4.896313682222617,0 -80.73409543997076,-4.8962826179794,0
						</coordinates>
					</LinearRing>
				</outerBoundaryIs>
			</Polygon>
		</Placemark>
		<Placemark>
			<name>31466</name>
			<visibility>0</visibility>
			<ExtendedData>
				<SchemaData schemaUrl="#S_BLOQUE_LAS_CAPILLAS">
					<SimpleData name="AREA_HA">0.3294</SimpleData>
					<SimpleData name="NOM_LOC">JIBITO</SimpleData>
					<SimpleData name="NOM_PRE">CAPILLA ALTA</SimpleData>
					<SimpleData name="NOM_BLO">LAS CAPILLAS</SimpleData>
					<SimpleData name="CODCAT">31466</SimpleData>
					<SimpleData name="USUARIO">OCAMPO JIMENEZ, LUIS</SimpleData>
					<SimpleData name="AP_PAT_USU">OCAMPO</SimpleData>
					<SimpleData name="AP_MAT_USU">JIMENEZ</SimpleData>
					<SimpleData name="NOM_USU">LUIS</SimpleData>
					<SimpleData name="TIPODOC">DNI</SimpleData>
					<SimpleData name="NUM_DOC">03629275</SimpleData>
					<SimpleData name="DESC_LIC">G.R.PIURA-420010-AACH-ATDRCH</SimpleData>
					<SimpleData name="PAR_AR_BR">0.3294</SimpleData>
					<SimpleData name="RES_ADM">124-2006-G.R.PIURA-420010-AACH-ATDRCH</SimpleData>
					<SimpleData name="TOMA">LAS CAPILLAS</SimpleData>
				</SchemaData>
			</ExtendedData>
			<Polygon>
				<outerBoundaryIs>
					<LinearRing>
						<coordinates>
							-80.73378486458651,-4.895457359778524,0 -80.73419574514506,-4.895329964589166,0 -80.73419770817598,-4.895385239398815,0 -80.73419947648352,-4.89547661062608,0 -80.73419673307292,-4.895572503076499,0 -80.73418858004285,-4.895664774784853,0 -80.73417320673458,-4.895767899535932,0 -80.734159641388,-4.895861978435343,0 -80.73414607722074,-4.895951533765555,0 -80.73412890236641,-4.896050134818557,0 -80.7341126312659,-4.896143307710359,0 -80.73410901260779,-4.896171350914297,0 -80.73409543997076,-4.8962826179794,0 -80.7339527420578,-4.896313682222617,0 -80.73378486458651,-4.895457359778524,0
						</coordinates>
					</LinearRing>
				</outerBoundaryIs>
			</Polygon>
		</Placemark>
		<Placemark>
			<name>31583</name>
			<visibility>0</visibility>
			<ExtendedData>
				<SchemaData schemaUrl="#S_BLOQUE_LAS_CAPILLAS">
					<SimpleData name="AREA_HA">0.9349</SimpleData>
					<SimpleData name="NOM_LOC">JIBITO</SimpleData>
					<SimpleData name="NOM_PRE">S/N</SimpleData>
					<SimpleData name="NOM_BLO">LAS CAPILLAS</SimpleData>
					<SimpleData name="CODCAT">31583</SimpleData>
					<SimpleData name="USUARIO"></SimpleData>
					<SimpleData name="AP_PAT_USU"></SimpleData>
					<SimpleData name="AP_MAT_USU"></SimpleData>
					<SimpleData name="NOM_USU"></SimpleData>
					<SimpleData name="TIPODOC">SIN DATO</SimpleData>
					<SimpleData name="NUM_DOC"></SimpleData>
					<SimpleData name="DESC_LIC"></SimpleData>
					<SimpleData name="PAR_AR_BR">0.9349</SimpleData>
					<SimpleData name="RES_ADM"></SimpleData>
					<SimpleData name="TOMA">LAS CAPILLAS</SimpleData>
				</SchemaData>
			</ExtendedData>
			<Polygon>
				<outerBoundaryIs>
					<LinearRing>
						<coordinates>
							-80.7301499602702,-4.885916963225219,0 -80.73020442318162,-4.885950185703766,0 -80.73031164275307,-4.885997903595465,0 -80.73201707669315,-4.889702329616858,0 -80.7319706282955,-4.8897003210565,0 -80.73188413620328,-4.889693682950956,0 -80.73188323434847,-4.88969350166399,0 -80.73181757621114,-4.889688228752962,0 -80.73003517033877,-4.885854677344645,0 -80.73003517033877,-4.885854677344645,0 -80.7301499602702,-4.885916963225219,0
						</coordinates>
					</LinearRing>
				</outerBoundaryIs>
			</Polygon>
		</Placemark>
		<Placemark>
			<name>31582</name>
			<visibility>0</visibility>
			<ExtendedData>
				<SchemaData schemaUrl="#S_BLOQUE_LAS_CAPILLAS">
					<SimpleData name="AREA_HA">0.9061</SimpleData>
					<SimpleData name="NOM_LOC">JIBITO</SimpleData>
					<SimpleData name="NOM_PRE">S/N</SimpleData>
					<SimpleData name="NOM_BLO">LAS CAPILLAS</SimpleData>
					<SimpleData name="CODCAT">31582</SimpleData>
					<SimpleData name="USUARIO"></SimpleData>
					<SimpleData name="AP_PAT_USU"></SimpleData>
					<SimpleData name="AP_MAT_USU"></SimpleData>
					<SimpleData name="NOM_USU"></SimpleData>
					<SimpleData name="TIPODOC">SIN DATO</SimpleData>
					<SimpleData name="NUM_DOC"></SimpleData>
					<SimpleData name="DESC_LIC"></SimpleData>
					<SimpleData name="PAR_AR_BR">0.9061</SimpleData>
					<SimpleData name="RES_ADM"></SimpleData>
					<SimpleData name="TOMA">LAS CAPILLAS</SimpleData>
				</SchemaData>
			</ExtendedData>
			<Polygon>
				<outerBoundaryIs>
					<LinearRing>
						<coordinates>
							-80.72978476404279,-4.885710194824897,0 -80.7298449076949,-4.885746766814634,0 -80.72998187833387,-4.885825526269311,0 -80.72998124706096,-4.885825345087502,0 -80.73003517033877,-4.885854677344645,0 -80.73181757621114,-4.889688228752962,0 -80.73174561882814,-4.889646676648745,0 -80.73174561882814,-4.889646676648745,0 -80.73172407192681,-4.889623418487467,0 -80.73167944886684,-4.889566678948,0 -80.73164312576579,-4.889504243351328,0 -80.73163807821419,-4.889496008989815,0 -80.73161401249943,-4.889456013697298,0 -80.7315766021986,-4.889406061919064,0 -80.73154125421929,-4.889386959718502,0 -80.73151230607519,-4.889377630327722,0 -80.73149417965006,-4.88937183336909,0 -80.72973940599309,-4.885688555527104,0 -80.72973940599309,-4.885688555527104,0 -80.72978476404279,-4.885710194824897,0
						</coordinates>
					</LinearRing>
				</outerBoundaryIs>
			</Polygon>
		</Placemark>
		<Placemark>
			<name>31581</name>
			<visibility>0</visibility>
			<ExtendedData>
				<SchemaData schemaUrl="#S_BLOQUE_LAS_CAPILLAS">
					<SimpleData name="AREA_HA">0.7531</SimpleData>
					<SimpleData name="NOM_LOC">JIBITO</SimpleData>
					<SimpleData name="NOM_PRE">S/N</SimpleData>
					<SimpleData name="NOM_BLO">LAS CAPILLAS</SimpleData>
					<SimpleData name="CODCAT">31581</SimpleData>
					<SimpleData name="USUARIO"></SimpleData>
					<SimpleData name="AP_PAT_USU"></SimpleData>
					<SimpleData name="AP_MAT_USU"></SimpleData>
					<SimpleData name="NOM_USU"></SimpleData>
					<SimpleData name="TIPODOC">SIN DATO</SimpleData>
					<SimpleData name="NUM_DOC"></SimpleData>
					<SimpleData name="DESC_LIC"></SimpleData>
					<SimpleData name="PAR_AR_BR">0.7531</SimpleData>
					<SimpleData name="RES_ADM"></SimpleData>
					<SimpleData name="TOMA">LAS CAPILLAS</SimpleData>
				</SchemaData>
			</ExtendedData>
			<Polygon>
				<outerBoundaryIs>
					<LinearRing>
						<coordinates>
							-80.72948862972329,-4.885567684272678,0 -80.7295788961905,-4.885607525026754,0 -80.72968557150475,-4.885662841906092,0 -80.72968557150475,-4.885662841906092,0 -80.72973940595736,-4.885688645992678,0 -80.72973940599309,-4.885688555527104,0 -80.73149417965006,-4.88937183336909,0 -80.73137251568487,-4.889357129866434,0 -80.72946337982455,-4.885557903946109,0 -80.72946337982455,-4.885557903946109,0 -80.72948862972329,-4.885567684272678,0
						</coordinates>
					</LinearRing>
				</outerBoundaryIs>
			</Polygon>
		</Placemark>
		<Placemark>
			<name>31579</name>
			<visibility>0</visibility>
			<ExtendedData>
				<SchemaData schemaUrl="#S_BLOQUE_LAS_CAPILLAS">
					<SimpleData name="AREA_HA">0.9094</SimpleData>
					<SimpleData name="NOM_LOC">JIBITO</SimpleData>
					<SimpleData name="NOM_PRE">S/N</SimpleData>
					<SimpleData name="NOM_BLO">LAS CAPILLAS</SimpleData>
					<SimpleData name="CODCAT">31579</SimpleData>
					<SimpleData name="USUARIO"></SimpleData>
					<SimpleData name="AP_PAT_USU"></SimpleData>
					<SimpleData name="AP_MAT_USU"></SimpleData>
					<SimpleData name="NOM_USU"></SimpleData>
					<SimpleData name="TIPODOC">SIN DATO</SimpleData>
					<SimpleData name="NUM_DOC"></SimpleData>
					<SimpleData name="DESC_LIC"></SimpleData>
					<SimpleData name="PAR_AR_BR">0.9094</SimpleData>
					<SimpleData name="RES_ADM"></SimpleData>
					<SimpleData name="TOMA">LAS CAPILLAS</SimpleData>
				</SchemaData>
			</ExtendedData>
			<Polygon>
				<outerBoundaryIs>
					<LinearRing>
						<coordinates>
							-80.72910816259007,-4.885433824705928,0 -80.72925344462627,-4.885477486967513,0 -80.72925353506882,-4.885476853744459,0 -80.72928103943883,-4.88548744916624,0 -80.73124768673824,-4.889363413105883,0 -80.7311446826748,-4.889374047304225,0 -80.73103752932556,-4.889385765431433,0 -80.72909607886973,-4.885428753820316,0 -80.72909607886973,-4.885428753820316,0 -80.72910816259007,-4.885433824705928,0
						</coordinates>
					</LinearRing>
				</outerBoundaryIs>
			</Polygon>
		</Placemark>
		<Placemark>
			<name>31576</name>
			<visibility>0</visibility>
			<ExtendedData>
				<SchemaData schemaUrl="#S_BLOQUE_LAS_CAPILLAS">
					<SimpleData name="AREA_HA">0.6125</SimpleData>
					<SimpleData name="NOM_LOC">JIBITO</SimpleData>
					<SimpleData name="NOM_PRE">LA CAPILLA</SimpleData>
					<SimpleData name="NOM_BLO">LAS CAPILLAS</SimpleData>
					<SimpleData name="CODCAT">31576</SimpleData>
					<SimpleData name="USUARIO">CORREA CARREÑO, SANTIAGO</SimpleData>
					<SimpleData name="AP_PAT_USU">CORREA</SimpleData>
					<SimpleData name="AP_MAT_USU">CARREÑO</SimpleData>
					<SimpleData name="NOM_USU">SANTIAGO</SimpleData>
					<SimpleData name="TIPODOC">CODIGO PROFODUA</SimpleData>
					<SimpleData name="NUM_DOC">000000000107</SimpleData>
					<SimpleData name="DESC_LIC">G.R.PIURA-420010-AACH-ATDRCH</SimpleData>
					<SimpleData name="PAR_AR_BR">0.6125</SimpleData>
					<SimpleData name="RES_ADM">124-2006-G.R.PIURA-420010-AACH-ATDRCH</SimpleData>
					<SimpleData name="TOMA">LAS CAPILLAS</SimpleData>
				</SchemaData>
			</ExtendedData>
			<Polygon>
				<outerBoundaryIs>
					<LinearRing>
						<coordinates>
							-80.7287925336731,-4.885325140220456,0 -80.72879271391362,-4.885325502154679,0 -80.73074320702375,-4.889446803617479,0 -80.73061539322414,-4.889474616363085,0 -80.72868106705404,-4.885298227485015,0 -80.7287925336731,-4.885325140220456,0 -80.7287925336731,-4.885325140220456,0
						</coordinates>
					</LinearRing>
				</outerBoundaryIs>
			</Polygon>
		</Placemark>
		<Placemark>
			<name>31575</name>
			<visibility>0</visibility>
			<ExtendedData>
				<SchemaData schemaUrl="#S_BLOQUE_LAS_CAPILLAS">
					<SimpleData name="AREA_HA">0.8863</SimpleData>
					<SimpleData name="NOM_LOC">JIBITO</SimpleData>
					<SimpleData name="NOM_PRE">S/N</SimpleData>
					<SimpleData name="NOM_BLO">LAS CAPILLAS</SimpleData>
					<SimpleData name="CODCAT">31575</SimpleData>
					<SimpleData name="USUARIO"></SimpleData>
					<SimpleData name="AP_PAT_USU"></SimpleData>
					<SimpleData name="AP_MAT_USU"></SimpleData>
					<SimpleData name="NOM_USU"></SimpleData>
					<SimpleData name="TIPODOC">SIN DATO</SimpleData>
					<SimpleData name="NUM_DOC"></SimpleData>
					<SimpleData name="DESC_LIC"></SimpleData>
					<SimpleData name="PAR_AR_BR">0.8863</SimpleData>
					<SimpleData name="RES_ADM"></SimpleData>
					<SimpleData name="TOMA">LAS CAPILLAS</SimpleData>
				</SchemaData>
			</ExtendedData>
			<Polygon>
				<outerBoundaryIs>
					<LinearRing>
						<coordinates>
							-80.72868106705404,-4.885298227485015,0 -80.73061539322414,-4.889474616363085,0 -80.73061539325977,-4.88947452589753,0 -80.73043174548893,-4.889514438859925,0 -80.7285107223604,-4.885227777289039,0 -80.7285107223604,-4.885227777289039,0 -80.72868106705404,-4.885298227485015,0
						</coordinates>
					</LinearRing>
				</outerBoundaryIs>
			</Polygon>
		</Placemark>
		<Placemark>
			<name>31574</name>
			<visibility>0</visibility>
			<ExtendedData>
				<SchemaData schemaUrl="#S_BLOQUE_LAS_CAPILLAS">
					<SimpleData name="AREA_HA">0.7361</SimpleData>
					<SimpleData name="NOM_LOC">JIBITO</SimpleData>
					<SimpleData name="NOM_PRE">S/N</SimpleData>
					<SimpleData name="NOM_BLO">LAS CAPILLAS</SimpleData>
					<SimpleData name="CODCAT">31574</SimpleData>
					<SimpleData name="USUARIO"></SimpleData>
					<SimpleData name="AP_PAT_USU"></SimpleData>
					<SimpleData name="AP_MAT_USU"></SimpleData>
					<SimpleData name="NOM_USU"></SimpleData>
					<SimpleData name="TIPODOC">SIN DATO</SimpleData>
					<SimpleData name="NUM_DOC"></SimpleData>
					<SimpleData name="DESC_LIC"></SimpleData>
					<SimpleData name="PAR_AR_BR">0.7361</SimpleData>
					<SimpleData name="RES_ADM"></SimpleData>
					<SimpleData name="TOMA">LAS CAPILLAS</SimpleData>
				</SchemaData>
			</ExtendedData>
			<Polygon>
				<outerBoundaryIs>
					<LinearRing>
						<coordinates>
							-80.72851063224022,-4.885227596321897,0 -80.7285107223604,-4.885227777289039,0 -80.73043174548893,-4.889514438859925,0 -80.73034605522447,-4.889533040771996,0 -80.73027614943653,-4.889549658695394,0 -80.72838086867971,-4.885170460732178,0 -80.72851063224022,-4.885227596321897,0 -80.72851063224022,-4.885227596321897,0
						</coordinates>
					</LinearRing>
				</outerBoundaryIs>
			</Polygon>
		</Placemark>
		<Placemark>
			<name>31573</name>
			<visibility>0</visibility>
			<ExtendedData>
				<SchemaData schemaUrl="#S_BLOQUE_LAS_CAPILLAS">
					<SimpleData name="AREA_HA">0.8021</SimpleData>
					<SimpleData name="NOM_LOC">JIBITO</SimpleData>
					<SimpleData name="NOM_PRE">LA CAPILLA</SimpleData>
					<SimpleData name="NOM_BLO">LAS CAPILLAS</SimpleData>
					<SimpleData name="CODCAT">31573</SimpleData>
					<SimpleData name="USUARIO">SOCOLA AGRIDA, LUCIANO</SimpleData>
					<SimpleData name="AP_PAT_USU">SOCOLA</SimpleData>
					<SimpleData name="AP_MAT_USU">AGRIDA</SimpleData>
					<SimpleData name="NOM_USU">LUCIANO</SimpleData>
					<SimpleData name="TIPODOC">DNI</SimpleData>
					<SimpleData name="NUM_DOC">03563973</SimpleData>
					<SimpleData name="DESC_LIC">G.R.PIURA-420010-AACH-ATDRCH</SimpleData>
					<SimpleData name="PAR_AR_BR">0.8021</SimpleData>
					<SimpleData name="RES_ADM">124-2006-G.R.PIURA-420010-AACH-ATDRCH</SimpleData>
					<SimpleData name="TOMA">LAS CAPILLAS</SimpleData>
				</SchemaData>
			</ExtendedData>
			<Polygon>
				<outerBoundaryIs>
					<LinearRing>
						<coordinates>
							-80.72838086864381,-4.885170551197753,0 -80.72838086867971,-4.885170460732178,0 -80.73027614943653,-4.889549658695394,0 -80.73011784662914,-4.889587319989337,0 -80.72823225951895,-4.885102009391602,0 -80.72838086864381,-4.885170551197753,0 -80.72838086864381,-4.885170551197753,0
						</coordinates>
					</LinearRing>
				</outerBoundaryIs>
			</Polygon>
		</Placemark>
		<Placemark>
			<name>31572</name>
			<visibility>0</visibility>
			<ExtendedData>
				<SchemaData schemaUrl="#S_BLOQUE_LAS_CAPILLAS">
					<SimpleData name="AREA_HA">0.8243</SimpleData>
					<SimpleData name="NOM_LOC">JIBITO</SimpleData>
					<SimpleData name="NOM_PRE">LA BOCANA - LA CAPILLA</SimpleData>
					<SimpleData name="NOM_BLO">LAS CAPILLAS</SimpleData>
					<SimpleData name="CODCAT">31572</SimpleData>
					<SimpleData name="USUARIO">BEL YAKSETIG, NEDDA ANAMARIA</SimpleData>
					<SimpleData name="AP_PAT_USU">BEL</SimpleData>
					<SimpleData name="AP_MAT_USU">YAKSETIG</SimpleData>
					<SimpleData name="NOM_USU">NEDDA ANAMARIA</SimpleData>
					<SimpleData name="TIPODOC">DNI</SimpleData>
					<SimpleData name="NUM_DOC">06526629</SimpleData>
					<SimpleData name="DESC_LIC">G.R.PIURA-420010-AACH-ATDRCH</SimpleData>
					<SimpleData name="PAR_AR_BR">0.8</SimpleData>
					<SimpleData name="RES_ADM">124-2006-G.R.PIURA-420010-AACH-ATDRCH</SimpleData>
					<SimpleData name="TOMA">LAS CAPILLAS</SimpleData>
				</SchemaData>
			</ExtendedData>
			<Polygon>
				<outerBoundaryIs>
					<LinearRing>
						<coordinates>
							-80.72811980671175,-4.885060350283618,0 -80.72820854342406,-4.885090963114529,0 -80.72823225951895,-4.885102009391602,0 -80.73011784662914,-4.889587319989337,0 -80.72997117975299,-4.889622181435986,0 -80.72807327483113,-4.885042329031768,0 -80.72807327483113,-4.885042329031768,0 -80.72811980671175,-4.885060350283618,0
						</coordinates>
					</LinearRing>
				</outerBoundaryIs>
			</Polygon>
		</Placemark>
		<Placemark>
			<name>31570</name>
			<visibility>0</visibility>
			<ExtendedData>
				<SchemaData schemaUrl="#S_BLOQUE_LAS_CAPILLAS">
					<SimpleData name="AREA_HA">0.8052</SimpleData>
					<SimpleData name="NOM_LOC">JIBITO</SimpleData>
					<SimpleData name="NOM_PRE">S/N</SimpleData>
					<SimpleData name="NOM_BLO">LAS CAPILLAS</SimpleData>
					<SimpleData name="CODCAT">31570</SimpleData>
					<SimpleData name="USUARIO"></SimpleData>
					<SimpleData name="AP_PAT_USU"></SimpleData>
					<SimpleData name="AP_MAT_USU"></SimpleData>
					<SimpleData name="NOM_USU"></SimpleData>
					<SimpleData name="TIPODOC">SIN DATO</SimpleData>
					<SimpleData name="NUM_DOC"></SimpleData>
					<SimpleData name="DESC_LIC"></SimpleData>
					<SimpleData name="PAR_AR_BR">0.8052</SimpleData>
					<SimpleData name="RES_ADM"></SimpleData>
					<SimpleData name="TOMA">LAS CAPILLAS</SimpleData>
				</SchemaData>
			</ExtendedData>
			<Polygon>
				<outerBoundaryIs>
					<LinearRing>
						<coordinates>
							-80.72780849289629,-4.884988034236648,0 -80.72790751786526,-4.885002548351958,0 -80.72982306963948,-4.889657404138122,0 -80.72968343839977,-4.889690639937035,0 -80.72777746489754,-4.884992997424369,0 -80.72777746489754,-4.884992997424369,0 -80.72780849289629,-4.884988034236648,0
						</coordinates>
					</LinearRing>
				</outerBoundaryIs>
			</Polygon>
		</Placemark>
		<Placemark>
			<name>31569</name>
			<visibility>0</visibility>
			<ExtendedData>
				<SchemaData schemaUrl="#S_BLOQUE_LAS_CAPILLAS">
					<SimpleData name="AREA_HA">0.8092</SimpleData>
					<SimpleData name="NOM_LOC">JIBITO</SimpleData>
					<SimpleData name="NOM_PRE">LA BOCANA - LA CAPILLA</SimpleData>
					<SimpleData name="NOM_BLO">LAS CAPILLAS</SimpleData>
					<SimpleData name="CODCAT">31569</SimpleData>
					<SimpleData name="USUARIO">BEL YAKSETIG, NEDDA ANAMARIA</SimpleData>
					<SimpleData name="AP_PAT_USU">BEL</SimpleData>
					<SimpleData name="AP_MAT_USU">YAKSETIG</SimpleData>
					<SimpleData name="NOM_USU">NEDDA ANAMARIA</SimpleData>
					<SimpleData name="TIPODOC">DNI</SimpleData>
					<SimpleData name="NUM_DOC">06526629</SimpleData>
					<SimpleData name="DESC_LIC">G.R.PIURA-420010-AACH-ATDRCH</SimpleData>
					<SimpleData name="PAR_AR_BR">0.76</SimpleData>
					<SimpleData name="RES_ADM">124-2006-G.R.PIURA-420010-AACH-ATDRCH</SimpleData>
					<SimpleData name="TOMA">LAS CAPILLAS</SimpleData>
				</SchemaData>
			</ExtendedData>
			<Polygon>
				<outerBoundaryIs>
					<LinearRing>
						<coordinates>
							-80.72769908311774,-4.885005540760679,0 -80.72769908311774,-4.885005540760679,0 -80.72777746489754,-4.884992997424369,0 -80.72968343839977,-4.889690639937035,0 -80.72953992850974,-4.889724778818017,0 -80.72765940000612,-4.885002177645132,0 -80.72765940000612,-4.885002177645132,0 -80.72769908311774,-4.885005540760679,0
						</coordinates>
					</LinearRing>
				</outerBoundaryIs>
			</Polygon>
		</Placemark>
		<Placemark>
			<name>31567</name>
			<visibility>0</visibility>
			<ExtendedData>
				<SchemaData schemaUrl="#S_BLOQUE_LAS_CAPILLAS">
					<SimpleData name="AREA_HA">1.088</SimpleData>
					<SimpleData name="NOM_LOC">JIBITO</SimpleData>
					<SimpleData name="NOM_PRE">S/N</SimpleData>
					<SimpleData name="NOM_BLO">LAS CAPILLAS</SimpleData>
					<SimpleData name="CODCAT">31567</SimpleData>
					<SimpleData name="USUARIO"></SimpleData>
					<SimpleData name="AP_PAT_USU"></SimpleData>
					<SimpleData name="AP_MAT_USU"></SimpleData>
					<SimpleData name="NOM_USU"></SimpleData>
					<SimpleData name="TIPODOC">SIN DATO</SimpleData>
					<SimpleData name="NUM_DOC"></SimpleData>
					<SimpleData name="DESC_LIC"></SimpleData>
					<SimpleData name="PAR_AR_BR">1.088</SimpleData>
					<SimpleData name="RES_ADM"></SimpleData>
					<SimpleData name="TOMA">LAS CAPILLAS</SimpleData>
				</SchemaData>
			</ExtendedData>
			<Polygon>
				<outerBoundaryIs>
					<LinearRing>
						<coordinates>
							-80.72741858913912,-4.884998191152537,0 -80.72741786742361,-4.884998643191103,0 -80.7275157266605,-4.884996149369894,0 -80.72936376581768,-4.88976668470184,0 -80.72916225659223,-4.88981464162859,0 -80.72736618929478,-4.884994008732686,0 -80.72736618929478,-4.884994008732686,0 -80.72741858913912,-4.884998191152537,0
						</coordinates>
					</LinearRing>
				</outerBoundaryIs>
			</Polygon>
		</Placemark>
		<Placemark>
			<name>31564</name>
			<visibility>0</visibility>
			<ExtendedData>
				<SchemaData schemaUrl="#S_BLOQUE_LAS_CAPILLAS">
					<SimpleData name="AREA_HA">0.8503</SimpleData>
					<SimpleData name="NOM_LOC">JIBITO</SimpleData>
					<SimpleData name="NOM_PRE">LA BOCANA - LA CAPILLA</SimpleData>
					<SimpleData name="NOM_BLO">LAS CAPILLAS</SimpleData>
					<SimpleData name="CODCAT">31564</SimpleData>
					<SimpleData name="USUARIO">VIERA NAVARRO DE RETO, JUANA</SimpleData>
					<SimpleData name="AP_PAT_USU">VIERA</SimpleData>
					<SimpleData name="AP_MAT_USU">NAVARRO DE RETO</SimpleData>
					<SimpleData name="NOM_USU">JUANA</SimpleData>
					<SimpleData name="TIPODOC">DNI</SimpleData>
					<SimpleData name="NUM_DOC">03598044</SimpleData>
					<SimpleData name="DESC_LIC">G.R.PIURA-420010-AACH-ATDRCH</SimpleData>
					<SimpleData name="PAR_AR_BR">0.8503</SimpleData>
					<SimpleData name="RES_ADM">124-2006-G.R.PIURA-420010-AACH-ATDRCH</SimpleData>
					<SimpleData name="TOMA">LAS CAPILLAS</SimpleData>
				</SchemaData>
			</ExtendedData>
			<Polygon>
				<outerBoundaryIs>
					<LinearRing>
						<coordinates>
							-80.72708325773317,-4.884992719200445,0 -80.72715081486626,-4.884984242544388,0 -80.72891537591892,-4.889874069519657,0 -80.72878783083618,-4.889906224361946,0 -80.72701542854321,-4.885004904828511,0 -80.72701542854321,-4.885004904828511,0 -80.72708325773317,-4.884992719200445,0
						</coordinates>
					</LinearRing>
				</outerBoundaryIs>
			</Polygon>
		</Placemark>
		<Placemark>
			<name>31558</name>
			<visibility>0</visibility>
			<ExtendedData>
				<SchemaData schemaUrl="#S_BLOQUE_LAS_CAPILLAS">
					<SimpleData name="AREA_HA">0.7599</SimpleData>
					<SimpleData name="NOM_LOC">JIBITO</SimpleData>
					<SimpleData name="NOM_PRE">S/N</SimpleData>
					<SimpleData name="NOM_BLO">LAS CAPILLAS</SimpleData>
					<SimpleData name="CODCAT">31558</SimpleData>
					<SimpleData name="USUARIO"></SimpleData>
					<SimpleData name="AP_PAT_USU"></SimpleData>
					<SimpleData name="AP_MAT_USU"></SimpleData>
					<SimpleData name="NOM_USU"></SimpleData>
					<SimpleData name="TIPODOC">SIN DATO</SimpleData>
					<SimpleData name="NUM_DOC"></SimpleData>
					<SimpleData name="DESC_LIC"></SimpleData>
					<SimpleData name="PAR_AR_BR">0.7599</SimpleData>
					<SimpleData name="RES_ADM"></SimpleData>
					<SimpleData name="TOMA">LAS CAPILLAS</SimpleData>
				</SchemaData>
			</ExtendedData>
			<Polygon>
				<outerBoundaryIs>
					<LinearRing>
						<coordinates>
							-80.72643695327105,-4.885191121897716,0 -80.72650442934976,-4.885159847954701,0 -80.72821487012742,-4.890050468912051,0 -80.72807496737504,-4.890085694500157,0 -80.72641809932244,-4.885200703662179,0 -80.72641809932244,-4.885200703662179,0 -80.72643695327105,-4.885191121897716,0
						</coordinates>
					</LinearRing>
				</outerBoundaryIs>
			</Polygon>
		</Placemark>
		<Placemark>
			<name>31557</name>
			<visibility>0</visibility>
			<ExtendedData>
				<SchemaData schemaUrl="#S_BLOQUE_LAS_CAPILLAS">
					<SimpleData name="AREA_HA">0.8624</SimpleData>
					<SimpleData name="NOM_LOC">JIBITO</SimpleData>
					<SimpleData name="NOM_PRE">S/N</SimpleData>
					<SimpleData name="NOM_BLO">LAS CAPILLAS</SimpleData>
					<SimpleData name="CODCAT">31557</SimpleData>
					<SimpleData name="USUARIO"></SimpleData>
					<SimpleData name="AP_PAT_USU"></SimpleData>
					<SimpleData name="AP_MAT_USU"></SimpleData>
					<SimpleData name="NOM_USU"></SimpleData>
					<SimpleData name="TIPODOC">SIN DATO</SimpleData>
					<SimpleData name="NUM_DOC"></SimpleData>
					<SimpleData name="DESC_LIC"></SimpleData>
					<SimpleData name="PAR_AR_BR">0.8624</SimpleData>
					<SimpleData name="RES_ADM"></SimpleData>
					<SimpleData name="TOMA">LAS CAPILLAS</SimpleData>
				</SchemaData>
			</ExtendedData>
			<Polygon>
				<outerBoundaryIs>
					<LinearRing>
						<coordinates>
							-80.72636803270424,-4.885225923409089,0 -80.72641809932244,-4.885200703662179,0 -80.72807496737504,-4.890085694500157,0 -80.7279352449948,-4.89012092013041,0 -80.72630100815196,-4.885255750070369,0 -80.72630100815196,-4.885255750070369,0 -80.72636803270424,-4.885225923409089,0
						</coordinates>
					</LinearRing>
				</outerBoundaryIs>
			</Polygon>
		</Placemark>
		<Placemark>
			<name>31556</name>
			<visibility>0</visibility>
			<ExtendedData>
				<SchemaData schemaUrl="#S_BLOQUE_LAS_CAPILLAS">
					<SimpleData name="AREA_HA">0.6105</SimpleData>
					<SimpleData name="NOM_LOC">JIBITO</SimpleData>
					<SimpleData name="NOM_PRE">S/N</SimpleData>
					<SimpleData name="NOM_BLO">LAS CAPILLAS</SimpleData>
					<SimpleData name="CODCAT">31556</SimpleData>
					<SimpleData name="USUARIO"></SimpleData>
					<SimpleData name="AP_PAT_USU"></SimpleData>
					<SimpleData name="AP_MAT_USU"></SimpleData>
					<SimpleData name="NOM_USU"></SimpleData>
					<SimpleData name="TIPODOC">SIN DATO</SimpleData>
					<SimpleData name="NUM_DOC"></SimpleData>
					<SimpleData name="DESC_LIC"></SimpleData>
					<SimpleData name="PAR_AR_BR">0.6105</SimpleData>
					<SimpleData name="RES_ADM"></SimpleData>
					<SimpleData name="TOMA">LAS CAPILLAS</SimpleData>
				</SchemaData>
			</ExtendedData>
			<Polygon>
				<outerBoundaryIs>
					<LinearRing>
						<coordinates>
							-80.72626573680506,-4.885271476880284,0 -80.72626573680506,-4.885271476880284,0 -80.72630100815196,-4.885255750070369,0 -80.7279352449948,-4.89012092013041,0 -80.72784576492685,-4.890143500681139,0 -80.72620791352425,-4.885297055354383,0 -80.72620791352425,-4.885297055354383,0 -80.72626573680506,-4.885271476880284,0
						</coordinates>
					</LinearRing>
				</outerBoundaryIs>
			</Polygon>
		</Placemark>
		<Placemark>
			<name>31554</name>
			<visibility>0</visibility>
			<ExtendedData>
				<SchemaData schemaUrl="#S_BLOQUE_LAS_CAPILLAS">
					<SimpleData name="AREA_HA">0.674</SimpleData>
					<SimpleData name="NOM_LOC">JIBITO</SimpleData>
					<SimpleData name="NOM_PRE">S/N</SimpleData>
					<SimpleData name="NOM_BLO">LAS CAPILLAS</SimpleData>
					<SimpleData name="CODCAT">31554</SimpleData>
					<SimpleData name="USUARIO"></SimpleData>
					<SimpleData name="AP_PAT_USU"></SimpleData>
					<SimpleData name="AP_MAT_USU"></SimpleData>
					<SimpleData name="NOM_USU"></SimpleData>
					<SimpleData name="TIPODOC">SIN DATO</SimpleData>
					<SimpleData name="NUM_DOC"></SimpleData>
					<SimpleData name="DESC_LIC"></SimpleData>
					<SimpleData name="PAR_AR_BR">0.674</SimpleData>
					<SimpleData name="RES_ADM"></SimpleData>
					<SimpleData name="TOMA">LAS CAPILLAS</SimpleData>
				</SchemaData>
			</ExtendedData>
			<Polygon>
				<outerBoundaryIs>
					<LinearRing>
						<coordinates>
							-80.72603047423277,-4.88537623171583,0 -80.7261248319668,-4.885333931845404,0 -80.72612483200302,-4.885333841379868,0 -80.72774816672607,-4.890168068208651,0 -80.72765561980981,-4.890191371228704,0 -80.72601540898805,-4.885384186614809,0 -80.72601540898805,-4.885384186614809,0 -80.72603047423277,-4.88537623171583,0
						</coordinates>
					</LinearRing>
				</outerBoundaryIs>
			</Polygon>
		</Placemark>
		<Placemark>
			<name>31550</name>
			<visibility>0</visibility>
			<ExtendedData>
				<SchemaData schemaUrl="#S_BLOQUE_LAS_CAPILLAS">
					<SimpleData name="AREA_HA">0.6589</SimpleData>
					<SimpleData name="NOM_LOC">JIBITO</SimpleData>
					<SimpleData name="NOM_PRE">CAPILLA BAJA</SimpleData>
					<SimpleData name="NOM_BLO">LAS CAPILLAS</SimpleData>
					<SimpleData name="CODCAT">31550</SimpleData>
					<SimpleData name="USUARIO">COLOMA MAURICIO, SEGUNDO GUILLERMO</SimpleData>
					<SimpleData name="AP_PAT_USU">COLOMA</SimpleData>
					<SimpleData name="AP_MAT_USU">MAURICIO</SimpleData>
					<SimpleData name="NOM_USU">SEGUNDO GUILLERMO</SimpleData>
					<SimpleData name="TIPODOC">DNI</SimpleData>
					<SimpleData name="NUM_DOC">03588267</SimpleData>
					<SimpleData name="DESC_LIC">G.R.PIURA-420010-AACH-ATDRCH</SimpleData>
					<SimpleData name="PAR_AR_BR">0.6589</SimpleData>
					<SimpleData name="RES_ADM">124-2006-G.R.PIURA-420010-AACH-ATDRCH</SimpleData>
					<SimpleData name="TOMA">LAS CAPILLAS</SimpleData>
				</SchemaData>
			</ExtendedData>
			<Polygon>
				<outerBoundaryIs>
					<LinearRing>
						<coordinates>
							-80.72568298347365,-4.885554037364635,0 -80.72573548521407,-4.88552909005082,0 -80.72723816628022,-4.890296777050875,0 -80.72723816631633,-4.890296686585341,0 -80.72713714032272,-4.890322338231547,0 -80.72563364080722,-4.885573105687975,0 -80.72563364080722,-4.885573105687975,0 -80.72568298347365,-4.885554037364635,0
						</coordinates>
					</LinearRing>
				</outerBoundaryIs>
			</Polygon>
		</Placemark>
		<Placemark>
			<name>31548</name>
			<visibility>0</visibility>
			<ExtendedData>
				<SchemaData schemaUrl="#S_BLOQUE_LAS_CAPILLAS">
					<SimpleData name="AREA_HA">0.8111</SimpleData>
					<SimpleData name="NOM_LOC">JIBITO</SimpleData>
					<SimpleData name="NOM_PRE">S/N</SimpleData>
					<SimpleData name="NOM_BLO">LAS CAPILLAS</SimpleData>
					<SimpleData name="CODCAT">31548</SimpleData>
					<SimpleData name="USUARIO"></SimpleData>
					<SimpleData name="AP_PAT_USU"></SimpleData>
					<SimpleData name="AP_MAT_USU"></SimpleData>
					<SimpleData name="NOM_USU"></SimpleData>
					<SimpleData name="TIPODOC">SIN DATO</SimpleData>
					<SimpleData name="NUM_DOC"></SimpleData>
					<SimpleData name="DESC_LIC"></SimpleData>
					<SimpleData name="PAR_AR_BR">0.8111</SimpleData>
					<SimpleData name="RES_ADM"></SimpleData>
					<SimpleData name="TOMA">LAS CAPILLAS</SimpleData>
				</SchemaData>
			</ExtendedData>
			<Polygon>
				<outerBoundaryIs>
					<LinearRing>
						<coordinates>
							-80.72544727564352,-4.885644136385279,0 -80.72544799736093,-4.88564368434897,0 -80.72551754590921,-4.885617477418485,0 -80.72701446483957,-4.89035612306216,0 -80.72688709593019,-4.890398409744257,0 -80.72539684768289,-4.885670622427258,0 -80.72539684768289,-4.885670622427258,0 -80.72544727564352,-4.885644136385279,0
						</coordinates>
					</LinearRing>
				</outerBoundaryIs>
			</Polygon>
		</Placemark>
		<Placemark>
			<name>31546</name>
			<visibility>0</visibility>
			<ExtendedData>
				<SchemaData schemaUrl="#S_BLOQUE_LAS_CAPILLAS">
					<SimpleData name="AREA_HA">1.5697</SimpleData>
					<SimpleData name="NOM_LOC">JIBITO</SimpleData>
					<SimpleData name="NOM_PRE">LA BOCANA - LA CAPILLA</SimpleData>
					<SimpleData name="NOM_BLO">LAS CAPILLAS</SimpleData>
					<SimpleData name="CODCAT">31546</SimpleData>
					<SimpleData name="USUARIO">BEL YAKSETIG, NEDDA ANAMARIA</SimpleData>
					<SimpleData name="AP_PAT_USU">BEL</SimpleData>
					<SimpleData name="AP_MAT_USU">YAKSETIG</SimpleData>
					<SimpleData name="NOM_USU">NEDDA ANAMARIA</SimpleData>
					<SimpleData name="TIPODOC">DNI</SimpleData>
					<SimpleData name="NUM_DOC">06526629</SimpleData>
					<SimpleData name="DESC_LIC">G.R.PIURA-420010-AACH-ATDRCH</SimpleData>
					<SimpleData name="PAR_AR_BR">1.55</SimpleData>
					<SimpleData name="RES_ADM">124-2006-G.R.PIURA-420010-AACH-ATDRCH</SimpleData>
					<SimpleData name="TOMA">LAS CAPILLAS</SimpleData>
				</SchemaData>
			</ExtendedData>
			<Polygon>
				<outerBoundaryIs>
					<LinearRing>
						<coordinates>
							-80.72524358071706,-4.885747184829996,0 -80.7252435806807,-4.885747275295531,0 -80.72674999086715,-4.890429022429263,0 -80.72668487221826,-4.890427910645818,0 -80.72665980188584,-4.890419849124788,0 -80.72663392673182,-4.890394508359581,0 -80.72662310933369,-4.890380210450025,0 -80.72662049530351,-4.890376319379559,0 -80.7266197742691,-4.89037505257172,0 -80.72659300424924,-4.890332070663368,0 -80.72653991988815,-4.890234346506222,0 -80.72648899929527,-4.890138794389762,0 -80.72643817071931,-4.890038719029684,0 -80.72637615288316,-4.889952118526136,0 -80.72632593529136,-4.889902975507122,0 -80.72496519005033,-4.885891726682483,0 -80.72501165279493,-4.885857278103174,0 -80.72509654358339,-4.885807284984849,0 -80.72509645313687,-4.885807918207124,0 -80.72524358071706,-4.885747184829996,0 -80.72524358071706,-4.885747184829996,0
						</coordinates>
					</LinearRing>
				</outerBoundaryIs>
			</Polygon>
		</Placemark>
		<Placemark>
			<name>31545</name>
			<visibility>0</visibility>
			<ExtendedData>
				<SchemaData schemaUrl="#S_BLOQUE_LAS_CAPILLAS">
					<SimpleData name="AREA_HA">1.4938</SimpleData>
					<SimpleData name="NOM_LOC">JIBITO</SimpleData>
					<SimpleData name="NOM_PRE">S/N</SimpleData>
					<SimpleData name="NOM_BLO">LAS CAPILLAS</SimpleData>
					<SimpleData name="CODCAT">31545</SimpleData>
					<SimpleData name="USUARIO"></SimpleData>
					<SimpleData name="AP_PAT_USU"></SimpleData>
					<SimpleData name="AP_MAT_USU"></SimpleData>
					<SimpleData name="NOM_USU"></SimpleData>
					<SimpleData name="TIPODOC">SIN DATO</SimpleData>
					<SimpleData name="NUM_DOC"></SimpleData>
					<SimpleData name="DESC_LIC"></SimpleData>
					<SimpleData name="PAR_AR_BR">1.4938</SimpleData>
					<SimpleData name="RES_ADM"></SimpleData>
					<SimpleData name="TOMA">LAS CAPILLAS</SimpleData>
				</SchemaData>
			</ExtendedData>
			<Polygon>
				<outerBoundaryIs>
					<LinearRing>
						<coordinates>
							-80.72470824407311,-4.886088204318004,0 -80.72477771778914,-4.886024001909874,0 -80.72487893715584,-4.885964607014692,0 -80.72487893715584,-4.885964607014692,0 -80.72492738828159,-4.885919846174238,0 -80.72496519005033,-4.885891726682483,0 -80.72632593529136,-4.889902975507122,0 -80.72629212633973,-4.889869851497166,0 -80.72621458030862,-4.889820968856391,0 -80.72614154127022,-4.889778692008749,0 -80.72605298731177,-4.889740932174909,0 -80.72598121073445,-4.889699289078598,0 -80.72467756734521,-4.886116598076029,0 -80.72467756734521,-4.886116598076029,0 -80.72470824407311,-4.886088204318004,0
						</coordinates>
					</LinearRing>
				</outerBoundaryIs>
			</Polygon>
		</Placemark>
		<Placemark>
			<name>31542</name>
			<visibility>0</visibility>
			<ExtendedData>
				<SchemaData schemaUrl="#S_BLOQUE_LAS_CAPILLAS">
					<SimpleData name="AREA_HA">0.8565</SimpleData>
					<SimpleData name="NOM_LOC">JIBITO</SimpleData>
					<SimpleData name="NOM_PRE">CAPILLA BAJA</SimpleData>
					<SimpleData name="NOM_BLO">LAS CAPILLAS</SimpleData>
					<SimpleData name="CODCAT">31542</SimpleData>
					<SimpleData name="USUARIO">RISCO VDA. DE CORNEJO, MARIA MERCEDES</SimpleData>
					<SimpleData name="AP_PAT_USU">RISCO</SimpleData>
					<SimpleData name="AP_MAT_USU">VDA. DE CORNEJO</SimpleData>
					<SimpleData name="NOM_USU">MARIA MERCEDES</SimpleData>
					<SimpleData name="TIPODOC">DNI</SimpleData>
					<SimpleData name="NUM_DOC">03568267</SimpleData>
					<SimpleData name="DESC_LIC">G.R.PIURA-420010-AACH-ATDRCH</SimpleData>
					<SimpleData name="PAR_AR_BR">0.8565</SimpleData>
					<SimpleData name="RES_ADM">124-2006-G.R.PIURA-420010-AACH-ATDRCH</SimpleData>
					<SimpleData name="TOMA">LAS CAPILLAS</SimpleData>
				</SchemaData>
			</ExtendedData>
			<Polygon>
				<outerBoundaryIs>
					<LinearRing>
						<coordinates>
							-80.72396236261969,-4.886741696311043,0 -80.72404834214095,-4.886676234172713,0 -80.72413098928189,-4.886599010149917,0 -80.72418466938177,-4.886559860354831,0 -80.72537453256805,-4.889357627164637,0 -80.72534270069244,-4.889342506551975,0 -80.72528525506365,-4.889325113943242,0 -80.72528137729616,-4.889323845857724,0 -80.72523538673326,-4.889304919962394,0 -80.72389324820672,-4.886809155529955,0 -80.72389324820672,-4.886809155529955,0 -80.72396236261969,-4.886741696311043,0
						</coordinates>
					</LinearRing>
				</outerBoundaryIs>
			</Polygon>
		</Placemark>
		<Placemark>
			<name>31540</name>
			<visibility>0</visibility>
			<ExtendedData>
				<SchemaData schemaUrl="#S_BLOQUE_LAS_CAPILLAS">
					<SimpleData name="AREA_HA">0.5751</SimpleData>
					<SimpleData name="NOM_LOC">JIBITO</SimpleData>
					<SimpleData name="NOM_PRE">CAPILLA BAJA</SimpleData>
					<SimpleData name="NOM_BLO">LAS CAPILLAS</SimpleData>
					<SimpleData name="CODCAT">31540</SimpleData>
					<SimpleData name="USUARIO">CORNEJO COBEÑAS, FRANCISCO</SimpleData>
					<SimpleData name="AP_PAT_USU">CORNEJO</SimpleData>
					<SimpleData name="AP_MAT_USU">COBEÑAS</SimpleData>
					<SimpleData name="NOM_USU">FRANCISCO</SimpleData>
					<SimpleData name="TIPODOC">DNI</SimpleData>
					<SimpleData name="NUM_DOC">03581586</SimpleData>
					<SimpleData name="DESC_LIC">G.R.PIURA-420010-AACH-ATDRCH</SimpleData>
					<SimpleData name="PAR_AR_BR">0.5751</SimpleData>
					<SimpleData name="RES_ADM">124-2006-G.R.PIURA-420010-AACH-ATDRCH</SimpleData>
					<SimpleData name="TOMA">LAS CAPILLAS</SimpleData>
				</SchemaData>
			</ExtendedData>
			<Polygon>
				<outerBoundaryIs>
					<LinearRing>
						<coordinates>
							-80.72359705698227,-4.887032846878839,0 -80.72368006081899,-4.886965936133754,0 -80.72372517480296,-4.886921626361103,0 -80.72495249666467,-4.889196156388326,0 -80.72487386340704,-4.88915993833629,0 -80.72477764652869,-4.889114033340524,0 -80.72477890915006,-4.889114214783065,0 -80.72473175088787,-4.889083437396467,0 -80.72465853178974,-4.889040798460904,0 -80.72356908900208,-4.887053642577081,0 -80.72356908900208,-4.887053642577081,0 -80.72359705698227,-4.887032846878839,0
						</coordinates>
					</LinearRing>
				</outerBoundaryIs>
			</Polygon>
		</Placemark>
		<Placemark>
			<name>31537</name>
			<visibility>0</visibility>
			<ExtendedData>
				<SchemaData schemaUrl="#S_BLOQUE_LAS_CAPILLAS">
					<SimpleData name="AREA_HA">0.3731</SimpleData>
					<SimpleData name="NOM_LOC">JIBITO</SimpleData>
					<SimpleData name="NOM_PRE">LA BOCANA - LA CAPILLA</SimpleData>
					<SimpleData name="NOM_BLO">LAS CAPILLAS</SimpleData>
					<SimpleData name="CODCAT">31537</SimpleData>
					<SimpleData name="USUARIO">BEL YAKSETIG, NEDDA ANAMARIA</SimpleData>
					<SimpleData name="AP_PAT_USU">BEL</SimpleData>
					<SimpleData name="AP_MAT_USU">YAKSETIG</SimpleData>
					<SimpleData name="NOM_USU">NEDDA ANAMARIA</SimpleData>
					<SimpleData name="TIPODOC">DNI</SimpleData>
					<SimpleData name="NUM_DOC">06526629</SimpleData>
					<SimpleData name="DESC_LIC">G.R.PIURA-420010-AACH-ATDRCH</SimpleData>
					<SimpleData name="PAR_AR_BR">0.46</SimpleData>
					<SimpleData name="RES_ADM">124-2006-G.R.PIURA-420010-AACH-ATDRCH</SimpleData>
					<SimpleData name="TOMA">LAS CAPILLAS</SimpleData>
				</SchemaData>
			</ExtendedData>
			<Polygon>
				<outerBoundaryIs>
					<LinearRing>
						<coordinates>
							-80.72430018305946,-4.889075844236066,0 -80.72424921831129,-4.889090750366016,0 -80.72420014877039,-4.889102762364272,0 -80.72320330551804,-4.887410380222466,0 -80.72321629813945,-4.887398172667639,0 -80.7232929918995,-4.887323117508371,0 -80.72331374598818,-4.887298700264924,0 -80.72435096672756,-4.889062656873763,0 -80.72435024573532,-4.889061299598232,0 -80.72435024573532,-4.889061299598232,0 -80.72430018305946,-4.889075844236066,0
						</coordinates>
					</LinearRing>
				</outerBoundaryIs>
			</Polygon>
		</Placemark>
		<Placemark>
			<name>31788</name>
			<visibility>0</visibility>
			<ExtendedData>
				<SchemaData schemaUrl="#S_BLOQUE_LAS_CAPILLAS">
					<SimpleData name="AREA_HA">1.1562</SimpleData>
					<SimpleData name="NOM_LOC">JIBITO</SimpleData>
					<SimpleData name="NOM_PRE">S/N</SimpleData>
					<SimpleData name="NOM_BLO">LAS CAPILLAS</SimpleData>
					<SimpleData name="CODCAT">31788</SimpleData>
					<SimpleData name="USUARIO"></SimpleData>
					<SimpleData name="AP_PAT_USU"></SimpleData>
					<SimpleData name="AP_MAT_USU"></SimpleData>
					<SimpleData name="NOM_USU"></SimpleData>
					<SimpleData name="TIPODOC">SIN DATO</SimpleData>
					<SimpleData name="NUM_DOC"></SimpleData>
					<SimpleData name="DESC_LIC"></SimpleData>
					<SimpleData name="PAR_AR_BR">1.1562</SimpleData>
					<SimpleData name="RES_ADM"></SimpleData>
					<SimpleData name="TOMA">LAS CAPILLAS</SimpleData>
				</SchemaData>
			</ExtendedData>
			<Polygon>
				<outerBoundaryIs>
					<LinearRing>
						<coordinates>
							-80.72628210789239,-4.900461009070265,0 -80.72628210814656,-4.900460375811719,0 -80.72629016309295,-4.899492398016941,0 -80.72632488935717,-4.899488341086229,0 -80.72641508175226,-4.899491996105816,0 -80.72651338289033,-4.899517366109194,0 -80.72659544080275,-4.899563536618889,0 -80.72669012876774,-4.899602474968594,0 -80.7267776066702,-4.899627840571553,0 -80.72686688628377,-4.899658634820662,0 -80.72696518601816,-4.899687623380256,0 -80.72704995595539,-4.899718415789717,0 -80.72713743171752,-4.899749209277838,0 -80.72722581304487,-4.899770956566607,0 -80.72731780321926,-4.899789991329633,0 -80.72740889182211,-4.899808121062568,0 -80.72746931884183,-4.899815382596222,0 -80.72756853502125,-4.899808185226641,0 -80.72766684889918,-4.899801892135153,0 -80.7277705776594,-4.899787459305482,0 -80.72780485892125,-4.89976847530709,0 -80.72783372782573,-4.899751298444977,0 -80.72786259600699,-4.899735930891806,0 -80.72788424506703,-4.899729606993302,0 -80.72790589484839,-4.899721473783696,0 -80.72790949033511,-4.899752233507144,0 -80.72785353835951,-4.899831820718925,0 -80.72778496644307,-4.899893309752549,0 -80.7277136886966,-4.89995479769163,0 -80.72764240732485,-4.900025332173666,0 -80.72757924447654,-4.900093155943466,0 -80.72750706655792,-4.900150120219882,0 -80.72742947735179,-4.900206177656914,0 -80.72733836012424,-4.900259515677734,0 -80.72724905001805,-4.900304712515067,0 -80.72715703987178,-4.900335433769247,0 -80.72706142376919,-4.900361630282326,0 -80.72696851710062,-4.900378781320256,0 -80.72686659103081,-4.900395928711183,0 -80.72676556399691,-4.900420313690299,0 -80.72665913003144,-4.900432935955932,0 -80.72655359909086,-4.900442844603134,0 -80.72645979554214,-4.900447330034661,0 -80.72635696969142,-4.900459049052377,0 -80.72628210789239,-4.900461009070265,0 -80.72628210789239,-4.900461009070265,0
						</coordinates>
					</LinearRing>
				</outerBoundaryIs>
			</Polygon>
		</Placemark>
		<Placemark>
			<name>31787</name>
			<visibility>0</visibility>
			<ExtendedData>
				<SchemaData schemaUrl="#S_BLOQUE_LAS_CAPILLAS">
					<SimpleData name="AREA_HA">1.4176</SimpleData>
					<SimpleData name="NOM_LOC">JIBITO</SimpleData>
					<SimpleData name="NOM_PRE">LA BOCANA - LA CAPILLA</SimpleData>
					<SimpleData name="NOM_BLO">LAS CAPILLAS</SimpleData>
					<SimpleData name="CODCAT">31787</SimpleData>
					<SimpleData name="USUARIO">BEL YAKSETIG, JUAN FRANCISCO</SimpleData>
					<SimpleData name="AP_PAT_USU">BEL</SimpleData>
					<SimpleData name="AP_MAT_USU">YAKSETIG</SimpleData>
					<SimpleData name="NOM_USU">JUAN FRANCISCO</SimpleData>
					<SimpleData name="TIPODOC">DNI</SimpleData>
					<SimpleData name="NUM_DOC">03666293</SimpleData>
					<SimpleData name="DESC_LIC">G.R.PIURA-420010-AACH-ATDRCH</SimpleData>
					<SimpleData name="PAR_AR_BR">1.4176</SimpleData>
					<SimpleData name="RES_ADM">124-2006-G.R.PIURA-420010-AACH-ATDRCH</SimpleData>
					<SimpleData name="TOMA">LAS CAPILLAS</SimpleData>
				</SchemaData>
			</ExtendedData>
			<Polygon>
				<outerBoundaryIs>
					<LinearRing>
						<coordinates>
							-80.72497621288035,-4.900402220713323,0 -80.72499049838794,-4.899644758806745,0 -80.72629016309295,-4.899492398016941,0 -80.72628210814656,-4.900460375811719,0 -80.72615944197854,-4.900466206528829,0 -80.72605661757588,-4.900474306879879,0 -80.72595560177706,-4.900470647429276,0 -80.72586450622637,-4.900469705940768,0 -80.72577340994906,-4.900470573749834,0 -80.72568141318808,-4.900467822561517,0 -80.72559122103605,-4.900463262780923,0 -80.72548208888061,-4.900456886008053,0 -80.72538919273534,-4.900447801829784,0 -80.72529359223195,-4.900435097922418,0 -80.72520250143111,-4.9004223958298,0 -80.72510238977968,-4.900413308687002,0 -80.72500227813175,-4.900404221529375,0 -80.72497621288035,-4.900402220713323,0 -80.72497621288035,-4.900402220713323,0
						</coordinates>
					</LinearRing>
				</outerBoundaryIs>
			</Polygon>
		</Placemark>
		<Placemark>
			<name>31800</name>
			<visibility>0</visibility>
			<ExtendedData>
				<SchemaData schemaUrl="#S_BLOQUE_LAS_CAPILLAS">
					<SimpleData name="AREA_HA">0.8344</SimpleData>
					<SimpleData name="NOM_LOC">JIBITO</SimpleData>
					<SimpleData name="NOM_PRE">LA BOCANA - LA CAPILLA</SimpleData>
					<SimpleData name="NOM_BLO">LAS CAPILLAS</SimpleData>
					<SimpleData name="CODCAT">31800</SimpleData>
					<SimpleData name="USUARIO">YAKSETIG GUZMAN DE BEL, NEDDA GIGLIORA</SimpleData>
					<SimpleData name="AP_PAT_USU">YAKSETIG</SimpleData>
					<SimpleData name="AP_MAT_USU">GUZMAN DE BEL</SimpleData>
					<SimpleData name="NOM_USU">NEDDA GIGLIORA</SimpleData>
					<SimpleData name="TIPODOC">DNI</SimpleData>
					<SimpleData name="NUM_DOC">03640934</SimpleData>
					<SimpleData name="DESC_LIC">G.R.PIURA-420010-AACH-ATDRCH</SimpleData>
					<SimpleData name="PAR_AR_BR">0.83</SimpleData>
					<SimpleData name="RES_ADM">124-2006-G.R.PIURA-420010-AACH-ATDRCH</SimpleData>
					<SimpleData name="TOMA">LAS CAPILLAS</SimpleData>
				</SchemaData>
			</ExtendedData>
			<Polygon>
				<outerBoundaryIs>
					<LinearRing>
						<coordinates>
							-80.72489404866633,-4.900396035717427,0 -80.7247885228326,-4.90039327891616,0 -80.72468660731546,-4.900384190979317,0 -80.72458469180195,-4.900375103027046,0 -80.72449269543361,-4.900371447021348,0 -80.72439077663566,-4.90037050093374,0 -80.72428615055733,-4.900373172349468,0 -80.72419144617935,-4.90037494313103,0 -80.72409132796857,-4.90038213962549,0 -80.72402115250001,-4.900393419244389,0 -80.72394997321778,-4.899765107359029,0 -80.72499049838794,-4.899644758806745,0 -80.72497621288035,-4.900402220713323,0 -80.72495059856249,-4.900400310544719,0 -80.72495059856249,-4.900400310544719,0 -80.72489404866633,-4.900396035717427,0
						</coordinates>
					</LinearRing>
				</outerBoundaryIs>
			</Polygon>
		</Placemark>
		<Placemark>
			<name>31779</name>
			<visibility>0</visibility>
			<ExtendedData>
				<SchemaData schemaUrl="#S_BLOQUE_LAS_CAPILLAS">
					<SimpleData name="AREA_HA">1</SimpleData>
					<SimpleData name="NOM_LOC">JIBITO</SimpleData>
					<SimpleData name="NOM_PRE">LA BOCANA - LA CAPILLA</SimpleData>
					<SimpleData name="NOM_BLO">LAS CAPILLAS</SimpleData>
					<SimpleData name="CODCAT">31779</SimpleData>
					<SimpleData name="USUARIO">YAKSETIG GUZMAN DE BEL, NEDDA GIGLIORA</SimpleData>
					<SimpleData name="AP_PAT_USU">YAKSETIG</SimpleData>
					<SimpleData name="AP_MAT_USU">GUZMAN DE BEL</SimpleData>
					<SimpleData name="NOM_USU">NEDDA GIGLIORA</SimpleData>
					<SimpleData name="TIPODOC">DNI</SimpleData>
					<SimpleData name="NUM_DOC">03640934</SimpleData>
					<SimpleData name="DESC_LIC">G.R.PIURA-420010-AACH-ATDRCH</SimpleData>
					<SimpleData name="PAR_AR_BR">1</SimpleData>
					<SimpleData name="RES_ADM">124-2006-G.R.PIURA-420010-AACH-ATDRCH</SimpleData>
					<SimpleData name="TOMA">LAS CAPILLAS</SimpleData>
				</SchemaData>
			</ExtendedData>
			<Polygon>
				<outerBoundaryIs>
					<LinearRing>
						<coordinates>
							-80.72306929793491,-4.900708303254595,0 -80.7229899088516,-4.900753503556676,0 -80.72290691346883,-4.900795083754581,0 -80.72282301098738,-4.900849328739165,0 -80.72274362150416,-4.900895433664663,0 -80.72264620020022,-4.900924342757842,0 -80.72255418647984,-4.900963205253824,0 -80.72248562466743,-4.900998458721089,0 -80.72244977685799,-4.90043393939974,0 -80.72205461935117,-4.900477562756866,0 -80.72198274660036,-4.900006117635465,0 -80.72300198980339,-4.899877802526307,0 -80.72305421459085,-4.899871581746176,0 -80.72312631250909,-4.9006788347981,0 -80.72312631250909,-4.9006788347981,0 -80.72306929793491,-4.900708303254595,0
						</coordinates>
					</LinearRing>
				</outerBoundaryIs>
			</Polygon>
		</Placemark>
		<Placemark>
			<name>31780</name>
			<visibility>0</visibility>
			<ExtendedData>
				<SchemaData schemaUrl="#S_BLOQUE_LAS_CAPILLAS">
					<SimpleData name="AREA_HA">0.2315</SimpleData>
					<SimpleData name="NOM_LOC">JIBITO</SimpleData>
					<SimpleData name="NOM_PRE">LA BOCANA - LA CAPILLA</SimpleData>
					<SimpleData name="NOM_BLO">LAS CAPILLAS</SimpleData>
					<SimpleData name="CODCAT">31780</SimpleData>
					<SimpleData name="USUARIO">YAKSETIG GUZMAN DE BEL, NEDDA GIGLIORA</SimpleData>
					<SimpleData name="AP_PAT_USU">YAKSETIG</SimpleData>
					<SimpleData name="AP_MAT_USU">GUZMAN DE BEL</SimpleData>
					<SimpleData name="NOM_USU">NEDDA GIGLIORA</SimpleData>
					<SimpleData name="TIPODOC">DNI</SimpleData>
					<SimpleData name="NUM_DOC">03640934</SimpleData>
					<SimpleData name="DESC_LIC">G.R.PIURA-420010-AACH-ATDRCH</SimpleData>
					<SimpleData name="PAR_AR_BR">0.23</SimpleData>
					<SimpleData name="RES_ADM">124-2006-G.R.PIURA-420010-AACH-ATDRCH</SimpleData>
					<SimpleData name="TOMA">LAS CAPILLAS</SimpleData>
				</SchemaData>
			</ExtendedData>
			<Polygon>
				<outerBoundaryIs>
					<LinearRing>
						<coordinates>
							-80.72212731492228,-4.901143328066489,0 -80.72206334636967,-4.900531031437369,0 -80.72238120404604,-4.900496332501286,0 -80.72243240209345,-4.901018339331127,0 -80.72243645367922,-4.90103589129493,0 -80.72241615206784,-4.901055423524503,0 -80.72232955253865,-4.901087955621399,0 -80.72223573674178,-4.901122294058413,0 -80.72214282951316,-4.901140349067161,0 -80.72212731492228,-4.901143328066489,0 -80.72212731492228,-4.901143328066489,0
						</coordinates>
					</LinearRing>
				</outerBoundaryIs>
			</Polygon>
		</Placemark>
		<Placemark>
			<name>31492</name>
			<visibility>0</visibility>
			<ExtendedData>
				<SchemaData schemaUrl="#S_BLOQUE_LAS_CAPILLAS">
					<SimpleData name="AREA_HA">3.1876</SimpleData>
					<SimpleData name="NOM_LOC">JIBITO</SimpleData>
					<SimpleData name="NOM_PRE">LA BOCANA - LA CAPILLA</SimpleData>
					<SimpleData name="NOM_BLO">LAS CAPILLAS</SimpleData>
					<SimpleData name="CODCAT">31492</SimpleData>
					<SimpleData name="USUARIO">CORNEJO ZAPATA, JOSE BENITO</SimpleData>
					<SimpleData name="AP_PAT_USU">CORNEJO</SimpleData>
					<SimpleData name="AP_MAT_USU">ZAPATA</SimpleData>
					<SimpleData name="NOM_USU">JOSE BENITO</SimpleData>
					<SimpleData name="TIPODOC">DNI</SimpleData>
					<SimpleData name="NUM_DOC">03630358</SimpleData>
					<SimpleData name="DESC_LIC">G.R.PIURA-420010-AACH-ATDRCH</SimpleData>
					<SimpleData name="PAR_AR_BR">3</SimpleData>
					<SimpleData name="RES_ADM">124-2006-G.R.PIURA-420010-AACH-ATDRCH</SimpleData>
					<SimpleData name="TOMA">LAS CAPILLAS</SimpleData>
				</SchemaData>
			</ExtendedData>
			<Polygon>
				<outerBoundaryIs>
					<LinearRing>
						<coordinates>
							-80.72933265011261,-4.892042243145076,0 -80.72805106905335,-4.892345243106457,0 -80.72782059109348,-4.891301178300866,0 -80.73013895423212,-4.890723214114157,0 -80.73037402420026,-4.891795957737508,0 -80.73037402420026,-4.891795957737508,0 -80.72933265011261,-4.892042243145076,0
						</coordinates>
					</LinearRing>
				</outerBoundaryIs>
			</Polygon>
		</Placemark>
		<Placemark>
			<name>31518</name>
			<visibility>0</visibility>
			<ExtendedData>
				<SchemaData schemaUrl="#S_BLOQUE_LAS_CAPILLAS">
					<SimpleData name="AREA_HA">0.9752</SimpleData>
					<SimpleData name="NOM_LOC">JIBITO</SimpleData>
					<SimpleData name="NOM_PRE">S/N</SimpleData>
					<SimpleData name="NOM_BLO">LAS CAPILLAS</SimpleData>
					<SimpleData name="CODCAT">31518</SimpleData>
					<SimpleData name="USUARIO"></SimpleData>
					<SimpleData name="AP_PAT_USU"></SimpleData>
					<SimpleData name="AP_MAT_USU"></SimpleData>
					<SimpleData name="NOM_USU"></SimpleData>
					<SimpleData name="TIPODOC">SIN DATO</SimpleData>
					<SimpleData name="NUM_DOC"></SimpleData>
					<SimpleData name="DESC_LIC"></SimpleData>
					<SimpleData name="PAR_AR_BR">0.9752</SimpleData>
					<SimpleData name="RES_ADM"></SimpleData>
					<SimpleData name="TOMA">LAS CAPILLAS</SimpleData>
				</SchemaData>
			</ExtendedData>
			<Polygon>
				<outerBoundaryIs>
					<LinearRing>
						<coordinates>
							-80.72436138165109,-4.890969131690279,0 -80.72397725318923,-4.889177124976081,0 -80.72403813710908,-4.889167198500839,0 -80.72412373496248,-4.889154296693217,0 -80.72427725655511,-4.889119529784485,0 -80.72434265472224,-4.889098115990327,0 -80.72484251602725,-4.890853711839363,0 -80.72484251602725,-4.890853711839363,0 -80.72436138165109,-4.890969131690279,0
						</coordinates>
					</LinearRing>
				</outerBoundaryIs>
			</Polygon>
		</Placemark>
		<Placemark>
			<name>31519</name>
			<visibility>0</visibility>
			<ExtendedData>
				<SchemaData schemaUrl="#S_BLOQUE_LAS_CAPILLAS">
					<SimpleData name="AREA_HA">1.3152</SimpleData>
					<SimpleData name="NOM_LOC">JIBITO</SimpleData>
					<SimpleData name="NOM_PRE">S/N</SimpleData>
					<SimpleData name="NOM_BLO">LAS CAPILLAS</SimpleData>
					<SimpleData name="CODCAT">31519</SimpleData>
					<SimpleData name="USUARIO"></SimpleData>
					<SimpleData name="AP_PAT_USU"></SimpleData>
					<SimpleData name="AP_MAT_USU"></SimpleData>
					<SimpleData name="NOM_USU"></SimpleData>
					<SimpleData name="TIPODOC">SIN DATO</SimpleData>
					<SimpleData name="NUM_DOC"></SimpleData>
					<SimpleData name="DESC_LIC"></SimpleData>
					<SimpleData name="PAR_AR_BR">1.3152</SimpleData>
					<SimpleData name="RES_ADM"></SimpleData>
					<SimpleData name="TOMA">LAS CAPILLAS</SimpleData>
				</SchemaData>
			</ExtendedData>
			<Polygon>
				<outerBoundaryIs>
					<LinearRing>
						<coordinates>
							-80.72352809302781,-4.890296091350659,0 -80.72337133381231,-4.888970164803861,0 -80.72345049500861,-4.889038769899885,0 -80.72353227231406,-4.889106109534573,0 -80.72353218186547,-4.889106742756448,0 -80.72357916400195,-4.889126845220582,0 -80.72369377902544,-4.889175290901449,0 -80.72376538447813,-4.889193503590885,0 -80.72382310669455,-4.889195879161806,0 -80.72388741562828,-4.889191653421127,0 -80.72397725318923,-4.889177124976081,0 -80.72436138165109,-4.890969131690279,0 -80.72411224526185,-4.891028918708596,0 -80.72392102066352,-4.891068645830248,0 -80.72390482363082,-4.890975459755471,0 -80.72389764477265,-4.890884991312355,0 -80.72389677976773,-4.890793620780634,0 -80.72389321410058,-4.890689583977242,0 -80.72387972212586,-4.890598208311707,0 -80.72386080543549,-4.890539398029523,0 -80.72384188070481,-4.890500490159218,0 -80.72375711938813,-4.890451604307171,0 -80.72368048236953,-4.890385533300645,0 -80.72359031062155,-4.890333931262003,0 -80.72352809302781,-4.890296091350659,0 -80.72352809302781,-4.890296091350659,0
						</coordinates>
					</LinearRing>
				</outerBoundaryIs>
			</Polygon>
		</Placemark>
		<Placemark>
			<name>31520</name>
			<visibility>0</visibility>
			<ExtendedData>
				<SchemaData schemaUrl="#S_BLOQUE_LAS_CAPILLAS">
					<SimpleData name="AREA_HA">1.5726</SimpleData>
					<SimpleData name="NOM_LOC">JIBITO</SimpleData>
					<SimpleData name="NOM_PRE">LA BOCANA - LA CAPILLA</SimpleData>
					<SimpleData name="NOM_BLO">LAS CAPILLAS</SimpleData>
					<SimpleData name="CODCAT">31520</SimpleData>
					<SimpleData name="USUARIO">CALDERON CHERO, RAUL</SimpleData>
					<SimpleData name="AP_PAT_USU">CALDERON</SimpleData>
					<SimpleData name="AP_MAT_USU">CHERO</SimpleData>
					<SimpleData name="NOM_USU">RAUL</SimpleData>
					<SimpleData name="TIPODOC">DNI</SimpleData>
					<SimpleData name="NUM_DOC">03629079</SimpleData>
					<SimpleData name="DESC_LIC">G.R.PIURA-420010-AACH-ATDRCH</SimpleData>
					<SimpleData name="PAR_AR_BR">1.5126</SimpleData>
					<SimpleData name="RES_ADM">124-2006-G.R.PIURA-420010-AACH-ATDRCH</SimpleData>
					<SimpleData name="TOMA">LAS CAPILLAS</SimpleData>
				</SchemaData>
			</ExtendedData>
			<Polygon>
				<outerBoundaryIs>
					<LinearRing>
						<coordinates>
							-80.72337133381231,-4.888970164803861,0 -80.72352809302781,-4.890296091350659,0 -80.72349653338051,-4.89027689981282,0 -80.72340726578491,-4.890219870187698,0 -80.72331980498659,-4.89015560404571,0 -80.72322963622993,-4.890096764720957,0 -80.72313134576105,-4.890048777936951,0 -80.72303215448119,-4.889998076806357,0 -80.72293657275256,-4.889942853858143,0 -80.72284189516681,-4.889882203334879,0 -80.72274811658762,-4.889828790407538,0 -80.72265433875809,-4.889773568157785,0 -80.72256507203889,-4.889714729117484,0 -80.72248752595227,-4.889666750716632,0 -80.72241268712173,-4.889615154792999,0 -80.72232432310567,-4.889554506781306,0 -80.72223415268245,-4.889500190606208,0 -80.72215480573834,-4.889444974191688,0 -80.72213587046929,-4.889432301274352,0 -80.72207185110908,-4.889389756292355,0 -80.7220520153903,-4.889373464383853,0 -80.72203127701205,-4.889358981415708,0 -80.72201324404034,-4.889345404209249,0 -80.7219916052113,-4.889327302250896,0 -80.72197808259983,-4.88931191757914,0 -80.72196906961136,-4.889296534752907,0 -80.7219663767191,-4.889264870720731,0 -80.72197540663598,-4.889238639417302,0 -80.72200157753089,-4.889201559266772,0 -80.7220448849847,-4.889164486126854,0 -80.72211977008176,-4.889102095556844,0 -80.7221874416105,-4.889035178751846,0 -80.72226413052842,-4.8889727889015,0 -80.72234081685974,-4.888916731626718,0 -80.72241931180257,-4.888848914563793,0 -80.72250230937058,-4.888798287778508,0 -80.72250952512867,-4.88879738607054,0 -80.72254199291854,-4.888801017951616,0 -80.72264210022692,-4.888816437965382,0 -80.72272344682595,-4.888833569152951,0 -80.72315461840596,-4.888928190991974,0 -80.72337133381231,-4.888970164803861,0 -80.72337133381231,-4.888970164803861,0
						</coordinates>
					</LinearRing>
				</outerBoundaryIs>
			</Polygon>
		</Placemark>
		<Placemark>
			<name>31522</name>
			<visibility>0</visibility>
			<ExtendedData>
				<SchemaData schemaUrl="#S_BLOQUE_LAS_CAPILLAS">
					<SimpleData name="AREA_HA">2.2436</SimpleData>
					<SimpleData name="NOM_LOC">JIBITO</SimpleData>
					<SimpleData name="NOM_PRE">S/N</SimpleData>
					<SimpleData name="NOM_BLO">LAS CAPILLAS</SimpleData>
					<SimpleData name="CODCAT">31522</SimpleData>
					<SimpleData name="USUARIO"></SimpleData>
					<SimpleData name="AP_PAT_USU"></SimpleData>
					<SimpleData name="AP_MAT_USU"></SimpleData>
					<SimpleData name="NOM_USU"></SimpleData>
					<SimpleData name="TIPODOC">SIN DATO</SimpleData>
					<SimpleData name="NUM_DOC"></SimpleData>
					<SimpleData name="DESC_LIC"></SimpleData>
					<SimpleData name="PAR_AR_BR">2.2436</SimpleData>
					<SimpleData name="RES_ADM"></SimpleData>
					<SimpleData name="TOMA">LAS CAPILLAS</SimpleData>
				</SchemaData>
			</ExtendedData>
			<Polygon>
				<outerBoundaryIs>
					<LinearRing>
						<coordinates>
							-80.7243272112905,-4.892949227234428,0 -80.7243198379617,-4.892893497478439,0 -80.7243081556027,-4.892787648072918,0 -80.7242946631802,-4.892697177070908,0 -80.72427846460815,-4.892607609624868,0 -80.72425865941959,-4.892515326747889,0 -80.72424246304671,-4.892420331370464,0 -80.72422987585341,-4.892321718837644,0 -80.72421097625879,-4.892220389774824,0 -80.72419026806365,-4.892130820494892,0 -80.72416505205827,-4.89203672610693,0 -80.72414163918498,-4.891944441761245,0 -80.72410559567093,-4.891861198835333,0 -80.7240542237751,-4.891767093815956,0 -80.72400465611416,-4.891672084871264,0 -80.72396501113332,-4.891573461336125,0 -80.72392626809088,-4.891474838165695,0 -80.72391367547031,-4.891389795454102,0 -80.72390920604745,-4.891290281561056,0 -80.72391195058006,-4.891194389221568,0 -80.72392550105496,-4.891141020071068,0 -80.7248635021805,-4.890925097645869,0 -80.72530552885436,-4.892738929569127,0 -80.7243272112905,-4.892949227234428,0 -80.7243272112905,-4.892949227234428,0
						</coordinates>
					</LinearRing>
				</outerBoundaryIs>
			</Polygon>
		</Placemark>
		<Placemark>
			<name>31789</name>
			<visibility>0</visibility>
			<ExtendedData>
				<SchemaData schemaUrl="#S_BLOQUE_LAS_CAPILLAS">
					<SimpleData name="AREA_HA">0.5413</SimpleData>
					<SimpleData name="NOM_LOC">JIBITO</SimpleData>
					<SimpleData name="NOM_PRE">S/N</SimpleData>
					<SimpleData name="NOM_BLO">LAS CAPILLAS</SimpleData>
					<SimpleData name="CODCAT">31789</SimpleData>
					<SimpleData name="USUARIO"></SimpleData>
					<SimpleData name="AP_PAT_USU"></SimpleData>
					<SimpleData name="AP_MAT_USU"></SimpleData>
					<SimpleData name="NOM_USU"></SimpleData>
					<SimpleData name="TIPODOC">SIN DATO</SimpleData>
					<SimpleData name="NUM_DOC"></SimpleData>
					<SimpleData name="DESC_LIC"></SimpleData>
					<SimpleData name="PAR_AR_BR">0.5413</SimpleData>
					<SimpleData name="RES_ADM"></SimpleData>
					<SimpleData name="TOMA">LAS CAPILLAS</SimpleData>
				</SchemaData>
			</ExtendedData>
			<Polygon>
				<outerBoundaryIs>
					<LinearRing>
						<coordinates>
							-80.72499484483679,-4.899602241780306,0 -80.7250209400307,-4.899082437541374,0 -80.72504139808441,-4.898674446379038,0 -80.72505167320524,-4.898691729458287,0 -80.72510756123819,-4.898771361768293,0 -80.7251724730328,-4.898840141870067,0 -80.72523557841478,-4.898915253820126,0 -80.72530139326688,-4.898981320311185,0 -80.72537352023959,-4.899051007973445,0 -80.72544925461477,-4.899121601744493,0 -80.72550966588882,-4.899167763615679,0 -80.72559262234687,-4.899222076502747,0 -80.72567377712528,-4.899270960720341,0 -80.72575674015677,-4.899308989798108,0 -80.72585504087468,-4.899335264550482,0 -80.7259470313043,-4.899353394841731,0 -80.72604262767602,-4.899376049853497,0 -80.72613281097209,-4.899402321286265,0 -80.72621037004355,-4.899421350368137,0 -80.72625456030369,-4.899433128728303,0 -80.72627890828383,-4.899443994420409,0 -80.72611294108567,-4.899470162399093,0 -80.72499484483679,-4.899602241780306,0 -80.72499484483679,-4.899602241780306,0
						</coordinates>
					</LinearRing>
				</outerBoundaryIs>
			</Polygon>
		</Placemark>
		<Placemark>
			<name>31785</name>
			<visibility>0</visibility>
			<ExtendedData>
				<SchemaData schemaUrl="#S_BLOQUE_LAS_CAPILLAS">
					<SimpleData name="AREA_HA">1.8398</SimpleData>
					<SimpleData name="NOM_LOC">JIBITO</SimpleData>
					<SimpleData name="NOM_PRE">CAPILLA ALTA</SimpleData>
					<SimpleData name="NOM_BLO">LAS CAPILLAS</SimpleData>
					<SimpleData name="CODCAT">31785</SimpleData>
					<SimpleData name="USUARIO">JIMENEZ VILLAREAL, GENARO</SimpleData>
					<SimpleData name="AP_PAT_USU">JIMENEZ</SimpleData>
					<SimpleData name="AP_MAT_USU">VILLAREAL</SimpleData>
					<SimpleData name="NOM_USU">GENARO</SimpleData>
					<SimpleData name="TIPODOC">DNI</SimpleData>
					<SimpleData name="NUM_DOC">03569460</SimpleData>
					<SimpleData name="DESC_LIC">G.R.PIURA-420010-AACH-ATDRCH</SimpleData>
					<SimpleData name="PAR_AR_BR">1.8398</SimpleData>
					<SimpleData name="RES_ADM">124-2006-G.R.PIURA-420010-AACH-ATDRCH</SimpleData>
					<SimpleData name="TOMA">LAS CAPILLAS</SimpleData>
				</SchemaData>
			</ExtendedData>
			<Polygon>
				<outerBoundaryIs>
					<LinearRing>
						<coordinates>
							-80.72390427943658,-4.899234237186927,0 -80.7237719996148,-4.897812608386946,0 -80.72464800693247,-4.897696445042124,0 -80.72467863588506,-4.89778782764393,0 -80.72470475224425,-4.897886445653747,0 -80.72472906400773,-4.897986872240474,0 -80.7247560848717,-4.898079158029844,0 -80.72479122207687,-4.898174161077494,0 -80.7248344811002,-4.898258311557697,0 -80.72486601240148,-4.898348789863285,0 -80.724900252075,-4.898432936680479,0 -80.72494982176867,-4.898524326955387,0 -80.72500210020426,-4.898608481084672,0 -80.7250379730564,-4.898668655197405,0 -80.72504139808441,-4.898674446379038,0 -80.7250209400307,-4.899082437541374,0 -80.72482520854108,-4.899109588251993,0 -80.72390427943658,-4.899234237186927,0 -80.72390427943658,-4.899234237186927,0
						</coordinates>
					</LinearRing>
				</outerBoundaryIs>
			</Polygon>
		</Placemark>
		<Placemark>
			<name>31786</name>
			<visibility>0</visibility>
			<ExtendedData>
				<SchemaData schemaUrl="#S_BLOQUE_LAS_CAPILLAS">
					<SimpleData name="AREA_HA">0.6745</SimpleData>
					<SimpleData name="NOM_LOC">JIBITO</SimpleData>
					<SimpleData name="NOM_PRE">LA BOCANA - LA CAPILLA</SimpleData>
					<SimpleData name="NOM_BLO">LAS CAPILLAS</SimpleData>
					<SimpleData name="CODCAT">31786</SimpleData>
					<SimpleData name="USUARIO">YAKSETIG GUZMAN DE BEL, NEDDA GIGLIORA</SimpleData>
					<SimpleData name="AP_PAT_USU">YAKSETIG</SimpleData>
					<SimpleData name="AP_MAT_USU">GUZMAN DE BEL</SimpleData>
					<SimpleData name="NOM_USU">NEDDA GIGLIORA</SimpleData>
					<SimpleData name="TIPODOC">DNI</SimpleData>
					<SimpleData name="NUM_DOC">03640934</SimpleData>
					<SimpleData name="DESC_LIC">G.R.PIURA-420010-AACH-ATDRCH</SimpleData>
					<SimpleData name="PAR_AR_BR">0.6745</SimpleData>
					<SimpleData name="RES_ADM">124-2006-G.R.PIURA-420010-AACH-ATDRCH</SimpleData>
					<SimpleData name="TOMA">LAS CAPILLAS</SimpleData>
				</SchemaData>
			</ExtendedData>
			<Polygon>
				<outerBoundaryIs>
					<LinearRing>
						<coordinates>
							-80.72390427943658,-4.899234237186927,0 -80.72482520854108,-4.899109588251993,0 -80.7250209400307,-4.899082437541374,0 -80.72499484483679,-4.899602241780306,0 -80.72395007934021,-4.89972575490919,0 -80.72395007934021,-4.89972575490919,0 -80.72390427943658,-4.899234237186927,0
						</coordinates>
					</LinearRing>
				</outerBoundaryIs>
			</Polygon>
		</Placemark>
		<Placemark>
			<name>31761</name>
			<visibility>0</visibility>
			<ExtendedData>
				<SchemaData schemaUrl="#S_BLOQUE_LAS_CAPILLAS">
					<SimpleData name="AREA_HA">0.7902</SimpleData>
					<SimpleData name="NOM_LOC">JIBITO</SimpleData>
					<SimpleData name="NOM_PRE">LA BOCANA - LA CAPILLA</SimpleData>
					<SimpleData name="NOM_BLO">LAS CAPILLAS</SimpleData>
					<SimpleData name="CODCAT">31761</SimpleData>
					<SimpleData name="USUARIO">CORREA CURAY, JULIO ALBERTO</SimpleData>
					<SimpleData name="AP_PAT_USU">CORREA</SimpleData>
					<SimpleData name="AP_MAT_USU">CURAY</SimpleData>
					<SimpleData name="NOM_USU">JULIO ALBERTO</SimpleData>
					<SimpleData name="TIPODOC">DNI</SimpleData>
					<SimpleData name="NUM_DOC">03566742</SimpleData>
					<SimpleData name="DESC_LIC">G.R.PIURA-420010-AACH-ATDRCH</SimpleData>
					<SimpleData name="PAR_AR_BR">0.7902</SimpleData>
					<SimpleData name="RES_ADM">124-2006-G.R.PIURA-420010-AACH-ATDRCH</SimpleData>
					<SimpleData name="TOMA">LAS CAPILLAS</SimpleData>
				</SchemaData>
			</ExtendedData>
			<Polygon>
				<outerBoundaryIs>
					<LinearRing>
						<coordinates>
							-80.71925076299036,-4.894553270738451,0 -80.71928913078594,-4.894466439753169,0 -80.71932163601913,-4.894379606339729,0 -80.71934151569769,-4.894289149082544,0 -80.71935598490097,-4.894195975622038,0 -80.71937045707466,-4.894095564923441,0 -80.71937139916911,-4.893997862593016,0 -80.71936512581892,-4.893900157278297,0 -80.71936336063376,-4.893806072447031,0 -80.71935889040157,-4.893710177187158,0 -80.71935891940774,-4.893639614122886,0 -80.72002457977906,-4.893552228019273,0 -80.72009203915827,-4.894444336015629,0 -80.72009203915827,-4.894444336015629,0 -80.71925076299036,-4.894553270738451,0
						</coordinates>
					</LinearRing>
				</outerBoundaryIs>
			</Polygon>
		</Placemark>
		<Placemark>
			<name>31747</name>
			<visibility>0</visibility>
			<ExtendedData>
				<SchemaData schemaUrl="#S_BLOQUE_LAS_CAPILLAS">
					<SimpleData name="AREA_HA">1.0249</SimpleData>
					<SimpleData name="NOM_LOC">JIBITO</SimpleData>
					<SimpleData name="NOM_PRE">CAPILLA ALTA</SimpleData>
					<SimpleData name="NOM_BLO">LAS CAPILLAS</SimpleData>
					<SimpleData name="CODCAT">31747</SimpleData>
					<SimpleData name="USUARIO">REQUENA JIMENEZ, CRESENCIO</SimpleData>
					<SimpleData name="AP_PAT_USU">REQUENA</SimpleData>
					<SimpleData name="AP_MAT_USU">JIMENEZ</SimpleData>
					<SimpleData name="NOM_USU">CRESENCIO</SimpleData>
					<SimpleData name="TIPODOC">DNI</SimpleData>
					<SimpleData name="NUM_DOC">03574123</SimpleData>
					<SimpleData name="DESC_LIC">G.R.PIURA-420010-AACH-ATDRCH</SimpleData>
					<SimpleData name="PAR_AR_BR">1.0249</SimpleData>
					<SimpleData name="RES_ADM">124-2006-G.R.PIURA-420010-AACH-ATDRCH</SimpleData>
					<SimpleData name="TOMA">LAS CAPILLAS</SimpleData>
				</SchemaData>
			</ExtendedData>
			<Polygon>
				<outerBoundaryIs>
					<LinearRing>
						<coordinates>
							-80.72255067112759,-4.896079333658642,0 -80.72237416871073,-4.895177591805375,0 -80.72328030022041,-4.895054114680171,0 -80.72343975524528,-4.895960915484157,0 -80.72343975524528,-4.895960915484157,0 -80.72255067112759,-4.896079333658642,0
						</coordinates>
					</LinearRing>
				</outerBoundaryIs>
			</Polygon>
		</Placemark>
		<Placemark>
			<name>31740</name>
			<visibility>0</visibility>
			<ExtendedData>
				<SchemaData schemaUrl="#S_BLOQUE_LAS_CAPILLAS">
					<SimpleData name="AREA_HA">1.1726</SimpleData>
					<SimpleData name="NOM_LOC">JIBITO</SimpleData>
					<SimpleData name="NOM_PRE">LA BOCANA - LA CAPILLA</SimpleData>
					<SimpleData name="NOM_BLO">LAS CAPILLAS</SimpleData>
					<SimpleData name="CODCAT">31740</SimpleData>
					<SimpleData name="USUARIO">JIMENEZ FLORES, ANDRES</SimpleData>
					<SimpleData name="AP_PAT_USU">JIMENEZ</SimpleData>
					<SimpleData name="AP_MAT_USU">FLORES</SimpleData>
					<SimpleData name="NOM_USU">ANDRES</SimpleData>
					<SimpleData name="TIPODOC">DNI</SimpleData>
					<SimpleData name="NUM_DOC">03573211</SimpleData>
					<SimpleData name="DESC_LIC">G.R.PIURA-420010-AACH-ATDRCH</SimpleData>
					<SimpleData name="PAR_AR_BR">1.1726</SimpleData>
					<SimpleData name="RES_ADM">124-2006-G.R.PIURA-420010-AACH-ATDRCH</SimpleData>
					<SimpleData name="TOMA">LAS CAPILLAS</SimpleData>
				</SchemaData>
			</ExtendedData>
			<Polygon>
				<outerBoundaryIs>
					<LinearRing>
						<coordinates>
							-80.71781118097736,-4.895884506098818,0 -80.71795271543493,-4.896706081853126,0 -80.71681305466798,-4.896867268647438,0 -80.71668811787541,-4.896043980824823,0 -80.71781118097736,-4.895884506098818,0 -80.71781118097736,-4.895884506098818,0
						</coordinates>
					</LinearRing>
				</outerBoundaryIs>
			</Polygon>
		</Placemark>
		<Placemark>
			<name>31748</name>
			<visibility>0</visibility>
			<ExtendedData>
				<SchemaData schemaUrl="#S_BLOQUE_LAS_CAPILLAS">
					<SimpleData name="AREA_HA">1.9787</SimpleData>
					<SimpleData name="NOM_LOC">JIBITO</SimpleData>
					<SimpleData name="NOM_PRE">CAPILLA ALTA</SimpleData>
					<SimpleData name="NOM_BLO">LAS CAPILLAS</SimpleData>
					<SimpleData name="CODCAT">31748</SimpleData>
					<SimpleData name="USUARIO">REQUENA JIMENEZ, CRESENCIO</SimpleData>
					<SimpleData name="AP_PAT_USU">REQUENA</SimpleData>
					<SimpleData name="AP_MAT_USU">JIMENEZ</SimpleData>
					<SimpleData name="NOM_USU">CRESENCIO</SimpleData>
					<SimpleData name="TIPODOC">DNI</SimpleData>
					<SimpleData name="NUM_DOC">03574123</SimpleData>
					<SimpleData name="DESC_LIC">G.R.PIURA-420010-AACH-ATDRCH</SimpleData>
					<SimpleData name="PAR_AR_BR">1.9787</SimpleData>
					<SimpleData name="RES_ADM">124-2006-G.R.PIURA-420010-AACH-ATDRCH</SimpleData>
					<SimpleData name="TOMA">LAS CAPILLAS</SimpleData>
				</SchemaData>
			</ExtendedData>
			<Polygon>
				<outerBoundaryIs>
					<LinearRing>
						<coordinates>
							-80.72289709040263,-4.897889328058662,0 -80.72255849739189,-4.896129907074219,0 -80.72345091983001,-4.896008776288856,0 -80.72378374203329,-4.897770003916655,0 -80.72378374203329,-4.897770003916655,0 -80.72289709040263,-4.897889328058662,0
						</coordinates>
					</LinearRing>
				</outerBoundaryIs>
			</Polygon>
		</Placemark>
		<Placemark>
			<name>31757</name>
			<visibility>0</visibility>
			<ExtendedData>
				<SchemaData schemaUrl="#S_BLOQUE_LAS_CAPILLAS">
					<SimpleData name="AREA_HA">1.1129</SimpleData>
					<SimpleData name="NOM_LOC">JIBITO</SimpleData>
					<SimpleData name="NOM_PRE">LA BOCANA - LA CAPILLA</SimpleData>
					<SimpleData name="NOM_BLO">LAS CAPILLAS</SimpleData>
					<SimpleData name="CODCAT">31757</SimpleData>
					<SimpleData name="USUARIO">YAKSETIG GUZMAN DE BEL, NEDDA GIGLIORA</SimpleData>
					<SimpleData name="AP_PAT_USU">YAKSETIG</SimpleData>
					<SimpleData name="AP_MAT_USU">GUZMAN DE BEL</SimpleData>
					<SimpleData name="NOM_USU">NEDDA GIGLIORA</SimpleData>
					<SimpleData name="TIPODOC">DNI</SimpleData>
					<SimpleData name="NUM_DOC">03640934</SimpleData>
					<SimpleData name="DESC_LIC">G.R.PIURA-420010-AACH-ATDRCH</SimpleData>
					<SimpleData name="PAR_AR_BR">1.11</SimpleData>
					<SimpleData name="RES_ADM">124-2006-G.R.PIURA-420010-AACH-ATDRCH</SimpleData>
					<SimpleData name="TOMA">LAS CAPILLAS</SimpleData>
				</SchemaData>
			</ExtendedData>
			<Polygon>
				<outerBoundaryIs>
					<LinearRing>
						<coordinates>
							-80.71927669897413,-4.898376352413747,0 -80.71910772656084,-4.89737763410997,0 -80.71998012880952,-4.897254690485009,0 -80.72016750074887,-4.898256492065281,0 -80.72016750074887,-4.898256492065281,0 -80.71927669897413,-4.898376352413747,0
						</coordinates>
					</LinearRing>
				</outerBoundaryIs>
			</Polygon>
		</Placemark>
		<Placemark>
			<name>31758</name>
			<visibility>0</visibility>
			<ExtendedData>
				<SchemaData schemaUrl="#S_BLOQUE_LAS_CAPILLAS">
					<SimpleData name="AREA_HA">0.8296</SimpleData>
					<SimpleData name="NOM_LOC">JIBITO</SimpleData>
					<SimpleData name="NOM_PRE">CAPILLA ALTA</SimpleData>
					<SimpleData name="NOM_BLO">LAS CAPILLAS</SimpleData>
					<SimpleData name="CODCAT">31758</SimpleData>
					<SimpleData name="USUARIO">DE LA CRUZ ARCELES, EDUARDO</SimpleData>
					<SimpleData name="AP_PAT_USU">DE LA CRUZ</SimpleData>
					<SimpleData name="AP_MAT_USU">ARCELES</SimpleData>
					<SimpleData name="NOM_USU">EDUARDO</SimpleData>
					<SimpleData name="TIPODOC">DNI</SimpleData>
					<SimpleData name="NUM_DOC">03582461</SimpleData>
					<SimpleData name="DESC_LIC">G.R.PIURA-420010-AACH-ATDRCH</SimpleData>
					<SimpleData name="PAR_AR_BR">0.8296</SimpleData>
					<SimpleData name="RES_ADM">124-2006-G.R.PIURA-420010-AACH-ATDRCH</SimpleData>
					<SimpleData name="TOMA">LAS CAPILLAS</SimpleData>
				</SchemaData>
			</ExtendedData>
			<Polygon>
				<outerBoundaryIs>
					<LinearRing>
						<coordinates>
							-80.71910772656084,-4.89737763410997,0 -80.71897888326227,-4.896615770997073,0 -80.71983883527803,-4.89649906445708,0 -80.71998012880952,-4.897254690485009,0 -80.71998012880952,-4.897254690485009,0 -80.71910772656084,-4.89737763410997,0
						</coordinates>
					</LinearRing>
				</outerBoundaryIs>
			</Polygon>
		</Placemark>
		<Placemark>
			<name>31739</name>
			<visibility>0</visibility>
			<ExtendedData>
				<SchemaData schemaUrl="#S_BLOQUE_LAS_CAPILLAS">
					<SimpleData name="AREA_HA">0.4025</SimpleData>
					<SimpleData name="NOM_LOC">JIBITO</SimpleData>
					<SimpleData name="NOM_PRE">LA BOCANA - LA CAPILLA</SimpleData>
					<SimpleData name="NOM_BLO">LAS CAPILLAS</SimpleData>
					<SimpleData name="CODCAT">31739</SimpleData>
					<SimpleData name="USUARIO">JIMENEZ FLORES, ANDRES</SimpleData>
					<SimpleData name="AP_PAT_USU">JIMENEZ</SimpleData>
					<SimpleData name="AP_MAT_USU">FLORES</SimpleData>
					<SimpleData name="NOM_USU">ANDRES</SimpleData>
					<SimpleData name="TIPODOC">DNI</SimpleData>
					<SimpleData name="NUM_DOC">03573211</SimpleData>
					<SimpleData name="DESC_LIC">G.R.PIURA-420010-AACH-ATDRCH</SimpleData>
					<SimpleData name="PAR_AR_BR">0.4025</SimpleData>
					<SimpleData name="RES_ADM">124-2006-G.R.PIURA-420010-AACH-ATDRCH</SimpleData>
					<SimpleData name="TOMA">LAS CAPILLAS</SimpleData>
				</SchemaData>
			</ExtendedData>
			<Polygon>
				<outerBoundaryIs>
					<LinearRing>
						<coordinates>
							-80.71686062617782,-4.897206533965597,0 -80.7168200613642,-4.896935663456874,0 -80.71797460797541,-4.896765255371312,0 -80.71802229442092,-4.897046080000163,0 -80.71802229442092,-4.897046080000163,0 -80.71686062617782,-4.897206533965597,0
						</coordinates>
					</LinearRing>
				</outerBoundaryIs>
			</Polygon>
		</Placemark>
		<Placemark>
			<name>31750</name>
			<visibility>0</visibility>
			<ExtendedData>
				<SchemaData schemaUrl="#S_BLOQUE_LAS_CAPILLAS">
					<SimpleData name="AREA_HA">1.9911</SimpleData>
					<SimpleData name="NOM_LOC">JIBITO</SimpleData>
					<SimpleData name="NOM_PRE">CAPILLA ALTA</SimpleData>
					<SimpleData name="NOM_BLO">LAS CAPILLAS</SimpleData>
					<SimpleData name="CODCAT">31750</SimpleData>
					<SimpleData name="USUARIO">AREVALO CHERO, SANTOS ISMAEL</SimpleData>
					<SimpleData name="AP_PAT_USU">AREVALO</SimpleData>
					<SimpleData name="AP_MAT_USU">CHERO</SimpleData>
					<SimpleData name="NOM_USU">SANTOS ISMAEL</SimpleData>
					<SimpleData name="TIPODOC">DNI</SimpleData>
					<SimpleData name="NUM_DOC">03587576</SimpleData>
					<SimpleData name="DESC_LIC">G.R.PIURA-420010-AACH-ATDRCH</SimpleData>
					<SimpleData name="PAR_AR_BR">1.9911</SimpleData>
					<SimpleData name="RES_ADM">124-2006-G.R.PIURA-420010-AACH-ATDRCH</SimpleData>
					<SimpleData name="TOMA">LAS CAPILLAS</SimpleData>
				</SchemaData>
			</ExtendedData>
			<Polygon>
				<outerBoundaryIs>
					<LinearRing>
						<coordinates>
							-80.71872520938942,-4.898486853554864,0 -80.71928661022164,-4.898400782194385,0 -80.71950564877829,-4.900256681473283,0 -80.71836581190847,-4.900393354358752,0 -80.71835589132633,-4.900391540926428,0 -80.71834326492709,-4.900389726369263,0 -80.71832973733643,-4.900386102128175,0 -80.71831981712832,-4.9003833840409,0 -80.71829817694633,-4.900367995917585,0 -80.71828735704264,-4.900359849528462,0 -80.71827384440708,-4.90032003911002,0 -80.7182702437545,-4.900302849176404,0 -80.71823970388108,-4.900216080106414,0 -80.71821169179903,-4.900123612762632,0 -80.71819071443345,-4.900032143463258,0 -80.71817866626341,-4.899940677876653,0 -80.71816066949147,-4.899839077684753,0 -80.71814771852917,-4.899749692427557,0 -80.71812565803265,-4.899660212915897,0 -80.71809466917865,-4.899568739449935,0 -80.71805763529174,-4.899482239068158,0 -80.71802824566203,-4.899449478346263,0 -80.71806666297408,-4.899462159492176,0 -80.71815982069567,-4.8994923232349,0 -80.71824603391579,-4.899521488958176,0 -80.71825198296762,-4.89953053797711,0 -80.71833421974765,-4.899578880713644,0 -80.7184173630732,-4.899616096565865,0 -80.71850853574884,-4.899648249677417,0 -80.71860169639395,-4.899671447521863,0 -80.71870189261162,-4.899693562688261,0 -80.71880317817663,-4.899698670785167,0 -80.71889735420881,-4.899665509027386,0 -80.71892544423777,-4.89956908449363,0 -80.7189154534608,-4.899518781552777,0 -80.71888239213439,-4.899422241191651,0 -80.71884842470143,-4.899335832585201,0 -80.71879930062205,-4.899259368890425,0 -80.71872518993779,-4.89919004159578,0 -80.71863501571309,-4.899142690733129,0 -80.71853465397858,-4.899084751169703,0 -80.71858291150788,-4.899075362798842,0 -80.71867717224232,-4.899055318594286,0 -80.718728227714,-4.899041227169838,0 -80.71872520938942,-4.898486853554864,0 -80.71872520938942,-4.898486853554864,0
						</coordinates>
					</LinearRing>
				</outerBoundaryIs>
			</Polygon>
		</Placemark>
		<Placemark>
			<name>31762</name>
			<visibility>0</visibility>
			<ExtendedData>
				<SchemaData schemaUrl="#S_BLOQUE_LAS_CAPILLAS">
					<SimpleData name="AREA_HA">0.9827</SimpleData>
					<SimpleData name="NOM_LOC">JIBITO</SimpleData>
					<SimpleData name="NOM_PRE">CAPILLA ALTA</SimpleData>
					<SimpleData name="NOM_BLO">LAS CAPILLAS</SimpleData>
					<SimpleData name="CODCAT">31762</SimpleData>
					<SimpleData name="USUARIO">CORREA CURAY, JULIO ALBERTO</SimpleData>
					<SimpleData name="AP_PAT_USU">CORREA</SimpleData>
					<SimpleData name="AP_MAT_USU">CURAY</SimpleData>
					<SimpleData name="NOM_USU">JULIO ALBERTO</SimpleData>
					<SimpleData name="TIPODOC">DNI</SimpleData>
					<SimpleData name="NUM_DOC">03566742</SimpleData>
					<SimpleData name="DESC_LIC">G.R.PIURA-420010-AACH-ATDRCH</SimpleData>
					<SimpleData name="PAR_AR_BR">0.9827</SimpleData>
					<SimpleData name="RES_ADM">124-2006-G.R.PIURA-420010-AACH-ATDRCH</SimpleData>
					<SimpleData name="TOMA">LAS CAPILLAS</SimpleData>
				</SchemaData>
			</ExtendedData>
			<Polygon>
				<outerBoundaryIs>
					<LinearRing>
						<coordinates>
							-80.71928457214084,-4.892611352688907,0 -80.71925295710254,-4.89272695450193,0 -80.71924290849631,-4.892817415829378,0 -80.71924286798911,-4.89291593272434,0 -80.71924787992153,-4.893010471227825,0 -80.71925081868173,-4.893101933047044,0 -80.71925474543552,-4.893203436943332,0 -80.71926372258638,-4.893305938048876,0 -80.71926972705339,-4.893399481841707,0 -80.71927365548305,-4.893496914791236,0 -80.71928263386565,-4.893596430535601,0 -80.71928667023275,-4.893650711494509,0 -80.71928863792637,-4.89369096944788,0 -80.71929662337048,-4.893792475021646,0 -80.71930362000315,-4.893885928758275,0 -80.71930258859966,-4.893981459879848,0 -80.71930047614309,-4.894073914727606,0 -80.71929746216357,-4.894165374081836,0 -80.71928236063427,-4.894260899381607,0 -80.71925526676567,-4.894348277825427,0 -80.71922717659757,-4.89444578798893,0 -80.71920810904555,-4.894535250456964,0 -80.7192031380777,-4.894560397802829,0 -80.71898602894919,-4.89459495619192,0 -80.71880601082775,-4.893701173159935,0 -80.71867531796123,-4.893052210117171,0 -80.71869065441112,-4.893043350857345,0 -80.71877581847788,-4.892990101984793,0 -80.71886306069334,-4.892927807413312,0 -80.71894020292642,-4.892861528165802,0 -80.71901346353684,-4.892803298729369,0 -80.71909258752839,-4.892742991004715,0 -80.7191668444018,-4.892674629827916,0 -80.71920293226684,-4.892648590699162,0 -80.71928457214084,-4.892611352688907,0 -80.71928457214084,-4.892611352688907,0
						</coordinates>
					</LinearRing>
				</outerBoundaryIs>
			</Polygon>
		</Placemark>
		<Placemark>
			<name>31742</name>
			<visibility>0</visibility>
			<ExtendedData>
				<SchemaData schemaUrl="#S_BLOQUE_LAS_CAPILLAS">
					<SimpleData name="AREA_HA">2.2467</SimpleData>
					<SimpleData name="NOM_LOC">JIBITO</SimpleData>
					<SimpleData name="NOM_PRE">CAPILLA ALTA</SimpleData>
					<SimpleData name="NOM_BLO">LAS CAPILLAS</SimpleData>
					<SimpleData name="CODCAT">31742</SimpleData>
					<SimpleData name="USUARIO">PEDRERA ALBURQUEQUE, LEONARDO</SimpleData>
					<SimpleData name="AP_PAT_USU">PEDRERA</SimpleData>
					<SimpleData name="AP_MAT_USU">ALBURQUEQUE</SimpleData>
					<SimpleData name="NOM_USU">LEONARDO</SimpleData>
					<SimpleData name="TIPODOC">DNI</SimpleData>
					<SimpleData name="NUM_DOC">03593331</SimpleData>
					<SimpleData name="DESC_LIC">G.R.PIURA-420010-AACH-ATDRCH</SimpleData>
					<SimpleData name="PAR_AR_BR">2.2467</SimpleData>
					<SimpleData name="RES_ADM">124-2006-G.R.PIURA-420010-AACH-ATDRCH</SimpleData>
					<SimpleData name="TOMA">LAS CAPILLAS</SimpleData>
				</SchemaData>
			</ExtendedData>
			<Polygon>
				<outerBoundaryIs>
					<LinearRing>
						<coordinates>
							-80.71746771092165,-4.893739426939899,0 -80.71754187367991,-4.893681198054485,0 -80.71761306132908,-4.893619892095956,0 -80.71769831697613,-4.893563658048096,0 -80.71779051541179,-4.89351240247677,0 -80.71786972518596,-4.89346322219766,0 -80.71796391034503,-4.8934059062401,0 -80.71805818314107,-4.89335474195685,0 -80.71814234852356,-4.893317595609972,0 -80.71823761181182,-4.893270321726623,0 -80.71833476910183,-4.893223139080474,0 -80.71841902546795,-4.893184002494103,0 -80.71850517837538,-4.893138805496218,0 -80.71860242459192,-4.89309460820653,0 -80.71867531796123,-4.893052210117171,0 -80.71880601082775,-4.893701173159935,0 -80.71898602894919,-4.89459495619192,0 -80.71759995411269,-4.894780558587513,0 -80.71743884219444,-4.893756241495706,0 -80.71743884219444,-4.893756241495706,0 -80.71746771092165,-4.893739426939899,0
						</coordinates>
					</LinearRing>
				</outerBoundaryIs>
			</Polygon>
		</Placemark>
		<Placemark>
			<name>31743</name>
			<visibility>0</visibility>
			<ExtendedData>
				<SchemaData schemaUrl="#S_BLOQUE_LAS_CAPILLAS">
					<SimpleData name="AREA_HA">1.202</SimpleData>
					<SimpleData name="NOM_LOC">JIBITO</SimpleData>
					<SimpleData name="NOM_PRE">CAPILLA ALTA</SimpleData>
					<SimpleData name="NOM_BLO">LAS CAPILLAS</SimpleData>
					<SimpleData name="CODCAT">31743</SimpleData>
					<SimpleData name="USUARIO">PEDRERA ALBURQUEQUE, LEONARDO</SimpleData>
					<SimpleData name="AP_PAT_USU">PEDRERA</SimpleData>
					<SimpleData name="AP_MAT_USU">ALBURQUEQUE</SimpleData>
					<SimpleData name="NOM_USU">LEONARDO</SimpleData>
					<SimpleData name="TIPODOC">DNI</SimpleData>
					<SimpleData name="NUM_DOC">03593331</SimpleData>
					<SimpleData name="DESC_LIC">G.R.PIURA-420010-AACH-ATDRCH</SimpleData>
					<SimpleData name="PAR_AR_BR">1.202</SimpleData>
					<SimpleData name="RES_ADM">124-2006-G.R.PIURA-420010-AACH-ATDRCH</SimpleData>
					<SimpleData name="TOMA">LAS CAPILLAS</SimpleData>
				</SchemaData>
			</ExtendedData>
			<Polygon>
				<outerBoundaryIs>
					<LinearRing>
						<coordinates>
							-80.71779182354081,-4.895801993541172,0 -80.71761716270056,-4.894824803363635,0 -80.71915098578977,-4.894610584557362,0 -80.71909584468531,-4.894690985539453,0 -80.71905071292267,-4.894776456727761,0 -80.71899151105086,-4.894861831618957,0 -80.71892437421293,-4.894942227615098,0 -80.71885218736003,-4.895020631270146,0 -80.71878496734121,-4.895083929240991,0 -80.71872180436357,-4.895151209367301,0 -80.71865864174619,-4.895217584832206,0 -80.71859250445586,-4.895279797644547,0 -80.71852032416966,-4.895342098407516,0 -80.71845617024729,-4.895406392733539,0 -80.71838894806238,-4.895474756724987,0 -80.71832380075676,-4.89554203598471,0 -80.71825766086405,-4.895610400410531,0 -80.71819250729305,-4.895692787386253,0 -80.71813935770845,-4.895755096009193,0 -80.71779182354081,-4.895801993541172,0 -80.71779182354081,-4.895801993541172,0
						</coordinates>
					</LinearRing>
				</outerBoundaryIs>
			</Polygon>
		</Placemark>
		<Placemark>
			<name>31741</name>
			<visibility>0</visibility>
			<ExtendedData>
				<SchemaData schemaUrl="#S_BLOQUE_LAS_CAPILLAS">
					<SimpleData name="AREA_HA">1.3596</SimpleData>
					<SimpleData name="NOM_LOC">JIBITO</SimpleData>
					<SimpleData name="NOM_PRE">LA BOCANA - LA CAPILLA</SimpleData>
					<SimpleData name="NOM_BLO">LAS CAPILLAS</SimpleData>
					<SimpleData name="CODCAT">31741</SimpleData>
					<SimpleData name="USUARIO">JIMENEZ FLORES, ANDRES</SimpleData>
					<SimpleData name="AP_PAT_USU">JIMENEZ</SimpleData>
					<SimpleData name="AP_MAT_USU">FLORES</SimpleData>
					<SimpleData name="NOM_USU">ANDRES</SimpleData>
					<SimpleData name="TIPODOC">DNI</SimpleData>
					<SimpleData name="NUM_DOC">03573211</SimpleData>
					<SimpleData name="DESC_LIC">G.R.PIURA-420010-AACH-ATDRCH</SimpleData>
					<SimpleData name="PAR_AR_BR">1.3596</SimpleData>
					<SimpleData name="RES_ADM">124-2006-G.R.PIURA-420010-AACH-ATDRCH</SimpleData>
					<SimpleData name="TOMA">LAS CAPILLAS</SimpleData>
				</SchemaData>
			</ExtendedData>
			<Polygon>
				<outerBoundaryIs>
					<LinearRing>
						<coordinates>
							-80.71667715227066,-4.895952515668533,0 -80.71652016920784,-4.894979403629485,0 -80.71761716270056,-4.894824803363635,0 -80.71779182354081,-4.895801993541172,0 -80.71779182354081,-4.895801993541172,0 -80.71667715227066,-4.895952515668533,0
						</coordinates>
					</LinearRing>
				</outerBoundaryIs>
			</Polygon>
		</Placemark>
		<Placemark>
			<name>31735</name>
			<visibility>0</visibility>
			<ExtendedData>
				<SchemaData schemaUrl="#S_BLOQUE_LAS_CAPILLAS">
					<SimpleData name="AREA_HA">3.0147</SimpleData>
					<SimpleData name="NOM_LOC">JIBITO</SimpleData>
					<SimpleData name="NOM_PRE">CAPILLA ALTA</SimpleData>
					<SimpleData name="NOM_BLO">LAS CAPILLAS</SimpleData>
					<SimpleData name="CODCAT">31735</SimpleData>
					<SimpleData name="USUARIO">JIMENEZ AQUINO, JOSE</SimpleData>
					<SimpleData name="AP_PAT_USU">JIMENEZ</SimpleData>
					<SimpleData name="AP_MAT_USU">AQUINO</SimpleData>
					<SimpleData name="NOM_USU">JOSE</SimpleData>
					<SimpleData name="TIPODOC">DNI</SimpleData>
					<SimpleData name="NUM_DOC">03564060</SimpleData>
					<SimpleData name="DESC_LIC">G.R.PIURA-420010-AACH-ATDRCH</SimpleData>
					<SimpleData name="PAR_AR_BR">3.0147</SimpleData>
					<SimpleData name="RES_ADM">124-2006-G.R.PIURA-420010-AACH-ATDRCH</SimpleData>
					<SimpleData name="TOMA">LAS CAPILLAS</SimpleData>
				</SchemaData>
			</ExtendedData>
			<Polygon>
				<outerBoundaryIs>
					<LinearRing>
						<coordinates>
							-80.71591190774342,-4.898874410368306,0 -80.71509543641368,-4.898965347268156,0 -80.71511657911968,-4.89887588584031,0 -80.71514665560302,-4.898775391382875,0 -80.71516879000933,-4.898686925488724,0 -80.71519787309801,-4.898589415969406,0 -80.71522893662149,-4.898501044289311,0 -80.71524781251384,-4.898440168980098,0 -80.71526009539171,-4.898400550278419,0 -80.7153031563835,-4.898308022222942,0 -80.71532826921613,-4.898214581972004,0 -80.71533233672666,-4.89819350523293,0 -80.71535943256269,-4.898103051172289,0 -80.71539347287987,-4.898013595145383,0 -80.7154236352799,-4.897923142368235,0 -80.71544667574092,-4.897824635175311,0 -80.71547278194397,-4.897728119507354,0 -80.71549888644063,-4.897635674781819,0 -80.71552896155649,-4.897538165655925,0 -80.71555813095523,-4.897449702692192,0 -80.71558117179157,-4.897350200371449,0 -80.71560727497344,-4.897260831463455,0 -80.71562244648496,-4.897215243243576,0 -80.71674652817453,-4.897214356804054,0 -80.7169665914155,-4.898757065593989,0 -80.71682371802247,-4.898772927838766,0 -80.71591190774342,-4.898874410368306,0 -80.71591190774342,-4.898874410368306,0
						</coordinates>
					</LinearRing>
				</outerBoundaryIs>
			</Polygon>
		</Placemark>
		<Placemark>
			<name>31723</name>
			<visibility>0</visibility>
			<ExtendedData>
				<SchemaData schemaUrl="#S_BLOQUE_LAS_CAPILLAS">
					<SimpleData name="AREA_HA">0.3256</SimpleData>
					<SimpleData name="NOM_LOC">JIBITO</SimpleData>
					<SimpleData name="NOM_PRE">CAPILLA ALTA</SimpleData>
					<SimpleData name="NOM_BLO">LAS CAPILLAS</SimpleData>
					<SimpleData name="CODCAT">31723</SimpleData>
					<SimpleData name="USUARIO">JIMENEZ PEDRERA, FAUSTINO</SimpleData>
					<SimpleData name="AP_PAT_USU">JIMENEZ</SimpleData>
					<SimpleData name="AP_MAT_USU">PEDRERA</SimpleData>
					<SimpleData name="NOM_USU">FAUSTINO</SimpleData>
					<SimpleData name="TIPODOC">DNI</SimpleData>
					<SimpleData name="NUM_DOC">03564640</SimpleData>
					<SimpleData name="DESC_LIC">G.R.PIURA-420010-AACH-ATDRCH</SimpleData>
					<SimpleData name="PAR_AR_BR">0.3256</SimpleData>
					<SimpleData name="RES_ADM">124-2006-G.R.PIURA-420010-AACH-ATDRCH</SimpleData>
					<SimpleData name="TOMA">LAS CAPILLAS</SimpleData>
				</SchemaData>
			</ExtendedData>
			<Polygon>
				<outerBoundaryIs>
					<LinearRing>
						<coordinates>
							-80.71610625181474,-4.895029619780242,0 -80.71587015108432,-4.895835929949815,0 -80.71583338753189,-4.895751148420658,0 -80.7157773199944,-4.895672691381671,0 -80.71571421528607,-4.895599297454036,0 -80.71566617497226,-4.895520843771546,0 -80.7156221040005,-4.895440401510534,0 -80.71556098399569,-4.895366013282397,0 -80.71554295583793,-4.895340856327017,0 -80.71552396237172,-4.895251378032643,0 -80.71554402338752,-4.895159925877755,0 -80.71556715303889,-4.895063499408785,0 -80.71610625181474,-4.895029619780242,0 -80.71610625181474,-4.895029619780242,0
						</coordinates>
					</LinearRing>
				</outerBoundaryIs>
			</Polygon>
		</Placemark>
		<Placemark>
			<name>31722</name>
			<visibility>0</visibility>
			<ExtendedData>
				<SchemaData schemaUrl="#S_BLOQUE_LAS_CAPILLAS">
					<SimpleData name="AREA_HA">2.2006</SimpleData>
					<SimpleData name="NOM_LOC">JIBITO</SimpleData>
					<SimpleData name="NOM_PRE">LA BOCANA</SimpleData>
					<SimpleData name="NOM_BLO">LAS CAPILLAS</SimpleData>
					<SimpleData name="CODCAT">31722</SimpleData>
					<SimpleData name="USUARIO">JIMENEZ PEDRERA, FAUSTINO</SimpleData>
					<SimpleData name="AP_PAT_USU">JIMENEZ</SimpleData>
					<SimpleData name="AP_MAT_USU">PEDRERA</SimpleData>
					<SimpleData name="NOM_USU">FAUSTINO</SimpleData>
					<SimpleData name="TIPODOC">DNI</SimpleData>
					<SimpleData name="NUM_DOC">03564640</SimpleData>
					<SimpleData name="DESC_LIC">G.R.PIURA-420010-AACH-ATDRCH</SimpleData>
					<SimpleData name="PAR_AR_BR">2.2006</SimpleData>
					<SimpleData name="RES_ADM">124-2006-G.R.PIURA-420010-AACH-ATDRCH</SimpleData>
					<SimpleData name="TOMA">LAS CAPILLAS</SimpleData>
				</SchemaData>
			</ExtendedData>
			<Polygon>
				<outerBoundaryIs>
					<LinearRing>
						<coordinates>
							-80.71430783564428,-4.896236487803001,0 -80.71431595327006,-4.896235948430454,0 -80.71433300147379,-4.896231975133583,0 -80.71435203730158,-4.896219951249754,0 -80.71438407657052,-4.896170661082547,0 -80.7144292068903,-4.896090256316141,0 -80.71448336031378,-4.896000808801206,0 -80.71452849144228,-4.895918413787035,0 -80.71457470907956,-4.89582597756248,0 -80.71461984438456,-4.895733540878293,0 -80.71466795563735,-4.895642100562034,0 -80.71471209795845,-4.895551653691602,0 -80.71475921456323,-4.895466183667542,0 -80.71481940285611,-4.895395826864679,0 -80.71490654291409,-4.895363748267661,0 -80.71500080278611,-4.895344699674558,0 -80.71510804922799,-4.895328641882621,0 -80.71520320724709,-4.895318640182214,0 -80.71530648099144,-4.895312622354338,0 -80.71540363121873,-4.89528353325195,0 -80.71545771024309,-4.895372031149141,0 -80.71551982153208,-4.895448410041732,0 -80.71558193196772,-4.895526869634135,0 -80.71563403055295,-4.895606320143607,0 -80.71568811298707,-4.895686766601122,0 -80.71574417972337,-4.89576712342108,0 -80.71579825965824,-4.895853631054896,0 -80.71583429846196,-4.895946101845281,0 -80.71582830131791,-4.896052667630957,0 -80.71581419306543,-4.896144122287245,0 -80.71580008480836,-4.896235576942793,0 -80.71578606756928,-4.896325041395839,0 -80.71577195971783,-4.896415500930083,0 -80.71575992084378,-4.896519078820627,0 -80.71574382412999,-4.896620574304085,0 -80.71572276801798,-4.896719082347627,0 -80.71569567022277,-4.896814512031503,0 -80.71567154669032,-4.896915009025729,0 -80.7156424641704,-4.897011523459014,0 -80.71561338164145,-4.897108037890301,0 -80.71558925936631,-4.897205459054796,0 -80.715573542052,-4.897262174294362,0 -80.715573542052,-4.897262174294362,0 -80.71430783564428,-4.896236487803001,0
						</coordinates>
					</LinearRing>
				</outerBoundaryIs>
			</Polygon>
		</Placemark>
		<Placemark>
			<name>31708</name>
			<visibility>0</visibility>
			<ExtendedData>
				<SchemaData schemaUrl="#S_BLOQUE_LAS_CAPILLAS">
					<SimpleData name="AREA_HA">0.3267</SimpleData>
					<SimpleData name="NOM_LOC">JIBITO</SimpleData>
					<SimpleData name="NOM_PRE">LA BOCANA</SimpleData>
					<SimpleData name="NOM_BLO">LAS CAPILLAS</SimpleData>
					<SimpleData name="CODCAT">31708</SimpleData>
					<SimpleData name="USUARIO">CORREA OLAYA, PEDRO</SimpleData>
					<SimpleData name="AP_PAT_USU">CORREA</SimpleData>
					<SimpleData name="AP_MAT_USU">OLAYA</SimpleData>
					<SimpleData name="NOM_USU">PEDRO</SimpleData>
					<SimpleData name="TIPODOC">DNI</SimpleData>
					<SimpleData name="NUM_DOC">03594356</SimpleData>
					<SimpleData name="DESC_LIC">G.R.PIURA-420010-AACH-ATDRCH</SimpleData>
					<SimpleData name="PAR_AR_BR">0.3267</SimpleData>
					<SimpleData name="RES_ADM">124-2006-G.R.PIURA-420010-AACH-ATDRCH</SimpleData>
					<SimpleData name="TOMA">LAS CAPILLAS</SimpleData>
				</SchemaData>
			</ExtendedData>
			<Polygon>
				<outerBoundaryIs>
					<LinearRing>
						<coordinates>
							-80.71293232953636,-4.897016894867252,0 -80.71311403666387,-4.896665604074377,0 -80.71320032843462,-4.896721005423325,0 -80.71328247303572,-4.896772334063884,0 -80.71332753257809,-4.896860737840123,0 -80.71340065235428,-4.896925180138321,0 -80.71347981514113,-4.896989534517726,0 -80.71355699368802,-4.89705388805019,0 -80.71363110441979,-4.897121225637755,0 -80.71368320246052,-4.89720167140856,0 -80.71368216897442,-4.897300187823726,0 -80.71371721879824,-4.897384606870878,0 -80.71379232379785,-4.897446969264307,0 -80.71381474830059,-4.897527221566911,0 -80.71381474830059,-4.897527221566911,0 -80.71293232953636,-4.897016894867252,0
						</coordinates>
					</LinearRing>
				</outerBoundaryIs>
			</Polygon>
		</Placemark>
		<Placemark>
			<name>31731</name>
			<visibility>0</visibility>
			<ExtendedData>
				<SchemaData schemaUrl="#S_BLOQUE_LAS_CAPILLAS">
					<SimpleData name="AREA_HA">1.0496</SimpleData>
					<SimpleData name="NOM_LOC">JIBITO</SimpleData>
					<SimpleData name="NOM_PRE">LA BOCANA</SimpleData>
					<SimpleData name="NOM_BLO">LAS CAPILLAS</SimpleData>
					<SimpleData name="CODCAT">31731</SimpleData>
					<SimpleData name="USUARIO">CORREA HERRERA, GREGORIO</SimpleData>
					<SimpleData name="AP_PAT_USU">CORREA</SimpleData>
					<SimpleData name="AP_MAT_USU">HERRERA</SimpleData>
					<SimpleData name="NOM_USU">GREGORIO</SimpleData>
					<SimpleData name="TIPODOC">DNI</SimpleData>
					<SimpleData name="NUM_DOC">03583373</SimpleData>
					<SimpleData name="DESC_LIC">G.R.PIURA-420010-AACH-ATDRCH</SimpleData>
					<SimpleData name="PAR_AR_BR">1.0496</SimpleData>
					<SimpleData name="RES_ADM">124-2006-G.R.PIURA-420010-AACH-ATDRCH</SimpleData>
					<SimpleData name="TOMA">LAS CAPILLAS</SimpleData>
				</SchemaData>
			</ExtendedData>
			<Polygon>
				<outerBoundaryIs>
					<LinearRing>
						<coordinates>
							-80.71337016042811,-4.895438186992644,0 -80.71339433460051,-4.895432497887318,0 -80.7134914794413,-4.895416436088366,0 -80.71358167898416,-4.895401366461581,0 -80.71367891780706,-4.895376258131226,0 -80.71377814337851,-4.895345179906093,0 -80.71386934262026,-4.895312017574471,0 -80.71397064303532,-4.895279945075235,0 -80.71405877652599,-4.895244791184076,0 -80.71414997953215,-4.895202582270313,0 -80.71424523656026,-4.895171502300395,0 -80.71433345434687,-4.895150370549906,0 -80.71442167167426,-4.895130324372508,0 -80.71452486443127,-4.89510223306227,0 -80.71461209552564,-4.895068073835063,0 -80.71467424913088,-4.895042950591297,0 -80.71476942095229,-4.894999838604117,0 -80.71486062263808,-4.894960614947794,0 -80.71495281806337,-4.894917501681817,0 -80.71499394866913,-4.894911457780578,0 -80.71501297776031,-4.894915446255568,0 -80.71504508021141,-4.894930567472127,0 -80.71510611241935,-4.894998984986421,0 -80.71516326342581,-4.895074366705188,0 -80.7151712885409,-4.895079345674724,0 -80.71526149133572,-4.89505631485863,0 -80.71535971003378,-4.89506033656272,0 -80.71542678605921,-4.895126766346493,0 -80.71542776980881,-4.895146850088644,0 -80.71536360472234,-4.895237288612153,0 -80.71527538487241,-4.895263396098266,0 -80.71518221322648,-4.895268332578691,0 -80.71508299818269,-4.895274352092677,0 -80.71499379080389,-4.895289422341726,0 -80.71490160874721,-4.895300420383304,0 -80.71481239969859,-4.895319471086479,0 -80.71474725078595,-4.895389825802852,0 -80.71469309873636,-4.895476197521269,0 -80.71465193529198,-4.895560674925101,0 -80.71459976954819,-4.895642071870525,0 -80.71455671247702,-4.895725462884619,0 -80.71451049738137,-4.895811837925099,0 -80.71446040646163,-4.895892240610609,0 -80.71441229557826,-4.895982685788916,0 -80.71438341403302,-4.896029715652439,0 -80.71438341403302,-4.896029715652439,0 -80.71337016042811,-4.895438186992644,0
						</coordinates>
					</LinearRing>
				</outerBoundaryIs>
			</Polygon>
		</Placemark>
		<Placemark>
			<name>31729</name>
			<visibility>0</visibility>
			<ExtendedData>
				<SchemaData schemaUrl="#S_BLOQUE_LAS_CAPILLAS">
					<SimpleData name="AREA_HA">0.2414</SimpleData>
					<SimpleData name="NOM_LOC">JIBITO</SimpleData>
					<SimpleData name="NOM_PRE">LA BOCANA</SimpleData>
					<SimpleData name="NOM_BLO">LAS CAPILLAS</SimpleData>
					<SimpleData name="CODCAT">31729</SimpleData>
					<SimpleData name="USUARIO">SANDOVAL GUZMAN, TEODORO</SimpleData>
					<SimpleData name="AP_PAT_USU">SANDOVAL</SimpleData>
					<SimpleData name="AP_MAT_USU">GUZMAN</SimpleData>
					<SimpleData name="NOM_USU">TEODORO</SimpleData>
					<SimpleData name="TIPODOC">DNI</SimpleData>
					<SimpleData name="NUM_DOC">03586616</SimpleData>
					<SimpleData name="DESC_LIC">G.R.PIURA-420010-AACH-ATDRCH</SimpleData>
					<SimpleData name="PAR_AR_BR">0.2414</SimpleData>
					<SimpleData name="RES_ADM">124-2006-G.R.PIURA-420010-AACH-ATDRCH</SimpleData>
					<SimpleData name="TOMA">LAS CAPILLAS</SimpleData>
				</SchemaData>
			</ExtendedData>
			<Polygon>
				<outerBoundaryIs>
					<LinearRing>
						<coordinates>
							-80.71258147075169,-4.895747697264317,0 -80.71267465770252,-4.895706574987693,0 -80.71276081212275,-4.895659388534988,0 -80.71283902575813,-4.895621154785061,0 -80.71356544470007,-4.896044659289767,0 -80.71347920513944,-4.896079813907724,0 -80.71339900555641,-4.896122027370429,0 -80.71333486333626,-4.896157191308211,0 -80.71332141963047,-4.896168855664791,0 -80.71258147075169,-4.895747697264317,0 -80.71258147075169,-4.895747697264317,0
						</coordinates>
					</LinearRing>
				</outerBoundaryIs>
			</Polygon>
		</Placemark>
		<Placemark>
			<name>31728</name>
			<visibility>0</visibility>
			<ExtendedData>
				<SchemaData schemaUrl="#S_BLOQUE_LAS_CAPILLAS">
					<SimpleData name="AREA_HA">0.2294</SimpleData>
					<SimpleData name="NOM_LOC">JIBITO</SimpleData>
					<SimpleData name="NOM_PRE">LA BOCANA - LA CAPILLA</SimpleData>
					<SimpleData name="NOM_BLO">LAS CAPILLAS</SimpleData>
					<SimpleData name="CODCAT">31728</SimpleData>
					<SimpleData name="USUARIO">REYES REYES, JOSE RICARDO</SimpleData>
					<SimpleData name="AP_PAT_USU">REYES</SimpleData>
					<SimpleData name="AP_MAT_USU">REYES</SimpleData>
					<SimpleData name="NOM_USU">JOSE RICARDO</SimpleData>
					<SimpleData name="TIPODOC">DNI</SimpleData>
					<SimpleData name="NUM_DOC">03583237</SimpleData>
					<SimpleData name="DESC_LIC">G.R.PIURA-420010-AACH-ATDRCH</SimpleData>
					<SimpleData name="PAR_AR_BR">0.2294</SimpleData>
					<SimpleData name="RES_ADM">124-2006-G.R.PIURA-420010-AACH-ATDRCH</SimpleData>
					<SimpleData name="TOMA">LAS CAPILLAS</SimpleData>
				</SchemaData>
			</ExtendedData>
			<Polygon>
				<outerBoundaryIs>
					<LinearRing>
						<coordinates>
							-80.71235323883553,-4.895849645483404,0 -80.71237398858473,-4.895837079591616,0 -80.71246717513978,-4.895796952464934,0 -80.71249125887083,-4.895791896613098,0 -80.71257542650889,-4.895750770526801,0 -80.71258147075169,-4.895747697264317,0 -80.71332141963047,-4.896168855664791,0 -80.71331185560489,-4.896177264906014,0 -80.71322014927009,-4.896343592047094,0 -80.71235323883553,-4.895849645483404,0 -80.71235323883553,-4.895849645483404,0
						</coordinates>
					</LinearRing>
				</outerBoundaryIs>
			</Polygon>
		</Placemark>
		<Placemark>
			<name>31727</name>
			<visibility>0</visibility>
			<ExtendedData>
				<SchemaData schemaUrl="#S_BLOQUE_LAS_CAPILLAS">
					<SimpleData name="AREA_HA">0.3152</SimpleData>
					<SimpleData name="NOM_LOC">JIBITO</SimpleData>
					<SimpleData name="NOM_PRE">LA BOCANA</SimpleData>
					<SimpleData name="NOM_BLO">LAS CAPILLAS</SimpleData>
					<SimpleData name="CODCAT">31727</SimpleData>
					<SimpleData name="USUARIO">CORREA HERRERA, LEONCIO</SimpleData>
					<SimpleData name="AP_PAT_USU">CORREA</SimpleData>
					<SimpleData name="AP_MAT_USU">HERRERA</SimpleData>
					<SimpleData name="NOM_USU">LEONCIO</SimpleData>
					<SimpleData name="TIPODOC">DNI</SimpleData>
					<SimpleData name="NUM_DOC">03581471</SimpleData>
					<SimpleData name="DESC_LIC">G.R.PIURA-420010-AACH-ATDRCH</SimpleData>
					<SimpleData name="PAR_AR_BR">0.32</SimpleData>
					<SimpleData name="RES_ADM">124-2006-G.R.PIURA-420010-AACH-ATDRCH</SimpleData>
					<SimpleData name="TOMA">LAS CAPILLAS</SimpleData>
				</SchemaData>
			</ExtendedData>
			<Polygon>
				<outerBoundaryIs>
					<LinearRing>
						<coordinates>
							-80.7121162458142,-4.895980719765712,0 -80.71220555622997,-4.895935524968427,0 -80.71229071900369,-4.8958873430397,0 -80.71235323883553,-4.895849645483404,0 -80.71322014927009,-4.896343592047094,0 -80.71310091280037,-4.896560115834694,0 -80.7121162458142,-4.895980719765712,0 -80.7121162458142,-4.895980719765712,0
						</coordinates>
					</LinearRing>
				</outerBoundaryIs>
			</Polygon>
		</Placemark>
		<Placemark>
			<name>31725</name>
			<visibility>0</visibility>
			<ExtendedData>
				<SchemaData schemaUrl="#S_BLOQUE_LAS_CAPILLAS">
					<SimpleData name="AREA_HA">0.483</SimpleData>
					<SimpleData name="NOM_LOC">JIBITO</SimpleData>
					<SimpleData name="NOM_PRE">LA BOCANA - LA CAPILLA</SimpleData>
					<SimpleData name="NOM_BLO">LAS CAPILLAS</SimpleData>
					<SimpleData name="CODCAT">31725</SimpleData>
					<SimpleData name="USUARIO">SUC. CORNEJO CHUYES, RICARDO</SimpleData>
					<SimpleData name="AP_PAT_USU"></SimpleData>
					<SimpleData name="AP_MAT_USU"></SimpleData>
					<SimpleData name="NOM_USU"></SimpleData>
					<SimpleData name="TIPODOC">CODIGO PROFODUA</SimpleData>
					<SimpleData name="NUM_DOC">000000000539</SimpleData>
					<SimpleData name="DESC_LIC">G.R.PIURA-420010-AACH-ATDRCH</SimpleData>
					<SimpleData name="PAR_AR_BR">0.48</SimpleData>
					<SimpleData name="RES_ADM">124-2006-G.R.PIURA-420010-AACH-ATDRCH</SimpleData>
					<SimpleData name="TOMA">LAS CAPILLAS</SimpleData>
				</SchemaData>
			</ExtendedData>
			<Polygon>
				<outerBoundaryIs>
					<LinearRing>
						<coordinates>
							-80.7128915944849,-4.896939982007432,0 -80.71282846207639,-4.896932898964998,0 -80.71158805585877,-4.896236874287885,0 -80.7115482041566,-4.896204380250624,0 -80.71159817919553,-4.896185584703945,0 -80.71169433797397,-4.896155500616263,0 -80.71188115799698,-4.896085197934987,0 -80.7130144415697,-4.8967169462853,0 -80.7130144415697,-4.8967169462853,0 -80.7128915944849,-4.896939982007432,0
						</coordinates>
					</LinearRing>
				</outerBoundaryIs>
			</Polygon>
		</Placemark>
		<Placemark>
			<name>31718</name>
			<visibility>0</visibility>
			<ExtendedData>
				<SchemaData schemaUrl="#S_BLOQUE_LAS_CAPILLAS">
					<SimpleData name="AREA_HA">1.9685</SimpleData>
					<SimpleData name="NOM_LOC">JIBITO</SimpleData>
					<SimpleData name="NOM_PRE">S/N</SimpleData>
					<SimpleData name="NOM_BLO">LAS CAPILLAS</SimpleData>
					<SimpleData name="CODCAT">31718</SimpleData>
					<SimpleData name="USUARIO"></SimpleData>
					<SimpleData name="AP_PAT_USU"></SimpleData>
					<SimpleData name="AP_MAT_USU"></SimpleData>
					<SimpleData name="NOM_USU"></SimpleData>
					<SimpleData name="TIPODOC">SIN DATO</SimpleData>
					<SimpleData name="NUM_DOC"></SimpleData>
					<SimpleData name="DESC_LIC"></SimpleData>
					<SimpleData name="PAR_AR_BR">1.9685</SimpleData>
					<SimpleData name="RES_ADM"></SimpleData>
					<SimpleData name="TOMA">LAS CAPILLAS</SimpleData>
				</SchemaData>
			</ExtendedData>
			<Polygon>
				<outerBoundaryIs>
					<LinearRing>
						<coordinates>
							-80.71376128110572,-4.899204247062023,0 -80.71445197068307,-4.897945440581511,0 -80.71526009539171,-4.898400550278419,0 -80.71524781251384,-4.898440168980098,0 -80.71522893662149,-4.898501044289311,0 -80.71519787309801,-4.898589415969406,0 -80.71516879000933,-4.898686925488724,0 -80.71514665560302,-4.898775391382875,0 -80.71511657911968,-4.89887588584031,0 -80.71509543641368,-4.898965347268156,0 -80.71505237243551,-4.899064841141496,0 -80.71502320205725,-4.899155294310111,0 -80.71499511316325,-4.899247738171118,0 -80.71497008997802,-4.899342264024622,0 -80.71494497492696,-4.899440770316945,0 -80.71491481071935,-4.899535203538987,0 -80.71488176071794,-4.899628640424936,0 -80.71485060644125,-4.899718097627241,0 -80.71481656637037,-4.899806558493114,0 -80.71478496678412,-4.899882445688942,0 -80.71478496678412,-4.899882445688942,0 -80.71376128110572,-4.899204247062023,0
						</coordinates>
					</LinearRing>
				</outerBoundaryIs>
			</Polygon>
		</Placemark>
		<Placemark>
			<name>31719</name>
			<visibility>0</visibility>
			<ExtendedData>
				<SchemaData schemaUrl="#S_BLOQUE_LAS_CAPILLAS">
					<SimpleData name="AREA_HA">1.3436</SimpleData>
					<SimpleData name="NOM_LOC">JIBITO</SimpleData>
					<SimpleData name="NOM_PRE">LA BOCANA - LA CAPILLA</SimpleData>
					<SimpleData name="NOM_BLO">LAS CAPILLAS</SimpleData>
					<SimpleData name="CODCAT">31719</SimpleData>
					<SimpleData name="USUARIO">SUC. CORNEJO CHUYES, RICARDO</SimpleData>
					<SimpleData name="AP_PAT_USU"></SimpleData>
					<SimpleData name="AP_MAT_USU"></SimpleData>
					<SimpleData name="NOM_USU"></SimpleData>
					<SimpleData name="TIPODOC">CODIGO PROFODUA</SimpleData>
					<SimpleData name="NUM_DOC">000000000539</SimpleData>
					<SimpleData name="DESC_LIC">G.R.PIURA-420010-AACH-ATDRCH</SimpleData>
					<SimpleData name="PAR_AR_BR">1.3436</SimpleData>
					<SimpleData name="RES_ADM">124-2006-G.R.PIURA-420010-AACH-ATDRCH</SimpleData>
					<SimpleData name="TOMA">LAS CAPILLAS</SimpleData>
				</SchemaData>
			</ExtendedData>
			<Polygon>
				<outerBoundaryIs>
					<LinearRing>
						<coordinates>
							-80.71376128110572,-4.899204247062023,0 -80.71478496678412,-4.899882445688942,0 -80.71478144566755,-4.899890947957251,0 -80.71476031128157,-4.899960326045465,0 -80.71467109906763,-4.899985437873222,0 -80.71459098634844,-4.900034617325653,0 -80.71451177638977,-4.900081806908614,0 -80.71443959479372,-4.90014510228971,0 -80.71436434488734,-4.90021246731275,0 -80.71429324771344,-4.900270697069507,0 -80.71420303530769,-4.900314896613971,0 -80.71411877693804,-4.900356113298936,0 -80.71403659347307,-4.900396245263328,0 -80.71394737738221,-4.900430403529843,0 -80.71385816170068,-4.900463566664421,0 -80.71376696470897,-4.900489672646637,0 -80.71367180932732,-4.900491622675956,0 -80.71319686604672,-4.90023504278634,0 -80.71376128110572,-4.899204247062023,0 -80.71376128110572,-4.899204247062023,0
						</coordinates>
					</LinearRing>
				</outerBoundaryIs>
			</Polygon>
		</Placemark>
		<Placemark>
			<name>31712</name>
			<visibility>0</visibility>
			<ExtendedData>
				<SchemaData schemaUrl="#S_BLOQUE_LAS_CAPILLAS">
					<SimpleData name="AREA_HA">0.932</SimpleData>
					<SimpleData name="NOM_LOC">JIBITO</SimpleData>
					<SimpleData name="NOM_PRE">LA BOCANA - LA CAPILLA</SimpleData>
					<SimpleData name="NOM_BLO">LAS CAPILLAS</SimpleData>
					<SimpleData name="CODCAT">31712</SimpleData>
					<SimpleData name="USUARIO">REYES REYES, JOSE RICARDO</SimpleData>
					<SimpleData name="AP_PAT_USU">REYES</SimpleData>
					<SimpleData name="AP_MAT_USU">REYES</SimpleData>
					<SimpleData name="NOM_USU">JOSE RICARDO</SimpleData>
					<SimpleData name="TIPODOC">DNI</SimpleData>
					<SimpleData name="NUM_DOC">03583237</SimpleData>
					<SimpleData name="DESC_LIC">G.R.PIURA-420010-AACH-ATDRCH</SimpleData>
					<SimpleData name="PAR_AR_BR">0.932</SimpleData>
					<SimpleData name="RES_ADM">124-2006-G.R.PIURA-420010-AACH-ATDRCH</SimpleData>
					<SimpleData name="TOMA">LAS CAPILLAS</SimpleData>
				</SchemaData>
			</ExtendedData>
			<Polygon>
				<outerBoundaryIs>
					<LinearRing>
						<coordinates>
							-80.71153995843179,-4.900984207035957,0 -80.71144977258429,-4.900965080422504,0 -80.71135859671703,-4.900940977778284,0 -80.71126245854309,-4.900920763018837,0 -80.71116018588562,-4.90090362145353,0 -80.71106999791452,-4.900889560851446,0 -80.7109738576102,-4.900874412112783,0 -80.71087861878948,-4.900860349330065,0 -80.71078545704431,-4.900840135773996,0 -80.71069527550665,-4.900810967404077,0 -80.71133900666612,-4.899918710394,0 -80.71140508852672,-4.899990025284633,0 -80.71147929121398,-4.900053382672529,0 -80.71155440010334,-4.900106698778899,0 -80.7116295081628,-4.900162005115989,0 -80.71171571175954,-4.90021333568918,0 -80.7117757506639,-4.900284738440492,0 -80.7118458968382,-4.90034302800249,0 -80.7119170355396,-4.900400413325762,0 -80.71198718131792,-4.900459697993478,0 -80.71199286280496,-4.900461419251714,0 -80.71164394372738,-4.90100388230479,0 -80.71164394372738,-4.90100388230479,0 -80.71153995843179,-4.900984207035957,0
						</coordinates>
					</LinearRing>
				</outerBoundaryIs>
			</Polygon>
		</Placemark>
		<Placemark>
			<name>31711</name>
			<visibility>0</visibility>
			<ExtendedData>
				<SchemaData schemaUrl="#S_BLOQUE_LAS_CAPILLAS">
					<SimpleData name="AREA_HA">0.646</SimpleData>
					<SimpleData name="NOM_LOC">JIBITO</SimpleData>
					<SimpleData name="NOM_PRE">LA BOCANA - LA CAPILLA</SimpleData>
					<SimpleData name="NOM_BLO">LAS CAPILLAS</SimpleData>
					<SimpleData name="CODCAT">31711</SimpleData>
					<SimpleData name="USUARIO">REYES REYES, JOSE RICARDO</SimpleData>
					<SimpleData name="AP_PAT_USU">REYES</SimpleData>
					<SimpleData name="AP_MAT_USU">REYES</SimpleData>
					<SimpleData name="NOM_USU">JOSE RICARDO</SimpleData>
					<SimpleData name="TIPODOC">DNI</SimpleData>
					<SimpleData name="NUM_DOC">03583237</SimpleData>
					<SimpleData name="DESC_LIC">G.R.PIURA-420010-AACH-ATDRCH</SimpleData>
					<SimpleData name="PAR_AR_BR">0.646</SimpleData>
					<SimpleData name="RES_ADM">124-2006-G.R.PIURA-420010-AACH-ATDRCH</SimpleData>
					<SimpleData name="TOMA">LAS CAPILLAS</SimpleData>
				</SchemaData>
			</ExtendedData>
			<Polygon>
				<outerBoundaryIs>
					<LinearRing>
						<coordinates>
							-80.71198820315607,-4.900389406807026,0 -80.71190506610552,-4.900338077570785,0 -80.71183293780382,-4.900274721108849,0 -80.71176478313279,-4.900199334431568,0 -80.71168669824034,-4.900145021961406,0 -80.71161051298135,-4.900077592807786,0 -80.71153441023542,-4.900028347227612,0 -80.71146228372589,-4.899960919786741,0 -80.71138708933979,-4.899896566855578,0 -80.71136482296845,-4.899869417748654,0 -80.71167798970757,-4.899410167763454,0 -80.71238313037414,-4.899823442054943,0 -80.71202364249856,-4.900405615181009,0 -80.71202364249856,-4.900405615181009,0 -80.71198820315607,-4.900389406807026,0
						</coordinates>
					</LinearRing>
				</outerBoundaryIs>
			</Polygon>
		</Placemark>
		<Placemark>
			<name>31704</name>
			<visibility>0</visibility>
			<ExtendedData>
				<SchemaData schemaUrl="#S_BLOQUE_LAS_CAPILLAS">
					<SimpleData name="AREA_HA">0.4162</SimpleData>
					<SimpleData name="NOM_LOC">JIBITO</SimpleData>
					<SimpleData name="NOM_PRE">LA BOCANA - LA CAPILLA</SimpleData>
					<SimpleData name="NOM_BLO">LAS CAPILLAS</SimpleData>
					<SimpleData name="CODCAT">31704</SimpleData>
					<SimpleData name="USUARIO">SANDOVAL GUZMAN, TEODORO</SimpleData>
					<SimpleData name="AP_PAT_USU">SANDOVAL</SimpleData>
					<SimpleData name="AP_MAT_USU">GUZMAN</SimpleData>
					<SimpleData name="NOM_USU">TEODORO</SimpleData>
					<SimpleData name="TIPODOC">DNI</SimpleData>
					<SimpleData name="NUM_DOC">03586616</SimpleData>
					<SimpleData name="DESC_LIC">G.R.PIURA-420010-AACH-ATDRCH</SimpleData>
					<SimpleData name="PAR_AR_BR">0.4162</SimpleData>
					<SimpleData name="RES_ADM">124-2006-G.R.PIURA-420010-AACH-ATDRCH</SimpleData>
					<SimpleData name="TOMA">LAS CAPILLAS</SimpleData>
				</SchemaData>
			</ExtendedData>
			<Polygon>
				<outerBoundaryIs>
					<LinearRing>
						<coordinates>
							-80.71104281482803,-4.898844036083339,0 -80.71110294247232,-4.898918424282678,0 -80.71116099268571,-4.898999867893174,0 -80.71120912034408,-4.899084292628658,0 -80.7112591424647,-4.899167813514445,0 -80.71167798970757,-4.899410167763454,0 -80.71136482296845,-4.899869417748654,0 -80.71132101135973,-4.899816114959553,0 -80.7112498791337,-4.899743712324465,0 -80.711190836719,-4.899662268296083,0 -80.71113973094569,-4.899581822766406,0 -80.71109169004551,-4.899505449483348,0 -80.71104662942196,-4.899419940462744,0 -80.71100752324321,-4.899330543967038,0 -80.71097048903586,-4.899247028604372,0 -80.71093544116981,-4.899158628955751,0 -80.71089940037636,-4.899072128655369,0 -80.71089273352652,-4.899054485057546,0 -80.71104281482803,-4.898844036083339,0 -80.71104281482803,-4.898844036083339,0
						</coordinates>
					</LinearRing>
				</outerBoundaryIs>
			</Polygon>
		</Placemark>
		<Placemark>
			<name>31703</name>
			<visibility>0</visibility>
			<ExtendedData>
				<SchemaData schemaUrl="#S_BLOQUE_LAS_CAPILLAS">
					<SimpleData name="AREA_HA">0.7086</SimpleData>
					<SimpleData name="NOM_LOC">JIBITO</SimpleData>
					<SimpleData name="NOM_PRE">LA BOCANA - LA CAPILLA</SimpleData>
					<SimpleData name="NOM_BLO">LAS CAPILLAS</SimpleData>
					<SimpleData name="CODCAT">31703</SimpleData>
					<SimpleData name="USUARIO">SANDOVAL GUZMAN, TEODORO</SimpleData>
					<SimpleData name="AP_PAT_USU">SANDOVAL</SimpleData>
					<SimpleData name="AP_MAT_USU">GUZMAN</SimpleData>
					<SimpleData name="NOM_USU">TEODORO</SimpleData>
					<SimpleData name="TIPODOC">DNI</SimpleData>
					<SimpleData name="NUM_DOC">03586616</SimpleData>
					<SimpleData name="DESC_LIC">G.R.PIURA-420010-AACH-ATDRCH</SimpleData>
					<SimpleData name="PAR_AR_BR">0.7086</SimpleData>
					<SimpleData name="RES_ADM">124-2006-G.R.PIURA-420010-AACH-ATDRCH</SimpleData>
					<SimpleData name="TOMA">LAS CAPILLAS</SimpleData>
				</SchemaData>
			</ExtendedData>
			<Polygon>
				<outerBoundaryIs>
					<LinearRing>
						<coordinates>
							-80.71093050628026,-4.900373848567769,0 -80.71083331902831,-4.900488064884714,0 -80.71038298282576,-4.899847106101105,0 -80.71083621917926,-4.899179665056952,0 -80.71086423276884,-4.899266071469477,0 -80.7108992788651,-4.899358632529014,0 -80.71094433992607,-4.899443055973729,0 -80.71101448210422,-4.899510392153362,0 -80.7110655861314,-4.899594908633896,0 -80.71111164146812,-4.899674356895865,0 -80.71117573943974,-4.899744675841511,0 -80.71122783778188,-4.899824126672685,0 -80.71127885507522,-4.89990059168135,0 -80.71128669833219,-4.899909098771702,0 -80.71093050628026,-4.900373848567769,0 -80.71093050628026,-4.900373848567769,0
						</coordinates>
					</LinearRing>
				</outerBoundaryIs>
			</Polygon>
		</Placemark>
		<Placemark>
			<name>31690</name>
			<visibility>0</visibility>
			<ExtendedData>
				<SchemaData schemaUrl="#S_BLOQUE_LAS_CAPILLAS">
					<SimpleData name="AREA_HA">0.0765</SimpleData>
					<SimpleData name="NOM_LOC">JIBITO</SimpleData>
					<SimpleData name="NOM_PRE">LA BOCANA</SimpleData>
					<SimpleData name="NOM_BLO">LAS CAPILLAS</SimpleData>
					<SimpleData name="CODCAT">31690</SimpleData>
					<SimpleData name="USUARIO">SOSA TAFUR, TOMAS GREGORY</SimpleData>
					<SimpleData name="AP_PAT_USU">SOSA</SimpleData>
					<SimpleData name="AP_MAT_USU">TAFUR</SimpleData>
					<SimpleData name="NOM_USU">TOMAS GREGORY</SimpleData>
					<SimpleData name="TIPODOC">DNI</SimpleData>
					<SimpleData name="NUM_DOC">03633452</SimpleData>
					<SimpleData name="DESC_LIC">G.R.PIURA-420010-AACH-ATDRCH</SimpleData>
					<SimpleData name="PAR_AR_BR">0.0765</SimpleData>
					<SimpleData name="RES_ADM">124-2006-G.R.PIURA-420010-AACH-ATDRCH</SimpleData>
					<SimpleData name="TOMA">LAS CAPILLAS</SimpleData>
				</SchemaData>
			</ExtendedData>
			<Polygon>
				<outerBoundaryIs>
					<LinearRing>
						<coordinates>
							-80.70925370825134,-4.89869201263253,0 -80.7095225513827,-4.899171775439333,0 -80.7095153336914,-4.899176928872093,0 -80.70916375429982,-4.898975854416667,0 -80.70918886715262,-4.898884404688337,0 -80.7092189419204,-4.898789971730024,0 -80.70925370825134,-4.89869201263253,0 -80.70925370825134,-4.89869201263253,0
						</coordinates>
					</LinearRing>
				</outerBoundaryIs>
			</Polygon>
		</Placemark>
		<Placemark>
			<name>31686</name>
			<visibility>0</visibility>
			<ExtendedData>
				<SchemaData schemaUrl="#S_BLOQUE_LAS_CAPILLAS">
					<SimpleData name="AREA_HA">0.4101</SimpleData>
					<SimpleData name="NOM_LOC">JIBITO</SimpleData>
					<SimpleData name="NOM_PRE">LA BOCANA</SimpleData>
					<SimpleData name="NOM_BLO">LAS CAPILLAS</SimpleData>
					<SimpleData name="CODCAT">31686</SimpleData>
					<SimpleData name="USUARIO">SOSA TAFUR, TOMAS GREGORY</SimpleData>
					<SimpleData name="AP_PAT_USU">SOSA</SimpleData>
					<SimpleData name="AP_MAT_USU">TAFUR</SimpleData>
					<SimpleData name="NOM_USU">TOMAS GREGORY</SimpleData>
					<SimpleData name="TIPODOC">DNI</SimpleData>
					<SimpleData name="NUM_DOC">03633452</SimpleData>
					<SimpleData name="DESC_LIC">G.R.PIURA-420010-AACH-ATDRCH</SimpleData>
					<SimpleData name="PAR_AR_BR">0.4101</SimpleData>
					<SimpleData name="RES_ADM">124-2006-G.R.PIURA-420010-AACH-ATDRCH</SimpleData>
					<SimpleData name="TOMA">LAS CAPILLAS</SimpleData>
				</SchemaData>
			</ExtendedData>
			<Polygon>
				<outerBoundaryIs>
					<LinearRing>
						<coordinates>
							-80.70750613439311,-4.89781012771428,0 -80.70753171278074,-4.897895357139996,0 -80.70756321794451,-4.898041200925725,0 -80.70756044682565,-4.898193452959925,0 -80.70755211440289,-4.89827414448007,0 -80.70752043951001,-4.898313664178124,0 -80.70745575657111,-4.898346656116965,0 -80.70724344139735,-4.898345569297531,0 -80.70705215182035,-4.898320065850916,0 -80.70679854989255,-4.898268119500935,0 -80.7067447184059,-4.898235438205885,0 -80.70671435627249,-4.898158529499661,0 -80.70672964155413,-4.898059566999987,0 -80.70674463239416,-4.898016059644528,0 -80.70674463239416,-4.898016059644528,0 -80.70750613439311,-4.89781012771428,0
						</coordinates>
					</LinearRing>
				</outerBoundaryIs>
			</Polygon>
		</Placemark>
		<Placemark>
			<name>31687</name>
			<visibility>0</visibility>
			<ExtendedData>
				<SchemaData schemaUrl="#S_BLOQUE_LAS_CAPILLAS">
					<SimpleData name="AREA_HA">0.1473</SimpleData>
					<SimpleData name="NOM_LOC">JIBITO</SimpleData>
					<SimpleData name="NOM_PRE">LA BOCANA</SimpleData>
					<SimpleData name="NOM_BLO">LAS CAPILLAS</SimpleData>
					<SimpleData name="CODCAT">31687</SimpleData>
					<SimpleData name="USUARIO">SOSA TAFUR, TOMAS GREGORY</SimpleData>
					<SimpleData name="AP_PAT_USU">SOSA</SimpleData>
					<SimpleData name="AP_MAT_USU">TAFUR</SimpleData>
					<SimpleData name="NOM_USU">TOMAS GREGORY</SimpleData>
					<SimpleData name="TIPODOC">DNI</SimpleData>
					<SimpleData name="NUM_DOC">03633452</SimpleData>
					<SimpleData name="DESC_LIC">G.R.PIURA-420010-AACH-ATDRCH</SimpleData>
					<SimpleData name="PAR_AR_BR">0.1473</SimpleData>
					<SimpleData name="RES_ADM">124-2006-G.R.PIURA-420010-AACH-ATDRCH</SimpleData>
					<SimpleData name="TOMA">LAS CAPILLAS</SimpleData>
				</SchemaData>
			</ExtendedData>
			<Polygon>
				<outerBoundaryIs>
					<LinearRing>
						<coordinates>
							-80.70674247716821,-4.897994166091957,0 -80.70677518355654,-4.897863186387914,0 -80.70682616516163,-4.897811371788543,0 -80.70686307035515,-4.897774025555357,0 -80.70696771643107,-4.897723681602151,0 -80.7071075373939,-4.89767461935063,0 -80.70722289221585,-4.897680730378173,0 -80.70730343170732,-4.897688364260979,0 -80.7074268072697,-4.897709586435896,0 -80.70749361473393,-4.897769955682659,0 -80.70748882881321,-4.897783161561988,0 -80.70748882881321,-4.897783161561988,0 -80.70674247716821,-4.897994166091957,0
						</coordinates>
					</LinearRing>
				</outerBoundaryIs>
			</Polygon>
		</Placemark>
		<Placemark>
			<name>31688</name>
			<visibility>0</visibility>
			<ExtendedData>
				<SchemaData schemaUrl="#S_BLOQUE_LAS_CAPILLAS">
					<SimpleData name="AREA_HA">0.2657</SimpleData>
					<SimpleData name="NOM_LOC">JIBITO</SimpleData>
					<SimpleData name="NOM_PRE">LA BOCANA</SimpleData>
					<SimpleData name="NOM_BLO">LAS CAPILLAS</SimpleData>
					<SimpleData name="CODCAT">31688</SimpleData>
					<SimpleData name="USUARIO">SOSA TAFUR, TOMAS GREGORY</SimpleData>
					<SimpleData name="AP_PAT_USU">SOSA</SimpleData>
					<SimpleData name="AP_MAT_USU">TAFUR</SimpleData>
					<SimpleData name="NOM_USU">TOMAS GREGORY</SimpleData>
					<SimpleData name="TIPODOC">DNI</SimpleData>
					<SimpleData name="NUM_DOC">03633452</SimpleData>
					<SimpleData name="DESC_LIC">G.R.PIURA-420010-AACH-ATDRCH</SimpleData>
					<SimpleData name="PAR_AR_BR">0.2657</SimpleData>
					<SimpleData name="RES_ADM">124-2006-G.R.PIURA-420010-AACH-ATDRCH</SimpleData>
					<SimpleData name="TOMA">LAS CAPILLAS</SimpleData>
				</SchemaData>
			</ExtendedData>
			<Polygon>
				<outerBoundaryIs>
					<LinearRing>
						<coordinates>
							-80.7087304631419,-4.897500087367464,0 -80.70878461267827,-4.897632913827554,0 -80.70776111533075,-4.898011342260505,0 -80.70762900634115,-4.897743869614852,0 -80.70772118704895,-4.897736943544295,0 -80.70781435604545,-4.897738973959632,0 -80.70791258234991,-4.897725898823177,0 -80.70800576510143,-4.89769581400714,0 -80.70810300225176,-4.8976757725814,0 -80.70819618115614,-4.897654643809208,0 -80.70828341371265,-4.897618495210274,0 -80.70838263811983,-4.89759139829804,0 -80.70848185907734,-4.897572352788471,0 -80.70857107068417,-4.897548327363522,0 -80.70866028147353,-4.897526201699101,0 -80.7087304631419,-4.897500087367464,0 -80.7087304631419,-4.897500087367464,0
						</coordinates>
					</LinearRing>
				</outerBoundaryIs>
			</Polygon>
		</Placemark>
		<Placemark>
			<name>31706</name>
			<visibility>0</visibility>
			<ExtendedData>
				<SchemaData schemaUrl="#S_BLOQUE_LAS_CAPILLAS">
					<SimpleData name="AREA_HA">1.0226</SimpleData>
					<SimpleData name="NOM_LOC">JIBITO</SimpleData>
					<SimpleData name="NOM_PRE">LA BOCANA - LA CAPILLA</SimpleData>
					<SimpleData name="NOM_BLO">LAS CAPILLAS</SimpleData>
					<SimpleData name="CODCAT">31706</SimpleData>
					<SimpleData name="USUARIO">SANDOVAL GUZMAN, TEODORO</SimpleData>
					<SimpleData name="AP_PAT_USU">SANDOVAL</SimpleData>
					<SimpleData name="AP_MAT_USU">GUZMAN</SimpleData>
					<SimpleData name="NOM_USU">TEODORO</SimpleData>
					<SimpleData name="TIPODOC">DNI</SimpleData>
					<SimpleData name="NUM_DOC">03586616</SimpleData>
					<SimpleData name="DESC_LIC">G.R.PIURA-420010-AACH-ATDRCH</SimpleData>
					<SimpleData name="PAR_AR_BR">1.0226</SimpleData>
					<SimpleData name="RES_ADM">124-2006-G.R.PIURA-420010-AACH-ATDRCH</SimpleData>
					<SimpleData name="TOMA">LAS CAPILLAS</SimpleData>
				</SchemaData>
			</ExtendedData>
			<Polygon>
				<outerBoundaryIs>
					<LinearRing>
						<coordinates>
							-80.71143434670748,-4.898201898537682,0 -80.71188365324022,-4.897437656958241,0 -80.71272323998454,-4.897923631670134,0 -80.71221442038726,-4.898654285900912,0 -80.71143434670748,-4.898201898537682,0 -80.71143434670748,-4.898201898537682,0
						</coordinates>
					</LinearRing>
				</outerBoundaryIs>
			</Polygon>
		</Placemark>
		<Placemark>
			<name>31705</name>
			<visibility>0</visibility>
			<ExtendedData>
				<SchemaData schemaUrl="#S_BLOQUE_LAS_CAPILLAS">
					<SimpleData name="AREA_HA">0.8597</SimpleData>
					<SimpleData name="NOM_LOC">JIBITO</SimpleData>
					<SimpleData name="NOM_PRE">LA BOCANA - LA CAPILLA</SimpleData>
					<SimpleData name="NOM_BLO">LAS CAPILLAS</SimpleData>
					<SimpleData name="CODCAT">31705</SimpleData>
					<SimpleData name="USUARIO">SANDOVAL GUZMAN, TEODORO</SimpleData>
					<SimpleData name="AP_PAT_USU">SANDOVAL</SimpleData>
					<SimpleData name="AP_MAT_USU">GUZMAN</SimpleData>
					<SimpleData name="NOM_USU">TEODORO</SimpleData>
					<SimpleData name="TIPODOC">DNI</SimpleData>
					<SimpleData name="NUM_DOC">03586616</SimpleData>
					<SimpleData name="DESC_LIC">G.R.PIURA-420010-AACH-ATDRCH</SimpleData>
					<SimpleData name="PAR_AR_BR">0.8597</SimpleData>
					<SimpleData name="RES_ADM">124-2006-G.R.PIURA-420010-AACH-ATDRCH</SimpleData>
					<SimpleData name="TOMA">LAS CAPILLAS</SimpleData>
				</SchemaData>
			</ExtendedData>
			<Polygon>
				<outerBoundaryIs>
					<LinearRing>
						<coordinates>
							-80.71172309969083,-4.899379157322878,0 -80.71131832059419,-4.899141694227732,0 -80.71108676293964,-4.898787875806969,0 -80.71140385064005,-4.898227034935565,0 -80.71219240115146,-4.898682682689472,0 -80.71219240115146,-4.898682682689472,0 -80.71172309969083,-4.899379157322878,0
						</coordinates>
					</LinearRing>
				</outerBoundaryIs>
			</Polygon>
		</Placemark>
		<Placemark>
			<name>31710</name>
			<visibility>0</visibility>
			<ExtendedData>
				<SchemaData schemaUrl="#S_BLOQUE_LAS_CAPILLAS">
					<SimpleData name="AREA_HA">0.8103</SimpleData>
					<SimpleData name="NOM_LOC">JIBITO</SimpleData>
					<SimpleData name="NOM_PRE">LA BOCANA - LA CAPILLA</SimpleData>
					<SimpleData name="NOM_BLO">LAS CAPILLAS</SimpleData>
					<SimpleData name="CODCAT">31710</SimpleData>
					<SimpleData name="USUARIO">REYES REYES, JOSE RICARDO</SimpleData>
					<SimpleData name="AP_PAT_USU">REYES</SimpleData>
					<SimpleData name="AP_MAT_USU">REYES</SimpleData>
					<SimpleData name="NOM_USU">JOSE RICARDO</SimpleData>
					<SimpleData name="TIPODOC">DNI</SimpleData>
					<SimpleData name="NUM_DOC">03583237</SimpleData>
					<SimpleData name="DESC_LIC">G.R.PIURA-420010-AACH-ATDRCH</SimpleData>
					<SimpleData name="PAR_AR_BR">0.8103</SimpleData>
					<SimpleData name="RES_ADM">124-2006-G.R.PIURA-420010-AACH-ATDRCH</SimpleData>
					<SimpleData name="TOMA">LAS CAPILLAS</SimpleData>
				</SchemaData>
			</ExtendedData>
			<Polygon>
				<outerBoundaryIs>
					<LinearRing>
						<coordinates>
							-80.7124130012341,-4.899783830884498,0 -80.71172309969083,-4.899379157322878,0 -80.71219240115146,-4.898682682689472,0 -80.71285579245937,-4.89907051794944,0 -80.71285579245937,-4.89907051794944,0 -80.7124130012341,-4.899783830884498,0
						</coordinates>
					</LinearRing>
				</outerBoundaryIs>
			</Polygon>
		</Placemark>
		<Placemark>
			<name>31709</name>
			<visibility>0</visibility>
			<ExtendedData>
				<SchemaData schemaUrl="#S_BLOQUE_LAS_CAPILLAS">
					<SimpleData name="AREA_HA">0.8071</SimpleData>
					<SimpleData name="NOM_LOC">JIBITO</SimpleData>
					<SimpleData name="NOM_PRE">LA BOCANA - LA CAPILLA</SimpleData>
					<SimpleData name="NOM_BLO">LAS CAPILLAS</SimpleData>
					<SimpleData name="CODCAT">31709</SimpleData>
					<SimpleData name="USUARIO">REYES REYES, JOSE RICARDO</SimpleData>
					<SimpleData name="AP_PAT_USU">REYES</SimpleData>
					<SimpleData name="AP_MAT_USU">REYES</SimpleData>
					<SimpleData name="NOM_USU">JOSE RICARDO</SimpleData>
					<SimpleData name="TIPODOC">DNI</SimpleData>
					<SimpleData name="NUM_DOC">03583237</SimpleData>
					<SimpleData name="DESC_LIC">G.R.PIURA-420010-AACH-ATDRCH</SimpleData>
					<SimpleData name="PAR_AR_BR">0.8071</SimpleData>
					<SimpleData name="RES_ADM">124-2006-G.R.PIURA-420010-AACH-ATDRCH</SimpleData>
					<SimpleData name="TOMA">LAS CAPILLAS</SimpleData>
				</SchemaData>
			</ExtendedData>
			<Polygon>
				<outerBoundaryIs>
					<LinearRing>
						<coordinates>
							-80.71272323998454,-4.897923631670134,0 -80.71333198846423,-4.898276071296457,0 -80.71288295276005,-4.8990420328513,0 -80.71221442038726,-4.898654285900912,0 -80.71221442038726,-4.898654285900912,0 -80.71272323998454,-4.897923631670134,0
						</coordinates>
					</LinearRing>
				</outerBoundaryIs>
			</Polygon>
		</Placemark>
		<Placemark>
			<name>31717</name>
			<visibility>0</visibility>
			<ExtendedData>
				<SchemaData schemaUrl="#S_BLOQUE_LAS_CAPILLAS">
					<SimpleData name="AREA_HA">0.842</SimpleData>
					<SimpleData name="NOM_LOC">JIBITO</SimpleData>
					<SimpleData name="NOM_PRE">S/N</SimpleData>
					<SimpleData name="NOM_BLO">LAS CAPILLAS</SimpleData>
					<SimpleData name="CODCAT">31717</SimpleData>
					<SimpleData name="USUARIO"></SimpleData>
					<SimpleData name="AP_PAT_USU"></SimpleData>
					<SimpleData name="AP_MAT_USU"></SimpleData>
					<SimpleData name="NOM_USU"></SimpleData>
					<SimpleData name="TIPODOC">SIN DATO</SimpleData>
					<SimpleData name="NUM_DOC"></SimpleData>
					<SimpleData name="DESC_LIC"></SimpleData>
					<SimpleData name="PAR_AR_BR">0.842</SimpleData>
					<SimpleData name="RES_ADM"></SimpleData>
					<SimpleData name="TOMA">LAS CAPILLAS</SimpleData>
				</SchemaData>
			</ExtendedData>
			<Polygon>
				<outerBoundaryIs>
					<LinearRing>
						<coordinates>
							-80.71369489095719,-4.897503830875567,0 -80.71440995075737,-4.897920906746947,0 -80.71403030299371,-4.898621130035359,0 -80.71402506774098,-4.898630717161692,0 -80.71328988411385,-4.898237877078408,0 -80.71328988411385,-4.898237877078408,0 -80.71369489095719,-4.897503830875567,0
						</coordinates>
					</LinearRing>
				</outerBoundaryIs>
			</Polygon>
		</Placemark>
		<Placemark>
			<name>31724</name>
			<visibility>0</visibility>
			<ExtendedData>
				<SchemaData schemaUrl="#S_BLOQUE_LAS_CAPILLAS">
					<SimpleData name="AREA_HA">0.3116</SimpleData>
					<SimpleData name="NOM_LOC">JIBITO</SimpleData>
					<SimpleData name="NOM_PRE">CAPILLA ALTA</SimpleData>
					<SimpleData name="NOM_BLO">LAS CAPILLAS</SimpleData>
					<SimpleData name="CODCAT">31724</SimpleData>
					<SimpleData name="USUARIO">JIMENEZ PEDRERA, FAUSTINO</SimpleData>
					<SimpleData name="AP_PAT_USU">JIMENEZ</SimpleData>
					<SimpleData name="AP_MAT_USU">PEDRERA</SimpleData>
					<SimpleData name="NOM_USU">FAUSTINO</SimpleData>
					<SimpleData name="TIPODOC">DNI</SimpleData>
					<SimpleData name="NUM_DOC">03564640</SimpleData>
					<SimpleData name="DESC_LIC">G.R.PIURA-420010-AACH-ATDRCH</SimpleData>
					<SimpleData name="PAR_AR_BR">0.3116</SimpleData>
					<SimpleData name="RES_ADM">124-2006-G.R.PIURA-420010-AACH-ATDRCH</SimpleData>
					<SimpleData name="TOMA">LAS CAPILLAS</SimpleData>
				</SchemaData>
			</ExtendedData>
			<Polygon>
				<outerBoundaryIs>
					<LinearRing>
						<coordinates>
							-80.71623024898285,-4.894423281718503,0 -80.71611673439384,-4.894981134684285,0 -80.71603618975395,-4.894986257501555,0 -80.7159459953487,-4.894989205097282,0 -80.71585471941648,-4.894990252453284,0 -80.71576254287189,-4.894988133128628,0 -80.71575659053775,-4.894987135514377,0 -80.71566739534451,-4.894973075986576,0 -80.71560823198826,-4.894964999758829,0 -80.71555315455113,-4.894891609184871,0 -80.71554318500665,-4.894791097889623,0 -80.71554818461863,-4.894697558711021,0 -80.71563442597885,-4.894657428209279,0 -80.7157206640132,-4.894625258654179,0 -80.71581384773799,-4.894591101757248,0 -80.71590306461434,-4.894552962705571,0 -80.7159892103229,-4.894525859140999,0 -80.71608744566355,-4.894489714079155,0 -80.71618270755665,-4.894446511452739,0 -80.71623024898285,-4.894423281718503,0 -80.71623024898285,-4.894423281718503,0
						</coordinates>
					</LinearRing>
				</outerBoundaryIs>
			</Polygon>
		</Placemark>
		<Placemark>
			<name>31726</name>
			<visibility>0</visibility>
			<ExtendedData>
				<SchemaData schemaUrl="#S_BLOQUE_LAS_CAPILLAS">
					<SimpleData name="AREA_HA">0.29</SimpleData>
					<SimpleData name="NOM_LOC">JIBITO</SimpleData>
					<SimpleData name="NOM_PRE">LA BOCANA</SimpleData>
					<SimpleData name="NOM_BLO">LAS CAPILLAS</SimpleData>
					<SimpleData name="CODCAT">31726</SimpleData>
					<SimpleData name="USUARIO">SANDOVAL HERRERA, TOMAS</SimpleData>
					<SimpleData name="AP_PAT_USU">SANDOVAL</SimpleData>
					<SimpleData name="AP_MAT_USU">HERRERA</SimpleData>
					<SimpleData name="NOM_USU">TOMAS</SimpleData>
					<SimpleData name="TIPODOC">DNI</SimpleData>
					<SimpleData name="NUM_DOC">03599110</SimpleData>
					<SimpleData name="DESC_LIC">G.R.PIURA-420010-AACH-ATDRCH</SimpleData>
					<SimpleData name="PAR_AR_BR">0.29</SimpleData>
					<SimpleData name="RES_ADM">124-2006-G.R.PIURA-420010-AACH-ATDRCH</SimpleData>
					<SimpleData name="TOMA">LAS CAPILLAS</SimpleData>
				</SchemaData>
			</ExtendedData>
			<Polygon>
				<outerBoundaryIs>
					<LinearRing>
						<coordinates>
							-80.71188115799698,-4.896085197934987,0 -80.7119056044633,-4.896075528522996,0 -80.71197623783092,-4.896047061924397,0 -80.71210433774517,-4.895986775892832,0 -80.7121162458142,-4.895980719765712,0 -80.71310091280037,-4.896560115834694,0 -80.7130144415697,-4.8967169462853,0 -80.71188115799698,-4.896085197934987,0 -80.71188115799698,-4.896085197934987,0
						</coordinates>
					</LinearRing>
				</outerBoundaryIs>
			</Polygon>
		</Placemark>
		<Placemark>
			<name>31589</name>
			<visibility>0</visibility>
			<ExtendedData>
				<SchemaData schemaUrl="#S_BLOQUE_LAS_CAPILLAS">
					<SimpleData name="AREA_HA">1.53</SimpleData>
					<SimpleData name="NOM_LOC">JIBITO</SimpleData>
					<SimpleData name="NOM_PRE">LA CAPILLA</SimpleData>
					<SimpleData name="NOM_BLO">LAS CAPILLAS</SimpleData>
					<SimpleData name="CODCAT">31589</SimpleData>
					<SimpleData name="USUARIO">PEDRERA VERA, JOSE RAMON</SimpleData>
					<SimpleData name="AP_PAT_USU">PEDRERA</SimpleData>
					<SimpleData name="AP_MAT_USU">VERA</SimpleData>
					<SimpleData name="NOM_USU">JOSE RAMON</SimpleData>
					<SimpleData name="TIPODOC">DNI</SimpleData>
					<SimpleData name="NUM_DOC">03644521</SimpleData>
					<SimpleData name="DESC_LIC">G.R.PIURA-420010-AACH-ATDRCH</SimpleData>
					<SimpleData name="PAR_AR_BR">1.53</SimpleData>
					<SimpleData name="RES_ADM">124-2006-G.R.PIURA-420010-AACH-ATDRCH</SimpleData>
					<SimpleData name="TOMA">LAS CAPILLAS</SimpleData>
				</SchemaData>
			</ExtendedData>
			<Polygon>
				<outerBoundaryIs>
					<LinearRing>
						<coordinates>
							-80.7325258769154,-4.888719169051878,0 -80.73153898678773,-4.886661773398395,0 -80.73155317578188,-4.886588320937961,0 -80.73159892120019,-4.886542472938825,0 -80.731635455516,-4.886525932153822,0 -80.73164826422079,-4.886522318584698,0 -80.73167938413167,-4.886513103373725,0 -80.73174702824399,-4.886513130060557,0 -80.73179094462185,-4.886531511898649,0 -80.73186371171367,-4.886577406651547,0 -80.73186380215405,-4.886576773428033,0 -80.73193142684921,-4.886626375235834,0 -80.73197831054425,-4.886667826959128,0 -80.73202744327372,-4.886724025457943,0 -80.73206926427939,-4.886795962086556,0 -80.73206926427939,-4.886795962086556,0 -80.73212902826371,-4.886881385155335,0 -80.73229725512282,-4.887064915636588,0 -80.73234656556635,-4.887128080035438,0 -80.73242499420817,-4.887226808870246,0 -80.73248250902219,-4.887298027926939,0 -80.7325378683947,-4.887345815541244,0 -80.73263064929502,-4.887414786817594,0 -80.73268410623614,-4.887484104485401,0 -80.7327519842714,-4.887578215392187,0 -80.73283068773489,-4.887666359817127,0 -80.73291904098512,-4.887756588733286,0 -80.73294987079639,-4.887797491294743,0 -80.73304820863225,-4.88795638750833,0 -80.7325258769154,-4.888719169051878,0 -80.7325258769154,-4.888719169051878,0
						</coordinates>
					</LinearRing>
				</outerBoundaryIs>
			</Polygon>
		</Placemark>
		<Placemark>
			<name>31591</name>
			<visibility>0</visibility>
			<ExtendedData>
				<SchemaData schemaUrl="#S_BLOQUE_LAS_CAPILLAS">
					<SimpleData name="AREA_HA">1.25</SimpleData>
					<SimpleData name="NOM_LOC">JIBITO</SimpleData>
					<SimpleData name="NOM_PRE">S/N</SimpleData>
					<SimpleData name="NOM_BLO">LAS CAPILLAS</SimpleData>
					<SimpleData name="CODCAT">31591</SimpleData>
					<SimpleData name="USUARIO"></SimpleData>
					<SimpleData name="AP_PAT_USU"></SimpleData>
					<SimpleData name="AP_MAT_USU"></SimpleData>
					<SimpleData name="NOM_USU"></SimpleData>
					<SimpleData name="TIPODOC">SIN DATO</SimpleData>
					<SimpleData name="NUM_DOC"></SimpleData>
					<SimpleData name="DESC_LIC"></SimpleData>
					<SimpleData name="PAR_AR_BR">1.25</SimpleData>
					<SimpleData name="RES_ADM"></SimpleData>
					<SimpleData name="TOMA">LAS CAPILLAS</SimpleData>
				</SchemaData>
			</ExtendedData>
			<Polygon>
				<outerBoundaryIs>
					<LinearRing>
						<coordinates>
							-80.73394736824366,-4.889265596341595,0 -80.73427774912507,-4.889947564844084,0 -80.73360125022165,-4.890086436102596,0 -80.73357837125401,-4.89000953137441,0 -80.73353171278194,-4.889852193404558,0 -80.73352522741087,-4.889830388652254,0 -80.73351621484915,-4.889813196654609,0 -80.73350783183787,-4.889800618649272,0 -80.73348647174127,-4.889760714944112,0 -80.73347746260181,-4.889734747784209,0 -80.73321464491612,-4.889725598109271,0 -80.73300891530081,-4.88972633151085,0 -80.73286896019091,-4.8894345249702,0 -80.73348013934755,-4.888652146988139,0 -80.73348013934755,-4.888652146988139,0 -80.73394736824366,-4.889265596341595,0
						</coordinates>
					</LinearRing>
				</outerBoundaryIs>
			</Polygon>
		</Placemark>
		<Placemark>
			<name>31767</name>
			<visibility>0</visibility>
			<ExtendedData>
				<SchemaData schemaUrl="#S_BLOQUE_LAS_CAPILLAS">
					<SimpleData name="AREA_HA">0.98</SimpleData>
					<SimpleData name="NOM_LOC">JIBITO</SimpleData>
					<SimpleData name="NOM_PRE">CAPILLA BAJA</SimpleData>
					<SimpleData name="NOM_BLO">LAS CAPILLAS</SimpleData>
					<SimpleData name="CODCAT">31767</SimpleData>
					<SimpleData name="USUARIO">CORNEJO COBEÑAS, FRANCISCO</SimpleData>
					<SimpleData name="AP_PAT_USU">CORNEJO</SimpleData>
					<SimpleData name="AP_MAT_USU">COBEÑAS</SimpleData>
					<SimpleData name="NOM_USU">FRANCISCO</SimpleData>
					<SimpleData name="TIPODOC">DNI</SimpleData>
					<SimpleData name="NUM_DOC">03581586</SimpleData>
					<SimpleData name="DESC_LIC">G.R.PIURA-420010-AACH-ATDRCH</SimpleData>
					<SimpleData name="PAR_AR_BR">0.98</SimpleData>
					<SimpleData name="RES_ADM">124-2006-G.R.PIURA-420010-AACH-ATDRCH</SimpleData>
					<SimpleData name="TOMA">LAS CAPILLAS</SimpleData>
				</SchemaData>
			</ExtendedData>
			<Polygon>
				<outerBoundaryIs>
					<LinearRing>
						<coordinates>
							-80.72099169119365,-4.899136337143155,0 -80.72014373293001,-4.89924997409974,0 -80.72002876326074,-4.898304381490625,0 -80.72084244349726,-4.898198691459679,0 -80.72084244349726,-4.898198691459679,0 -80.72099169119365,-4.899136337143155,0
						</coordinates>
					</LinearRing>
				</outerBoundaryIs>
			</Polygon>
		</Placemark>
		<Placemark>
			<name>31756</name>
			<visibility>0</visibility>
			<ExtendedData>
				<SchemaData schemaUrl="#S_BLOQUE_LAS_CAPILLAS">
					<SimpleData name="AREA_HA">1.74</SimpleData>
					<SimpleData name="NOM_LOC">JIBITO</SimpleData>
					<SimpleData name="NOM_PRE">CAPILLA ALTA</SimpleData>
					<SimpleData name="NOM_BLO">LAS CAPILLAS</SimpleData>
					<SimpleData name="CODCAT">31756</SimpleData>
					<SimpleData name="USUARIO">COLOMA MAURICIO, SANTOS BERNARDO</SimpleData>
					<SimpleData name="AP_PAT_USU">COLOMA</SimpleData>
					<SimpleData name="AP_MAT_USU">MAURICIO</SimpleData>
					<SimpleData name="NOM_USU">SANTOS BERNARDO</SimpleData>
					<SimpleData name="TIPODOC">DNI</SimpleData>
					<SimpleData name="NUM_DOC">03595759</SimpleData>
					<SimpleData name="DESC_LIC">G.R.PIURA-420010-AACH-ATDRCH</SimpleData>
					<SimpleData name="PAR_AR_BR">1.74</SimpleData>
					<SimpleData name="RES_ADM">124-2006-G.R.PIURA-420010-AACH-ATDRCH</SimpleData>
					<SimpleData name="TOMA">LAS CAPILLAS</SimpleData>
				</SchemaData>
			</ExtendedData>
			<Polygon>
				<outerBoundaryIs>
					<LinearRing>
						<coordinates>
							-80.71928661022164,-4.898400782194385,0 -80.72002876326074,-4.898304381490625,0 -80.72014373293001,-4.89924997409974,0 -80.72026196192749,-4.900166076282552,0 -80.72017789706379,-4.900176173711506,0 -80.71950564877829,-4.900256681473283,0 -80.71928661022164,-4.898400782194385,0 -80.71928661022164,-4.898400782194385,0
						</coordinates>
					</LinearRing>
				</outerBoundaryIs>
			</Polygon>
		</Placemark>
		<Placemark>
			<name>31755</name>
			<visibility>0</visibility>
			<ExtendedData>
				<SchemaData schemaUrl="#S_BLOQUE_LAS_CAPILLAS">
					<SimpleData name="AREA_HA">0.44</SimpleData>
					<SimpleData name="NOM_LOC">JIBITO</SimpleData>
					<SimpleData name="NOM_PRE">CAPILLA ALTA</SimpleData>
					<SimpleData name="NOM_BLO">LAS CAPILLAS</SimpleData>
					<SimpleData name="CODCAT">31755</SimpleData>
					<SimpleData name="USUARIO">COLOMA MAURICIO, SANTOS BERNARDO</SimpleData>
					<SimpleData name="AP_PAT_USU">COLOMA</SimpleData>
					<SimpleData name="AP_MAT_USU">MAURICIO</SimpleData>
					<SimpleData name="NOM_USU">SANTOS BERNARDO</SimpleData>
					<SimpleData name="TIPODOC">DNI</SimpleData>
					<SimpleData name="NUM_DOC">03595759</SimpleData>
					<SimpleData name="DESC_LIC">G.R.PIURA-420010-AACH-ATDRCH</SimpleData>
					<SimpleData name="PAR_AR_BR">0.44</SimpleData>
					<SimpleData name="RES_ADM">124-2006-G.R.PIURA-420010-AACH-ATDRCH</SimpleData>
					<SimpleData name="TOMA">LAS CAPILLAS</SimpleData>
				</SchemaData>
			</ExtendedData>
			<Polygon>
				<outerBoundaryIs>
					<LinearRing>
						<coordinates>
							-80.71950951349386,-4.900289793433357,0 -80.72018491681663,-4.900213629314944,0 -80.7202668168088,-4.900204073784638,0 -80.72032678580031,-4.900668095938958,0 -80.72022341880991,-4.900679542385669,0 -80.7195590198729,-4.900752816174824,0 -80.7195590198729,-4.900752816174824,0 -80.71950951349386,-4.900289793433357,0
						</coordinates>
					</LinearRing>
				</outerBoundaryIs>
			</Polygon>
		</Placemark>
		<Placemark>
			<name>31754</name>
			<visibility>0</visibility>
			<ExtendedData>
				<SchemaData schemaUrl="#S_BLOQUE_LAS_CAPILLAS">
					<SimpleData name="AREA_HA">0.59</SimpleData>
					<SimpleData name="NOM_LOC">JIBITO</SimpleData>
					<SimpleData name="NOM_PRE">LA BOCANA - LA CAPILLA</SimpleData>
					<SimpleData name="NOM_BLO">LAS CAPILLAS</SimpleData>
					<SimpleData name="CODCAT">31754</SimpleData>
					<SimpleData name="USUARIO">YAKSETIG GUZMAN DE BEL, NEDDA GIGLIORA</SimpleData>
					<SimpleData name="AP_PAT_USU">YAKSETIG</SimpleData>
					<SimpleData name="AP_MAT_USU">GUZMAN DE BEL</SimpleData>
					<SimpleData name="NOM_USU">NEDDA GIGLIORA</SimpleData>
					<SimpleData name="TIPODOC">DNI</SimpleData>
					<SimpleData name="NUM_DOC">03640934</SimpleData>
					<SimpleData name="DESC_LIC">G.R.PIURA-420010-AACH-ATDRCH</SimpleData>
					<SimpleData name="PAR_AR_BR">0.59</SimpleData>
					<SimpleData name="RES_ADM">124-2006-G.R.PIURA-420010-AACH-ATDRCH</SimpleData>
					<SimpleData name="TOMA">LAS CAPILLAS</SimpleData>
				</SchemaData>
			</ExtendedData>
			<Polygon>
				<outerBoundaryIs>
					<LinearRing>
						<coordinates>
							-80.71956116342679,-4.900804110980548,0 -80.72023440164607,-4.900730298048782,0 -80.72033343911122,-4.900719392606911,0 -80.72041354729727,-4.901340290188781,0 -80.72033256113303,-4.90132053529408,0 -80.72031127667458,-4.901317269751663,0 -80.72024327459748,-4.901306928614638,0 -80.72014857085267,-4.90130688950628,0 -80.7200583708663,-4.901321326720085,0 -80.71995914218064,-4.901358376556484,0 -80.7198680320648,-4.901392715770216,0 -80.71978323254891,-4.901434294818101,0 -80.71970113921684,-4.901474970319548,0 -80.71963961786224,-4.901496837506949,0 -80.71956116342679,-4.900804110980548,0 -80.71956116342679,-4.900804110980548,0
						</coordinates>
					</LinearRing>
				</outerBoundaryIs>
			</Polygon>
		</Placemark>
		<Placemark>
			<name>31720</name>
			<visibility>0</visibility>
			<ExtendedData>
				<SchemaData schemaUrl="#S_BLOQUE_LAS_CAPILLAS">
					<SimpleData name="AREA_HA">1.53</SimpleData>
					<SimpleData name="NOM_LOC">JIBITO</SimpleData>
					<SimpleData name="NOM_PRE">LA BOCANA - LA CAPILLA</SimpleData>
					<SimpleData name="NOM_BLO">LAS CAPILLAS</SimpleData>
					<SimpleData name="CODCAT">31720</SimpleData>
					<SimpleData name="USUARIO">SUC. CORNEJO CHUYES, RICARDO</SimpleData>
					<SimpleData name="AP_PAT_USU"></SimpleData>
					<SimpleData name="AP_MAT_USU"></SimpleData>
					<SimpleData name="NOM_USU"></SimpleData>
					<SimpleData name="TIPODOC">CODIGO PROFODUA</SimpleData>
					<SimpleData name="NUM_DOC">000000000539</SimpleData>
					<SimpleData name="DESC_LIC">G.R.PIURA-420010-AACH-ATDRCH</SimpleData>
					<SimpleData name="PAR_AR_BR">1.53</SimpleData>
					<SimpleData name="RES_ADM">124-2006-G.R.PIURA-420010-AACH-ATDRCH</SimpleData>
					<SimpleData name="TOMA">LAS CAPILLAS</SimpleData>
				</SchemaData>
			</ExtendedData>
			<Polygon>
				<outerBoundaryIs>
					<LinearRing>
						<coordinates>
							-80.71254510618346,-4.901135530649277,0 -80.71288127608383,-4.900667152859144,0 -80.71292213094786,-4.900674226476076,0 -80.71295073845593,-4.900636152659617,0 -80.71300668979544,-4.900562266122329,0 -80.71310497586677,-4.900408064220361,0 -80.71317763423833,-4.900283795504123,0 -80.71325454797464,-4.900335212418949,0 -80.71336554777535,-4.900403832177265,0 -80.71344237492197,-4.900446745286011,0 -80.71351495939187,-4.900498160341704,0 -80.71360658816479,-4.900517739613727,0 -80.71369884723691,-4.900539852171553,0 -80.71379201539678,-4.900544957602071,0 -80.71387825594708,-4.900508807861829,0 -80.71397143932948,-4.900477636639346,0 -80.71406164922828,-4.900439498310791,0 -80.71414284606625,-4.900386248440838,0 -80.71422304654897,-4.90034303980207,0 -80.71430820851832,-4.900297843005806,0 -80.71438742188995,-4.900242602028073,0 -80.71446357119709,-4.900181298565207,0 -80.71453574983997,-4.900125059483795,0 -80.71461595193459,-4.900077870316101,0 -80.71470417032664,-4.900056829022415,0 -80.71473420699277,-4.90005177560497,0 -80.71469015412134,-4.900143217605082,0 -80.71466504194701,-4.900234667578197,0 -80.71464290362529,-4.900332179985904,0 -80.71461787950881,-4.900428696056959,0 -80.71459474778938,-4.900529193402406,0 -80.71457964585821,-4.900623632945691,0 -80.71456057156297,-4.900727207822506,0 -80.71453852468814,-4.900821644437574,0 -80.7145344566776,-4.900843806752677,0 -80.71450240205581,-4.900929192606006,0 -80.71447025340328,-4.901023715425376,0 -80.71446022421061,-4.901065868085858,0 -80.71445615615772,-4.901088120865458,0 -80.71436398512688,-4.901070893576582,0 -80.71426080323128,-4.901070850061191,0 -80.71416357288611,-4.901073794400124,0 -80.71405335502772,-4.901075738123066,0 -80.71394313671405,-4.901078767412626,0 -80.71385294191595,-4.901080719557632,0 -80.71376175414849,-4.901084661510035,0 -80.71366254037247,-4.901085614698523,0 -80.71355926319171,-4.901097693400383,0 -80.71346806865186,-4.901117738153779,0 -80.71337787933008,-4.901106663216732,0 -80.71327965471828,-4.901114673069113,0 -80.71318945611115,-4.901125671664008,0 -80.71308221674654,-4.901122640889577,0 -80.71297903401644,-4.901124587414618,0 -80.71287575770029,-4.901134585305693,0 -80.71277257580849,-4.901134541560046,0 -80.71268039716125,-4.901135497585445,0 -80.71258821725534,-4.901139438956115,0 -80.71254510618346,-4.901135530649277,0 -80.71254510618346,-4.901135530649277,0
						</coordinates>
					</LinearRing>
				</outerBoundaryIs>
			</Polygon>
		</Placemark>
		<Placemark>
			<name>31689</name>
			<visibility>0</visibility>
			<ExtendedData>
				<SchemaData schemaUrl="#S_BLOQUE_LAS_CAPILLAS">
					<SimpleData name="AREA_HA">1.96</SimpleData>
					<SimpleData name="NOM_LOC">JIBITO</SimpleData>
					<SimpleData name="NOM_PRE">LA BOCANA</SimpleData>
					<SimpleData name="NOM_BLO">LAS CAPILLAS</SimpleData>
					<SimpleData name="CODCAT">31689</SimpleData>
					<SimpleData name="USUARIO">SOSA TAFUR, TOMAS GREGORY</SimpleData>
					<SimpleData name="AP_PAT_USU">SOSA</SimpleData>
					<SimpleData name="AP_MAT_USU">TAFUR</SimpleData>
					<SimpleData name="NOM_USU">TOMAS GREGORY</SimpleData>
					<SimpleData name="TIPODOC">DNI</SimpleData>
					<SimpleData name="NUM_DOC">03633452</SimpleData>
					<SimpleData name="DESC_LIC">G.R.PIURA-420010-AACH-ATDRCH</SimpleData>
					<SimpleData name="PAR_AR_BR">1.96</SimpleData>
					<SimpleData name="RES_ADM">124-2006-G.R.PIURA-420010-AACH-ATDRCH</SimpleData>
					<SimpleData name="TOMA">LAS CAPILLAS</SimpleData>
				</SchemaData>
			</ExtendedData>
			<Polygon>
				<outerBoundaryIs>
					<LinearRing>
						<coordinates>
							-80.70842587547398,-4.899618927065939,0 -80.70842590388239,-4.899552525488982,0 -80.70842296963757,-4.899454007426593,0 -80.70840893982759,-4.899359555530509,0 -80.7083719102079,-4.899266088853212,0 -80.70833984171382,-4.899171538725405,0 -80.70830281296448,-4.899076081806955,0 -80.70827083468139,-4.898981531715259,0 -80.70825581191713,-4.898889069627352,0 -80.70821580595205,-4.898795601661325,0 -80.7081807580892,-4.898708106543895,0 -80.70812965190294,-4.898629651045836,0 -80.70805355521087,-4.898567287614817,0 -80.70797240292625,-4.898516049238674,0 -80.70789522006272,-4.898462731860862,0 -80.70780911107433,-4.89840235432615,0 -80.70774095748239,-4.898325972154003,0 -80.70769391008473,-4.898247518377168,0 -80.70767392936636,-4.898148992960783,0 -80.70771698615674,-4.898068587812643,0 -80.70780322449033,-4.898037504913928,0 -80.70789442349789,-4.898006333676596,0 -80.70798760369345,-4.897982310045133,0 -80.7080728546416,-4.8979400994427,0 -80.70816206503136,-4.897919059433464,0 -80.70825227273217,-4.897885897479942,0 -80.70834247910889,-4.897855811336164,0 -80.70843466977351,-4.897825635568061,0 -80.70852884723962,-4.897789489925762,0 -80.70861706806073,-4.89776238824718,0 -80.70871233080723,-4.89771927720966,0 -80.70880154632985,-4.8976861147522,0 -80.70922902503206,-4.898622072294789,0 -80.70920490301413,-4.898716598274692,0 -80.70917383824128,-4.898806055211371,0 -80.70914574984945,-4.898895513423549,0 -80.70909042092293,-4.898989754603949,0 -80.70850901357946,-4.899666909496167,0 -80.70854894866517,-4.899715416122943,0 -80.70846237099876,-4.899695928811818,0 -80.70842587547398,-4.899618927065939,0
						</coordinates>
					</LinearRing>
				</outerBoundaryIs>
			</Polygon>
		</Placemark>
		<Placemark>
			<name>31691</name>
			<visibility>0</visibility>
			<ExtendedData>
				<SchemaData schemaUrl="#S_BLOQUE_LAS_CAPILLAS">
					<SimpleData name="AREA_HA">0.28</SimpleData>
					<SimpleData name="NOM_LOC">JIBITO</SimpleData>
					<SimpleData name="NOM_PRE">LA BOCANA</SimpleData>
					<SimpleData name="NOM_BLO">LAS CAPILLAS</SimpleData>
					<SimpleData name="CODCAT">31691</SimpleData>
					<SimpleData name="USUARIO">SOSA TAFUR, TOMAS GREGORY</SimpleData>
					<SimpleData name="AP_PAT_USU">SOSA</SimpleData>
					<SimpleData name="AP_MAT_USU">TAFUR</SimpleData>
					<SimpleData name="NOM_USU">TOMAS GREGORY</SimpleData>
					<SimpleData name="TIPODOC">DNI</SimpleData>
					<SimpleData name="NUM_DOC">03633452</SimpleData>
					<SimpleData name="DESC_LIC">G.R.PIURA-420010-AACH-ATDRCH</SimpleData>
					<SimpleData name="PAR_AR_BR">0.28</SimpleData>
					<SimpleData name="RES_ADM">124-2006-G.R.PIURA-420010-AACH-ATDRCH</SimpleData>
					<SimpleData name="TOMA">LAS CAPILLAS</SimpleData>
				</SchemaData>
			</ExtendedData>
			<Polygon>
				<outerBoundaryIs>
					<LinearRing>
						<coordinates>
							-80.70946751693216,-4.89921001870197,0 -80.70854894866517,-4.899715416122943,0 -80.70850901357946,-4.899666909496167,0 -80.70909042092293,-4.898989754603949,0 -80.70909042092293,-4.898989754603949,0 -80.70946751693216,-4.89921001870197,0
						</coordinates>
					</LinearRing>
				</outerBoundaryIs>
			</Polygon>
		</Placemark>
		<Placemark>
			<name>31736</name>
			<visibility>0</visibility>
			<ExtendedData>
				<SchemaData schemaUrl="#S_BLOQUE_LAS_CAPILLAS">
					<SimpleData name="AREA_HA">2.35</SimpleData>
					<SimpleData name="NOM_LOC">JIBITO</SimpleData>
					<SimpleData name="NOM_PRE">LA CAPILLA</SimpleData>
					<SimpleData name="NOM_BLO">LAS CAPILLAS</SimpleData>
					<SimpleData name="CODCAT">31736</SimpleData>
					<SimpleData name="USUARIO">SALCEDO SIANCAS, ERNESTO</SimpleData>
					<SimpleData name="AP_PAT_USU">SALCEDO</SimpleData>
					<SimpleData name="AP_MAT_USU">SIANCAS</SimpleData>
					<SimpleData name="NOM_USU">ERNESTO</SimpleData>
					<SimpleData name="TIPODOC">DNI</SimpleData>
					<SimpleData name="NUM_DOC">03564783</SimpleData>
					<SimpleData name="DESC_LIC">G.R.PIURA-420010-AACH-ATDRCH</SimpleData>
					<SimpleData name="PAR_AR_BR">2.35</SimpleData>
					<SimpleData name="RES_ADM">124-2006-G.R.PIURA-420010-AACH-ATDRCH</SimpleData>
					<SimpleData name="TOMA">LAS CAPILLAS</SimpleData>
				</SchemaData>
			</ExtendedData>
			<Polygon>
				<outerBoundaryIs>
					<LinearRing>
						<coordinates>
							-80.71695307887467,-4.899151851173375,0 -80.71695058832638,-4.899285105739417,0 -80.71694941006176,-4.899298946460966,0 -80.7169480543389,-4.899305730803414,0 -80.71694525423908,-4.899315590367879,0 -80.71693884447373,-4.899330062162582,0 -80.71692972900816,-4.899344261430803,0 -80.71692422425956,-4.899351315436542,0 -80.71691872018691,-4.899356741064489,0 -80.71691475042221,-4.899359724766135,0 -80.71690581936228,-4.899364244308035,0 -80.71689165732731,-4.899368128406538,0 -80.71688209645102,-4.89936893860161,0 -80.71686514051309,-4.899367755467359,0 -80.7168612627451,-4.899366396865588,0 -80.7168541398803,-4.899360513635704,0 -80.71683403790661,-4.899333456068257,0 -80.71682646437421,-4.899326848926224,0 -80.7168223162507,-4.899324947418613,0 -80.7168154617511,-4.899324401761874,0 -80.71673491384639,-4.899336128608987,0 -80.71671984615264,-4.899348968404533,0 -80.71664162267825,-4.899410271276052,0 -80.71657746607065,-4.899479631445161,0 -80.7165062714386,-4.899555954502355,0 -80.71645817223194,-4.899618265070521,0 -80.71639599736511,-4.89969359676798,0 -80.71632281586606,-4.899776070621186,0 -80.71625964966557,-4.899849411649178,0 -80.71619440816468,-4.899924742040762,0 -80.71613025232776,-4.899992021455581,0 -80.71606113159638,-4.900069430912167,0 -80.71598588019225,-4.900140776606459,0 -80.71591469002199,-4.900206062809563,0 -80.71584349731133,-4.900277410187448,0 -80.7157713136977,-4.900345771781614,0 -80.71569913554059,-4.900401015881069,0 -80.71562001285726,-4.900455261937415,0 -80.7155247479832,-4.900503440022018,0 -80.7154365240747,-4.900537598907278,0 -80.71534839624547,-4.900557645213233,0 -80.71525116007432,-4.90057470231994,0 -80.71516194359562,-4.90060985587011,0 -80.71507975300601,-4.900667085927603,0 -80.71501253122744,-4.900732373694217,0 -80.71494936309286,-4.900809785526301,0 -80.71488123556333,-4.900884119439546,0 -80.71481104025823,-4.900942440093692,0 -80.71473183020284,-4.900989629696118,0 -80.71464666691845,-4.901037811900444,0 -80.71456349251223,-4.901074958149341,0 -80.71446318503311,-4.901103050623248,0 -80.71445624134826,-4.901100062337369,0 -80.71445615615772,-4.901088120865458,0 -80.71446022421061,-4.901065868085858,0 -80.71447025340328,-4.901023715425376,0 -80.71450240205581,-4.900929192606006,0 -80.7145344566776,-4.900843806752677,0 -80.71453852468814,-4.900821644437574,0 -80.71456057156297,-4.900727207822506,0 -80.71457964585821,-4.900623632945691,0 -80.71459474778938,-4.900529193402406,0 -80.71461787950881,-4.900428696056959,0 -80.71464290362529,-4.900332179985904,0 -80.71466504194701,-4.900234667578197,0 -80.71469015412134,-4.900143217605082,0 -80.71473420699277,-4.90005177560497,0 -80.71476031128157,-4.899960326045465,0 -80.71478144566755,-4.899890947957251,0 -80.71478496678412,-4.899882445688942,0 -80.71590403995823,-4.89979046011954,0 -80.71591190774342,-4.898874410368306,0 -80.71682371802247,-4.898772927838766,0 -80.71685554256682,-4.898806232419,0 -80.7168673500134,-4.898825325561087,0 -80.71690537749542,-4.898907845934721,0 -80.71693041130902,-4.899004292559168,0 -80.71693948245525,-4.899096842502098,0 -80.71695307887467,-4.899151851173375,0
						</coordinates>
					</LinearRing>
				</outerBoundaryIs>
			</Polygon>
		</Placemark>
	</Folder>
</Document>
</kml>
